Date,mes,semestre,quadrimestre,covid,trump,guerra_ucrania,MSCI CHINA
2016-01-04,1,1,1,0,0,0,36.29214859008789
2016-01-05,1,1,1,0,0,0,36.25845336914063
2016-01-06,1,1,1,0,0,0,35.65176010131836
2016-01-07,1,1,1,0,0,0,34.194000244140625
2016-01-08,1,1,1,0,0,0,33.688419342041016
2016-01-11,1,1,1,0,0,0,33.54518508911133
2016-01-12,1,1,1,0,0,0,33.63785552978516
2016-01-13,1,1,1,0,0,0,32.91321563720703
2016-01-14,1,1,1,0,0,0,33.34293746948242
2016-01-15,1,1,1,0,0,0,31.85147476196289
2016-01-19,1,1,1,0,0,0,32.576148986816406
2016-01-20,1,1,1,0,0,0,31.632404327392575
2016-01-21,1,1,1,0,0,0,31.784076690673828
2016-01-22,1,1,1,0,0,0,32.82051086425781
2016-01-25,1,1,1,0,0,0,32.14640426635742
2016-01-26,1,1,1,0,0,0,32.3654899597168
2016-01-27,1,1,1,0,0,0,31.86833000183105
2016-01-28,1,1,1,0,0,0,32.16324996948242
2016-01-29,1,1,1,0,0,0,33.09857177734375
2016-02-01,2,1,1,0,0,0,32.55087661743164
2016-02-02,2,1,1,0,0,0,31.657678604125977
2016-02-03,2,1,1,0,0,0,32.11270523071289
2016-02-04,2,1,1,0,0,0,31.800920486450195
2016-02-05,2,1,1,0,0,0,31.489145278930664
2016-02-08,2,1,1,0,0,0,30.82346534729004
2016-02-09,2,1,1,0,0,0,30.37687873840332
2016-02-10,2,1,1,0,0,0,30.62123680114746
2016-02-11,2,1,1,0,0,0,30.08194923400879
2016-02-12,2,1,1,0,0,0,30.806617736816406
2016-02-16,2,1,1,0,0,0,32.0452880859375
2016-02-17,2,1,1,0,0,0,32.576148986816406
2016-02-18,2,1,1,0,0,0,32.272796630859375
2016-02-19,2,1,1,0,0,0,32.47502899169922
2016-02-22,2,1,1,0,0,0,33.32608413696289
2016-02-23,2,1,1,0,0,0,32.43289566040039
2016-02-24,2,1,1,0,0,0,32.483455657958984
2016-02-25,2,1,1,0,0,0,32.3486328125
2016-02-26,2,1,1,0,0,0,32.3823356628418
2016-02-29,2,1,1,0,0,0,32.31492233276367
2016-03-01,3,1,1,0,0,0,33.43563461303711
2016-03-02,3,1,1,0,0,0,33.99176788330078
2016-03-03,3,1,1,0,0,0,33.974910736083984
2016-03-04,3,1,1,0,0,0,34.89338302612305
2016-03-07,3,1,1,0,0,0,34.54790496826172
2016-03-08,3,1,1,0,0,0,33.77268600463867
2016-03-09,3,1,1,0,0,0,33.89907455444336
2016-03-10,3,1,1,0,0,0,33.62943649291992
2016-03-11,3,1,1,0,0,0,34.80911636352539
2016-03-14,3,1,1,0,0,0,34.82597351074219
2016-03-15,3,1,1,0,0,0,34.58160781860352
2016-03-16,3,1,1,0,0,0,34.96080017089844
2016-03-17,3,1,1,0,0,0,35.18830490112305
2016-03-18,3,1,1,0,0,0,35.516937255859375
2016-03-21,3,1,1,0,0,0,35.71073913574219
2016-03-22,3,1,1,0,0,0,35.45795440673828
2016-03-23,3,1,1,0,0,0,34.918663024902344
2016-03-24,3,1,1,0,0,0,34.750144958496094
2016-03-28,3,1,1,0,0,0,35.011348724365234
2016-03-29,3,1,1,0,0,0,35.44109344482422
2016-03-30,3,1,1,0,0,0,35.87083435058594
2016-03-31,3,1,1,0,0,0,35.82027053833008
2016-04-01,4,1,2,0,0,0,35.693885803222656
2016-04-04,4,1,2,0,0,0,35.28099060058594
2016-04-05,4,1,2,0,0,0,34.54790496826172
2016-04-06,4,1,2,0,0,0,35.306270599365234
2016-04-07,4,1,2,0,0,0,34.708003997802734
2016-04-08,4,1,2,0,0,0,35.02820587158203
2016-04-11,4,1,2,0,0,0,35.415802001953125
2016-04-12,4,1,2,0,0,0,35.912967681884766
2016-04-13,4,1,2,0,0,0,37.16006851196289
2016-04-14,4,1,2,0,0,0,37.101070404052734
2016-04-15,4,1,2,0,0,0,36.62920379638672
2016-04-18,4,1,2,0,0,0,36.89884185791016
2016-04-19,4,1,2,0,0,0,37.27802658081055
2016-04-20,4,1,2,0,0,0,36.90726852416992
2016-04-21,4,1,2,0,0,0,36.62920379638672
2016-04-22,4,1,2,0,0,0,36.4691047668457
2016-04-25,4,1,2,0,0,0,36.17417526245117
2016-04-26,4,1,2,0,0,0,36.2500228881836
2016-04-27,4,1,2,0,0,0,36.39325714111328
2016-04-28,4,1,2,0,0,0,36.06463241577149
2016-04-29,4,1,2,0,0,0,35.61804962158203
2016-05-02,5,1,2,0,0,0,35.47480010986328
2016-05-03,5,1,2,0,0,0,34.64901351928711
2016-05-04,5,1,2,0,0,0,34.278263092041016
2016-05-05,5,1,2,0,0,0,34.38780975341797
2016-05-06,5,1,2,0,0,0,34.24454498291016
2016-05-09,5,1,2,0,0,0,33.69684600830078
2016-05-10,5,1,2,0,0,0,34.278263092041016
2016-05-11,5,1,2,0,0,0,33.87380599975586
2016-05-12,5,1,2,0,0,0,33.71369171142578
2016-05-13,5,1,2,0,0,0,33.19126510620117
2016-05-16,5,1,2,0,0,0,34.01704406738281
2016-05-17,5,1,2,0,0,0,33.890655517578125
2016-05-18,5,1,2,0,0,0,33.595726013183594
2016-05-19,5,1,2,0,0,0,33.30081558227539
2016-05-20,5,1,2,0,0,0,33.70527267456055
2016-05-23,5,1,2,0,0,0,33.66313934326172
2016-05-24,5,1,2,0,0,0,34.29512405395508
2016-05-25,5,1,2,0,0,0,34.632164001464844
2016-05-26,5,1,2,0,0,0,34.64901351928711
2016-05-27,5,1,2,0,0,0,34.97763442993164
2016-05-31,5,1,2,0,0,0,35.601192474365234
2016-06-01,6,1,2,0,0,0,35.20515060424805
2016-06-02,6,1,2,0,0,0,35.508506774902344
2016-06-03,6,1,2,0,0,0,35.49164581298828
2016-06-06,6,1,2,0,0,0,35.9719352722168
2016-06-07,6,1,2,0,0,0,36.22474670410156
2016-06-08,6,1,2,0,0,0,36.140472412109375
2016-06-09,6,1,2,0,0,0,35.9213981628418
2016-06-10,6,1,2,0,0,0,35.02820587158203
2016-06-13,6,1,2,0,0,0,34.38780975341797
2016-06-14,6,1,2,0,0,0,34.49734115600586
2016-06-15,6,1,2,0,0,0,34.67430114746094
2016-06-16,6,1,2,0,0,0,34.632164001464844
2016-06-17,6,1,2,0,0,0,34.362525939941406
2016-06-20,6,1,2,0,0,0,34.918663024902344
2016-06-21,6,1,2,0,0,0,35.20515060424805
2016-06-22,6,1,2,0,0,0,35.36896514892578
2016-06-23,6,1,2,0,0,0,36.16682815551758
2016-06-24,6,1,2,0,0,0,34.274044036865234
2016-06-27,6,1,2,0,0,0,33.951499938964844
2016-06-28,6,1,2,0,0,0,34.79180145263672
2016-06-29,6,1,2,0,0,0,35.453861236572266
2016-06-30,6,1,2,0,0,0,35.980098724365234
2016-07-01,7,2,3,0,0,0,36.24322891235352
2016-07-05,7,2,3,0,0,0,35.513267517089844
2016-07-06,7,2,3,0,0,0,35.46233367919922
2016-07-07,7,2,3,0,0,0,35.394439697265625
2016-07-08,7,2,3,0,0,0,35.93766403198242
2016-07-11,7,2,3,0,0,0,36.438438415527344
2016-07-12,7,2,3,0,0,0,36.97318649291992
2016-07-13,7,2,3,0,0,0,36.76098251342773
2016-07-14,7,2,3,0,0,0,37.28722381591797
2016-07-15,7,2,3,0,0,0,37.20235824584961
2016-07-18,7,2,3,0,0,0,37.54186630249024
2016-07-19,7,2,3,0,0,0,36.96469497680664
2016-07-20,7,2,3,0,0,0,37.431522369384766
2016-07-21,7,2,3,0,0,0,37.36362075805664
2016-07-22,7,2,3,0,0,0,37.5927963256836
2016-07-25,7,2,3,0,0,0,37.31269836425781
2016-07-26,7,2,3,0,0,0,37.74558639526367
2016-07-27,7,2,3,0,0,0,37.6522102355957
2016-07-28,7,2,3,0,0,0,37.53338623046875
2016-07-29,7,2,3,0,0,0,37.36362075805664
2016-08-01,8,2,3,0,0,0,37.38059997558594
2016-08-02,8,2,3,0,0,0,37.20235824584961
2016-08-03,8,2,3,0,0,0,37.27025604248047
2016-08-04,8,2,3,0,0,0,37.38908386230469
2016-08-05,8,2,3,0,0,0,37.98323440551758
2016-08-08,8,2,3,0,0,0,38.21240997314453
2016-08-09,8,2,3,0,0,0,38.450077056884766
2016-08-10,8,2,3,0,0,0,38.39065170288086
2016-08-11,8,2,3,0,0,0,39.19700622558594
2016-08-12,8,2,3,0,0,0,39.5195426940918
2016-08-15,8,2,3,0,0,0,40.21554946899414
2016-08-16,8,2,3,0,0,0,40.10520935058594
2016-08-17,8,2,3,0,0,0,40.03730392456055
2016-08-18,8,2,3,0,0,0,40.283451080322266
2016-08-19,8,2,3,0,0,0,40.2070541381836
2016-08-22,8,2,3,0,0,0,39.84208297729492
2016-08-23,8,2,3,0,0,0,39.76569366455078
2016-08-24,8,2,3,0,0,0,39.58744812011719
2016-08-25,8,2,3,0,0,0,39.57896423339844
2016-08-26,8,2,3,0,0,0,39.53651809692383
2016-08-29,8,2,3,0,0,0,39.7572021484375
2016-08-30,8,2,3,0,0,0,40.08823394775391
2016-08-31,8,2,3,0,0,0,39.68929672241211
2016-09-01,9,2,3,0,0,0,39.97789001464844
2016-09-02,9,2,3,0,0,0,40.67389678955078
2016-09-06,9,2,3,0,0,0,41.70093536376953
2016-09-07,9,2,3,0,0,0,41.51419448852539
2016-09-08,9,2,3,0,0,0,41.81127166748047
2016-09-09,9,2,3,0,0,0,40.76725769042969
2016-09-12,9,2,3,0,0,0,41.04735565185547
2016-09-13,9,2,3,0,0,0,40.25798416137695
2016-09-14,9,2,3,0,0,0,40.35983657836914
2016-09-15,9,2,3,0,0,0,41.01339721679688
2016-09-16,9,2,3,0,0,0,40.9200439453125
2016-09-19,9,2,3,0,0,0,40.80120849609375
2016-09-20,9,2,3,0,0,0,40.81818389892578
2016-09-21,9,2,3,0,0,0,41.93010330200195
2016-09-22,9,2,3,0,0,0,42.346004486083984
2016-09-23,9,2,3,0,0,0,41.65849304199219
2016-09-26,9,2,3,0,0,0,40.81818389892578
2016-09-27,9,2,3,0,0,0,41.35292434692383
2016-09-28,9,2,3,0,0,0,41.63302993774414
2016-09-29,9,2,3,0,0,0,41.08980178833008
2016-09-30,9,2,3,0,0,0,41.16618728637695
2016-10-03,10,2,4,0,0,0,41.259552001953125
2016-10-04,10,2,4,0,0,0,41.115264892578125
2016-10-05,10,2,4,0,0,0,41.98102569580078
2016-10-06,10,2,4,0,0,0,41.964054107666016
2016-10-07,10,2,4,0,0,0,41.57360458374024
2016-10-10,10,2,4,0,0,0,42.23566436767578
2016-10-11,10,2,4,0,0,0,41.04735565185547
2016-10-12,10,2,4,0,0,0,41.0643310546875
2016-10-13,10,2,4,0,0,0,40.42774200439453
2016-10-14,10,2,4,0,0,0,40.605987548828125
2016-10-17,10,2,4,0,0,0,40.37681579589844
2016-10-18,10,2,4,0,0,0,40.96247863769531
2016-10-19,10,2,4,0,0,0,41.08980178833008
2016-10-20,10,2,4,0,0,0,40.95399475097656
2016-10-21,10,2,4,0,0,0,41.05583953857422
2016-10-24,10,2,4,0,0,0,41.24257659912109
2016-10-25,10,2,4,0,0,0,41.08131790161133
2016-10-26,10,2,4,0,0,0,40.69086837768555
2016-10-27,10,2,4,0,0,0,40.33437347412109
2016-10-28,10,2,4,0,0,0,39.97789001464844
2016-10-31,10,2,4,0,0,0,39.952423095703125
2016-11-01,11,2,4,0,0,0,39.952423095703125
2016-11-02,11,2,4,0,0,0,39.29885482788086
2016-11-03,11,2,4,0,0,0,39.24793243408203
2016-11-04,11,2,4,0,0,0,38.916900634765625
2016-11-07,11,2,4,0,0,0,40.147647857666016
2016-11-08,11,2,4,0,0,0,40.38530349731445
2016-11-09,11,2,4,0,0,0,39.3922119140625
2016-11-10,11,2,4,0,0,0,38.83202362060547
2016-11-11,11,2,4,0,0,0,38.433101654052734
2016-11-14,11,2,4,0,0,0,37.86440658569336
2016-11-15,11,2,4,0,0,0,38.61982345581055
2016-11-16,11,2,4,0,0,0,38.22938919067383
2016-11-17,11,2,4,0,0,0,38.50948715209961
2016-11-18,11,2,4,0,0,0,38.47553634643555
2016-11-21,11,2,4,0,0,0,38.73866653442383
2016-11-22,11,2,4,0,0,0,39.13759231567383
2016-11-23,11,2,4,0,0,0,38.92538833618164
2016-11-25,11,2,4,0,0,0,39.239444732666016
2016-11-28,11,2,4,0,0,0,39.3752555847168
2016-11-29,11,2,4,0,0,0,39.61290740966797
2016-11-30,11,2,4,0,0,0,39.57046508789063
2016-12-01,12,2,4,0,0,0,39.23095703125
2016-12-02,12,2,4,0,0,0,38.95085906982422
2016-12-05,12,2,4,0,0,0,39.00178527832031
2016-12-06,12,2,4,0,0,0,38.97632598876953
2016-12-07,12,2,4,0,0,0,39.485595703125
2016-12-08,12,2,4,0,0,0,39.47711181640625
2016-12-09,12,2,4,0,0,0,39.222469329833984
2016-12-12,12,2,4,0,0,0,38.42460632324219
2016-12-13,12,2,4,0,0,0,38.874473571777344
2016-12-14,12,2,4,0,0,0,38.12753677368164
2016-12-15,12,2,4,0,0,0,37.69464492797852
2016-12-16,12,2,4,0,0,0,37.35513305664063
2016-12-19,12,2,4,0,0,0,37.25327301025391
2016-12-20,12,2,4,0,0,0,37.27025604248047
2016-12-21,12,2,4,0,0,0,37.159706115722656
2016-12-22,12,2,4,0,0,0,36.75690460205078
2016-12-23,12,2,4,0,0,0,36.679779052734375
2016-12-27,12,2,4,0,0,0,36.825469970703125
2016-12-28,12,2,4,0,0,0,37.09971618652344
2016-12-29,12,2,4,0,0,0,37.57106018066406
2016-12-30,12,2,4,0,0,0,37.47679138183594
2017-01-03,1,1,1,0,0,0,37.87101745605469
2017-01-04,1,1,1,0,0,0,38.368072509765625
2017-01-05,1,1,1,0,0,0,39.08795928955078
2017-01-06,1,1,1,0,0,0,38.856563568115234
2017-01-09,1,1,1,0,0,0,39.00225830078125
2017-01-10,1,1,1,0,0,0,39.593597412109375
2017-01-11,1,1,1,0,0,0,39.73929214477539
2017-01-12,1,1,1,0,0,0,39.56789016723633
2017-01-13,1,1,1,0,0,0,39.6878662109375
2017-01-17,1,1,1,0,0,0,39.6107292175293
2017-01-18,1,1,1,0,0,0,39.773563385009766
2017-01-19,1,1,1,0,0,0,39.58502197265625
2017-01-20,1,1,1,0,1,0,39.53360366821289
2017-01-23,1,1,1,0,1,0,39.85068893432617
2017-01-24,1,1,1,0,1,0,40.25348663330078
2017-01-25,1,1,1,0,1,0,40.51914596557617
2017-01-26,1,1,1,0,1,0,40.51914596557617
2017-01-27,1,1,1,0,1,0,40.39917755126953
2017-01-30,1,1,1,0,1,0,40.23634338378906
2017-01-31,1,1,1,0,1,0,40.28776550292969
2017-02-01,2,1,1,0,1,0,40.29633712768555
2017-02-02,2,1,1,0,1,0,40.36489486694336
2017-02-03,2,1,1,0,1,0,40.373477935791016
2017-02-06,2,1,1,0,1,0,40.52772903442383
2017-02-07,2,1,1,0,1,0,40.510589599609375
2017-02-08,2,1,1,0,1,0,41.10191345214844
2017-02-09,2,1,1,0,1,0,41.45328903198242
2017-02-10,2,1,1,0,1,0,41.59041213989258
2017-02-13,2,1,1,0,1,0,41.79609298706055
2017-02-14,2,1,1,0,1,0,41.70182418823242
2017-02-15,2,1,1,0,1,0,42.19031524658203
2017-02-16,2,1,1,0,1,0,42.19888687133789
2017-02-17,2,1,1,0,1,0,42.00177383422852
2017-02-21,2,1,1,0,1,0,42.34457778930664
2017-02-22,2,1,1,0,1,0,42.70452117919922
2017-02-23,2,1,1,0,1,0,42.57597351074219
2017-02-24,2,1,1,0,1,0,42.061771392822266
2017-02-27,2,1,1,0,1,0,41.95035171508789
2017-02-28,2,1,1,0,1,0,41.74467468261719
2017-03-01,3,1,1,0,1,0,42.22459030151367
2017-03-02,3,1,1,0,1,0,41.50470733642578
2017-03-03,3,1,1,0,1,0,41.69326019287109
2017-03-06,3,1,1,0,1,0,41.6504020690918
2017-03-07,3,1,1,0,1,0,41.78752136230469
2017-03-08,3,1,1,0,1,0,41.83037185668945
2017-03-09,3,1,1,0,1,0,41.427581787109375
2017-03-10,3,1,1,0,1,0,41.6504020690918
2017-03-13,3,1,1,0,1,0,42.32743453979492
2017-03-14,3,1,1,0,1,0,42.08747482299805
2017-03-15,3,1,1,0,1,0,42.71308517456055
2017-03-16,3,1,1,0,1,0,43.210147857666016
2017-03-17,3,1,1,0,1,0,43.10730743408203
2017-03-20,3,1,1,0,1,0,43.70721054077149
2017-03-21,3,1,1,0,1,0,43.06446075439453
2017-03-22,3,1,1,0,1,0,43.21872329711914
2017-03-23,3,1,1,0,1,0,43.31299209594727
2017-03-24,3,1,1,0,1,0,43.34727478027344
2017-03-27,3,1,1,0,1,0,43.18444442749024
2017-03-28,3,1,1,0,1,0,43.33870697021485
2017-03-29,3,1,1,0,1,0,43.33013534545898
2017-03-30,3,1,1,0,1,0,43.09016799926758
2017-03-31,3,1,1,0,1,0,42.79021835327149
2017-04-03,4,1,2,0,1,0,43.15016555786133
2017-04-04,4,1,2,0,1,0,43.16729736328125
2017-04-05,4,1,2,0,1,0,43.19300842285156
2017-04-06,4,1,2,0,1,0,43.18444442749024
2017-04-07,4,1,2,0,1,0,43.18444442749024
2017-04-10,4,1,2,0,1,0,43.10730743408203
2017-04-11,4,1,2,0,1,0,42.85021209716797
2017-04-12,4,1,2,0,1,0,43.01303863525391
2017-04-13,4,1,2,0,1,0,42.82450485229492
2017-04-17,4,1,2,0,1,0,43.15016555786133
2017-04-18,4,1,2,0,1,0,42.55883026123047
2017-04-19,4,1,2,0,1,0,42.50740051269531
2017-04-20,4,1,2,0,1,0,43.17586517333984
2017-04-21,4,1,2,0,1,0,43.1415901184082
2017-04-24,4,1,2,0,1,0,43.46725463867188
2017-04-25,4,1,2,0,1,0,43.97288513183594
2017-04-26,4,1,2,0,1,0,43.895751953125
2017-04-27,4,1,2,0,1,0,43.818634033203125
2017-04-28,4,1,2,0,1,0,43.844337463378906
2017-05-01,5,1,2,0,1,0,44.01573181152344
2017-05-02,5,1,2,0,1,0,43.99860000610352
2017-05-03,5,1,2,0,1,0,43.818634033203125
2017-05-04,5,1,2,0,1,0,43.235870361328125
2017-05-05,5,1,2,0,1,0,43.38154602050781
2017-05-08,5,1,2,0,1,0,43.44154739379883
2017-05-09,5,1,2,0,1,0,44.2299919128418
2017-05-10,5,1,2,0,1,0,44.63278198242188
2017-05-11,5,1,2,0,1,0,44.54707336425781
2017-05-12,5,1,2,0,1,0,44.91559600830078
2017-05-15,5,1,2,0,1,0,45.352657318115234
2017-05-16,5,1,2,0,1,0,45.5669059753418
2017-05-17,5,1,2,0,1,0,44.88130569458008
2017-05-18,5,1,2,0,1,0,44.97557830810547
2017-05-19,5,1,2,0,1,0,45.62689971923828
2017-05-22,5,1,2,0,1,0,46.14967346191406
2017-05-23,5,1,2,0,1,0,45.85829162597656
2017-05-24,5,1,2,0,1,0,45.88400268554688
2017-05-25,5,1,2,0,1,0,46.42391586303711
2017-05-26,5,1,2,0,1,0,46.44105529785156
2017-05-30,5,1,2,0,1,0,46.46676254272461
2017-05-31,5,1,2,0,1,0,46.08111572265625
2017-06-01,6,1,2,0,1,0,46.6467399597168
2017-06-02,6,1,2,0,1,0,46.68102645874024
2017-06-05,6,1,2,0,1,0,46.60389709472656
2017-06-06,6,1,2,0,1,0,46.81813430786133
2017-06-07,6,1,2,0,1,0,46.963829040527344
2017-06-08,6,1,2,0,1,0,47.82083511352539
2017-06-09,6,1,2,0,1,0,47.17807769775391
2017-06-12,6,1,2,0,1,0,46.78385925292969
2017-06-13,6,1,2,0,1,0,46.81813430786133
2017-06-14,6,1,2,0,1,0,46.61245346069336
2017-06-15,6,1,2,0,1,0,46.13253402709961
2017-06-16,6,1,2,0,1,0,46.19253158569336
2017-06-19,6,1,2,0,1,0,47.08381271362305
2017-06-20,6,1,2,0,1,0,46.70712661743164
2017-06-21,6,1,2,0,1,0,46.99952697753906
2017-06-22,6,1,2,0,1,0,47.240333557128906
2017-06-23,6,1,2,0,1,0,47.32633209228516
2017-06-26,6,1,2,0,1,0,47.70473861694336
2017-06-27,6,1,2,0,1,0,47.23173522949219
2017-06-28,6,1,2,0,1,0,47.58434677124024
2017-06-29,6,1,2,0,1,0,46.9393310546875
2017-06-30,6,1,2,0,1,0,47.03393173217773
2017-07-03,7,2,3,0,1,0,47.32633209228516
2017-07-05,7,2,3,0,1,0,47.25753784179688
2017-07-06,7,2,3,0,1,0,46.64693069458008
2017-07-07,7,2,3,0,1,0,46.70712661743164
2017-07-10,7,2,3,0,1,0,46.99952697753906
2017-07-11,7,2,3,0,1,0,47.85954666137695
2017-07-12,7,2,3,0,1,0,48.865753173828125
2017-07-13,7,2,3,0,1,0,48.96895217895508
2017-07-14,7,2,3,0,1,0,49.656959533691406
2017-07-17,7,2,3,0,1,0,49.364559173583984
2017-07-18,7,2,3,0,1,0,49.62256622314453
2017-07-19,7,2,3,0,1,0,50.25896072387695
2017-07-20,7,2,3,0,1,0,50.05257034301758
2017-07-21,7,2,3,0,1,0,50.00096130371094
2017-07-24,7,2,3,0,1,0,50.29336166381836
2017-07-25,7,2,3,0,1,0,50.25896072387695
2017-07-26,7,2,3,0,1,0,50.77496719360352
2017-07-27,7,2,3,0,1,0,50.516971588134766
2017-07-28,7,2,3,0,1,0,50.96417617797852
2017-07-31,7,2,3,0,1,0,51.09317398071289
2017-08-01,8,2,3,0,1,0,51.43717956542969
2017-08-02,8,2,3,0,1,0,51.03297424316406
2017-08-03,8,2,3,0,1,0,51.05877685546875
2017-08-04,8,2,3,0,1,0,51.25657653808594
2017-08-07,8,2,3,0,1,0,51.90158081054688
2017-08-08,8,2,3,0,1,0,52.29719543457031
2017-08-09,8,2,3,0,1,0,52.17678451538086
2017-08-10,8,2,3,0,1,0,50.48257064819336
2017-08-11,8,2,3,0,1,0,50.39657211303711
2017-08-14,8,2,3,0,1,0,51.07598114013672
2017-08-15,8,2,3,0,1,0,51.00717544555664
2017-08-16,8,2,3,0,1,0,51.95318603515625
2017-08-17,8,2,3,0,1,0,51.07598114013672
2017-08-18,8,2,3,0,1,0,51.31678009033203
2017-08-21,8,2,3,0,1,0,51.89298248291016
2017-08-22,8,2,3,0,1,0,52.632598876953125
2017-08-23,8,2,3,0,1,0,52.95940017700195
2017-08-24,8,2,3,0,1,0,52.94219970703125
2017-08-25,8,2,3,0,1,0,53.11419677734375
2017-08-28,8,2,3,0,1,0,52.69279098510742
2017-08-29,8,2,3,0,1,0,52.70139694213867
2017-08-30,8,2,3,0,1,0,53.11419677734375
2017-08-31,8,2,3,0,1,0,53.32060241699219
2017-09-01,9,2,3,0,1,0,53.42380142211914
2017-09-05,9,2,3,0,1,0,52.73579406738281
2017-09-06,9,2,3,0,1,0,52.976593017578125
2017-09-07,9,2,3,0,1,0,53.337799072265625
2017-09-08,9,2,3,0,1,0,52.92499923706055
2017-09-11,9,2,3,0,1,0,54.043006896972656
2017-09-12,9,2,3,0,1,0,54.18061828613281
2017-09-13,9,2,3,0,1,0,54.30961227416992
2017-09-14,9,2,3,0,1,0,54.26660919189453
2017-09-15,9,2,3,0,1,0,54.73962020874024
2017-09-18,9,2,3,0,1,0,55.26422119140625
2017-09-19,9,2,3,0,1,0,55.3674201965332
2017-09-20,9,2,3,0,1,0,55.27281951904297
2017-09-21,9,2,3,0,1,0,55.28142929077149
2017-09-22,9,2,3,0,1,0,54.8944206237793
2017-09-25,9,2,3,0,1,0,53.217403411865234
2017-09-26,9,2,3,0,1,0,53.337799072265625
2017-09-27,9,2,3,0,1,0,53.750606536865234
2017-09-28,9,2,3,0,1,0,53.49259948730469
2017-09-29,9,2,3,0,1,0,54.25800704956055
2017-10-02,10,2,4,0,1,0,54.54181671142578
2017-10-03,10,2,4,0,1,0,55.84903717041016
2017-10-04,10,2,4,0,1,0,55.78023147583008
2017-10-05,10,2,4,0,1,0,56.53704071044922
2017-10-06,10,2,4,0,1,0,56.16722106933594
2017-10-09,10,2,4,0,1,0,56.21023178100586
2017-10-10,10,2,4,0,1,0,56.76924133300781
2017-10-11,10,2,4,0,1,0,56.5456428527832
2017-10-12,10,2,4,0,1,0,56.2274284362793
2017-10-13,10,2,4,0,1,0,56.62303161621094
2017-10-16,10,2,4,0,1,0,56.88964080810547
2017-10-17,10,2,4,0,1,0,56.39943313598633
2017-10-18,10,2,4,0,1,0,56.92404174804688
2017-10-19,10,2,4,0,1,0,55.92643356323242
2017-10-20,10,2,4,0,1,0,56.34783554077149
2017-10-23,10,2,4,0,1,0,55.80602264404297
2017-10-24,10,2,4,0,1,0,55.76302719116211
2017-10-25,10,2,4,0,1,0,55.49642181396485
2017-10-26,10,2,4,0,1,0,55.31583023071289
2017-10-27,10,2,4,0,1,0,56.04683303833008
2017-10-30,10,2,4,0,1,0,55.61683654785156
2017-10-31,10,2,4,0,1,0,56.158634185791016
2017-11-01,11,2,4,0,1,0,56.5456428527832
2017-11-02,11,2,4,0,1,0,56.63164138793945
2017-11-03,11,2,4,0,1,0,56.61443328857422
2017-11-06,11,2,4,0,1,0,57.45724868774414
2017-11-07,11,2,4,0,1,0,57.66365051269531
2017-11-08,11,2,4,0,1,0,57.79265594482422
2017-11-09,11,2,4,0,1,0,57.68085479736328
2017-11-10,11,2,4,0,1,0,57.95605850219727
2017-11-13,11,2,4,0,1,0,57.93885803222656
2017-11-14,11,2,4,0,1,0,57.24223709106445
2017-11-15,11,2,4,0,1,0,56.83804321289063
2017-11-16,11,2,4,0,1,0,58.08505630493164
2017-11-17,11,2,4,0,1,0,58.11085510253906
2017-11-20,11,2,4,0,1,0,58.81607055664063
2017-11-21,11,2,4,0,1,0,60.16627883911133
2017-11-22,11,2,4,0,1,0,60.06306838989258
2017-11-24,11,2,4,0,1,0,59.72766876220703
2017-11-27,11,2,4,0,1,0,58.60106658935547
2017-11-28,11,2,4,0,1,0,59.05686569213867
2017-11-29,11,2,4,0,1,0,57.58625411987305
2017-11-30,11,2,4,0,1,0,56.96704864501953
2017-12-01,12,2,4,0,1,0,56.16722106933594
2017-12-04,12,2,4,0,1,0,55.93502807617188
2017-12-05,12,2,4,0,1,0,55.68562698364258
2017-12-06,12,2,4,0,1,0,54.954620361328125
2017-12-07,12,2,4,0,1,0,55.29001998901367
2017-12-08,12,2,4,0,1,0,56.339237213134766
2017-12-11,12,2,4,0,1,0,57.01003646850586
2017-12-12,12,2,4,0,1,0,56.21883392333984
2017-12-13,12,2,4,0,1,0,57.26803970336914
2017-12-14,12,2,4,0,1,0,56.52843475341797
2017-12-15,12,2,4,0,1,0,56.425235748291016
2017-12-18,12,2,4,0,1,0,56.97564315795898
2017-12-19,12,2,4,0,1,0,56.72824096679688
2017-12-20,12,2,4,0,1,0,56.702110290527344
2017-12-21,12,2,4,0,1,0,57.74747085571289
2017-12-22,12,2,4,0,1,0,58.17432403564453
2017-12-26,12,2,4,0,1,0,57.87813949584961
2017-12-27,12,2,4,0,1,0,57.64292144775391
2017-12-28,12,2,4,0,1,0,57.84328842163086
2017-12-29,12,2,4,0,1,0,57.96525955200195
2018-01-02,1,1,1,0,1,0,60.22148895263672
2018-01-03,1,1,1,0,1,0,60.70061111450195
2018-01-04,1,1,1,0,1,0,61.07520294189453
2018-01-05,1,1,1,0,1,0,61.51076126098633
2018-01-08,1,1,1,0,1,0,61.8156623840332
2018-01-09,1,1,1,0,1,0,61.85050964355469
2018-01-10,1,1,1,0,1,0,61.60660552978516
2018-01-11,1,1,1,0,1,0,61.76338195800781
2018-01-12,1,1,1,0,1,0,62.71294403076172
2018-01-16,1,1,1,0,1,0,62.155399322509766
2018-01-17,1,1,1,0,1,0,63.087520599365234
2018-01-18,1,1,1,0,1,0,63.20077133178711
2018-01-19,1,1,1,0,1,0,63.94123077392578
2018-01-22,1,1,1,0,1,0,64.38551330566406
2018-01-23,1,1,1,0,1,0,65.33505249023438
2018-01-24,1,1,1,0,1,0,65.50927734375
2018-01-25,1,1,1,0,1,0,65.06499481201172
2018-01-26,1,1,1,0,1,0,66.83340454101562
2018-01-29,1,1,1,0,1,0,65.54410552978516
2018-01-30,1,1,1,0,1,0,64.32452392578125
2018-01-31,1,1,1,0,1,0,65.1695327758789
2018-02-01,2,1,1,0,1,0,63.68859100341797
2018-02-02,2,1,1,0,1,0,62.46900939941406
2018-02-05,2,1,1,0,1,0,60.61349487304688
2018-02-06,2,1,1,0,1,0,61.86794662475586
2018-02-07,2,1,1,0,1,0,59.48973083496094
2018-02-08,2,1,1,0,1,0,56.96345138549805
2018-02-09,2,1,1,0,1,0,57.34674835205078
2018-02-12,2,1,1,0,1,0,58.35726165771485
2018-02-13,2,1,1,0,1,0,58.96705627441406
2018-02-14,2,1,1,0,1,0,60.82257461547852
2018-02-15,2,1,1,0,1,0,62.34706115722656
2018-02-16,2,1,1,0,1,0,62.0595817565918
2018-02-20,2,1,1,0,1,0,61.52817916870117
2018-02-21,2,1,1,0,1,0,62.09442138671875
2018-02-22,2,1,1,0,1,0,61.98988723754883
2018-02-23,2,1,1,0,1,0,63.017822265625
2018-02-26,2,1,1,0,1,0,63.59277725219727
2018-02-27,2,1,1,0,1,0,61.16230773925781
2018-02-28,2,1,1,0,1,0,60.282470703125
2018-03-01,3,1,1,0,1,0,60.090816497802734
2018-03-02,3,1,1,0,1,0,60.090816497802734
2018-03-05,3,1,1,0,1,0,60.169227600097656
2018-03-06,3,1,1,0,1,0,60.77901840209961
2018-03-07,3,1,1,0,1,0,60.961952209472656
2018-03-08,3,1,1,0,1,0,61.205867767333984
2018-03-09,3,1,1,0,1,0,62.80874633789063
2018-03-12,3,1,1,0,1,0,63.06139373779297
2018-03-13,3,1,1,0,1,0,62.0073127746582
2018-03-14,3,1,1,0,1,0,62.4864501953125
2018-03-15,3,1,1,0,1,0,63.19205856323242
2018-03-16,3,1,1,0,1,0,63.2791748046875
2018-03-19,3,1,1,0,1,0,62.34706115722656
2018-03-20,3,1,1,0,1,0,63.47081756591797
2018-03-21,3,1,1,0,1,0,62.87843704223633
2018-03-22,3,1,1,0,1,0,59.69881057739258
2018-03-23,3,1,1,0,1,0,58.444374084472656
2018-03-26,3,1,1,0,1,0,60.79644393920898
2018-03-27,3,1,1,0,1,0,59.51586532592773
2018-03-28,3,1,1,0,1,0,58.67958450317383
2018-03-29,3,1,1,0,1,0,59.7336540222168
2018-04-02,4,1,2,0,1,0,58.28757858276367
2018-04-03,4,1,2,0,1,0,58.83638000488281
2018-04-04,4,1,2,0,1,0,58.93220138549805
2018-04-05,4,1,2,0,1,0,59.08901596069336
2018-04-06,4,1,2,0,1,0,57.6690673828125
2018-04-09,4,1,2,0,1,0,58.426944732666016
2018-04-10,4,1,2,0,1,0,60.17794036865234
2018-04-11,4,1,2,0,1,0,60.1169548034668
2018-04-12,4,1,2,0,1,0,60.195343017578125
2018-04-13,4,1,2,0,1,0,59.08901596069336
2018-04-16,4,1,2,0,1,0,58.784122467041016
2018-04-17,4,1,2,0,1,0,59.036739349365234
2018-04-18,4,1,2,0,1,0,59.02803802490234
2018-04-19,4,1,2,0,1,0,59.019325256347656
2018-04-20,4,1,2,0,1,0,58.23530197143555
2018-04-23,4,1,2,0,1,0,57.8868522644043
2018-04-24,4,1,2,0,1,0,57.90427017211914
2018-04-25,4,1,2,0,1,0,57.520973205566406
2018-04-26,4,1,2,0,1,0,58.05237579345703
2018-04-27,4,1,2,0,1,0,58.33112335205078
2018-04-30,4,1,2,0,1,0,58.23530197143555
2018-05-01,5,1,2,0,1,0,58.35726165771485
2018-05-02,5,1,2,0,1,0,58.20916366577149
2018-05-03,5,1,2,0,1,0,57.930397033691406
2018-05-04,5,1,2,0,1,0,58.54019165039063
2018-05-07,5,1,2,0,1,0,58.67085647583008
2018-05-08,5,1,2,0,1,0,59.47230911254883
2018-05-09,5,1,2,0,1,0,59.768497467041016
2018-05-10,5,1,2,0,1,0,60.81386184692383
2018-05-11,5,1,2,0,1,0,60.75288391113281
2018-05-14,5,1,2,0,1,0,61.27556991577149
2018-05-15,5,1,2,0,1,0,60.14309310913086
2018-05-16,5,1,2,0,1,0,61.41493988037109
2018-05-17,5,1,2,0,1,0,60.53509521484375
2018-05-18,5,1,2,0,1,0,60.24762344360352
2018-05-21,5,1,2,0,1,0,60.7093391418457
2018-05-22,5,1,2,0,1,0,60.42184448242188
2018-05-23,5,1,2,0,1,0,60.369571685791016
2018-05-24,5,1,2,0,1,0,60.12566757202149
2018-05-25,5,1,2,0,1,0,60.265045166015625
2018-05-29,5,1,2,0,1,0,59.210975646972656
2018-05-30,5,1,2,0,1,0,59.47230911254883
2018-05-31,5,1,2,0,1,0,59.96015548706055
2018-06-01,6,1,2,0,1,0,60.86612319946289
2018-06-04,6,1,2,0,1,0,61.90279006958008
2018-06-05,6,1,2,0,1,0,62.0595817565918
2018-06-06,6,1,2,0,1,0,62.843597412109375
2018-06-07,6,1,2,0,1,0,62.12055969238281
2018-06-08,6,1,2,0,1,0,61.92890167236328
2018-06-11,6,1,2,0,1,0,61.955055236816406
2018-06-12,6,1,2,0,1,0,62.2250862121582
2018-06-13,6,1,2,0,1,0,61.39752960205078
2018-06-14,6,1,2,0,1,0,61.38009643554688
2018-06-15,6,1,2,0,1,0,61.11876678466797
2018-06-18,6,1,2,0,1,0,60.517677307128906
2018-06-19,6,1,2,0,1,0,59.40191650390625
2018-06-20,6,1,2,0,1,0,59.37566375732422
2018-06-21,6,1,2,0,1,0,58.22928237915039
2018-06-22,6,1,2,0,1,0,58.69308471679688
2018-06-25,6,1,2,0,1,0,57.13540649414063
2018-06-26,6,1,2,0,1,0,56.96038436889648
2018-06-27,6,1,2,0,1,0,55.16642379760742
2018-06-28,6,1,2,0,1,0,55.70023727416992
2018-06-29,6,1,2,0,1,0,56.531585693359375
2018-07-02,7,2,3,0,1,0,55.72649383544922
2018-07-03,7,2,3,0,1,0,55.60397338867188
2018-07-05,7,2,3,0,1,0,55.19267272949219
2018-07-06,7,2,3,0,1,0,56.0415267944336
2018-07-09,7,2,3,0,1,0,57.231666564941406
2018-07-10,7,2,3,0,1,0,56.62784194946289
2018-07-11,7,2,3,0,1,0,55.51646041870117
2018-07-12,7,2,3,0,1,0,56.61909484863281
2018-07-13,7,2,3,0,1,0,56.531585693359375
2018-07-16,7,2,3,0,1,0,56.137786865234375
2018-07-17,7,2,3,0,1,0,56.20779800415039
2018-07-18,7,2,3,0,1,0,56.07653427124024
2018-07-19,7,2,3,0,1,0,55.00015258789063
2018-07-20,7,2,3,0,1,0,55.708984375
2018-07-23,7,2,3,0,1,0,55.43770599365234
2018-07-24,7,2,3,0,1,0,56.54908752441406
2018-07-25,7,2,3,0,1,0,57.704227447509766
2018-07-26,7,2,3,0,1,0,56.64534378051758
2018-07-27,7,2,3,0,1,0,56.2427978515625
2018-07-30,7,2,3,0,1,0,55.67398452758789
2018-07-31,7,2,3,0,1,0,55.84900665283203
2018-08-01,8,2,3,0,1,0,54.85139083862305
2018-08-02,8,2,3,0,1,0,54.13379669189453
2018-08-03,8,2,3,0,1,0,54.0200424194336
2018-08-06,8,2,3,0,1,0,53.57373428344727
2018-08-07,8,2,3,0,1,0,54.510101318359375
2018-08-08,8,2,3,0,1,0,54.30006790161133
2018-08-09,8,2,3,0,1,0,54.85139083862305
2018-08-10,8,2,3,0,1,0,54.39633560180664
2018-08-13,8,2,3,0,1,0,53.59999084472656
2018-08-14,8,2,3,0,1,0,52.85615921020508
2018-08-15,8,2,3,0,1,0,50.91342926025391
2018-08-16,8,2,3,0,1,0,51.44723892211914
2018-08-17,8,2,3,0,1,0,52.14732360839844
2018-08-20,8,2,3,0,1,0,52.60237503051758
2018-08-21,8,2,3,0,1,0,53.45122909545898
2018-08-22,8,2,3,0,1,0,53.75751495361328
2018-08-23,8,2,3,0,1,0,52.76864242553711
2018-08-24,8,2,3,0,1,0,53.56498336791992
2018-08-27,8,2,3,0,1,0,54.641361236572266
2018-08-28,8,2,3,0,1,0,54.31758117675781
2018-08-29,8,2,3,0,1,0,54.79887771606445
2018-08-30,8,2,3,0,1,0,53.0399284362793
2018-08-31,8,2,3,0,1,0,53.15369415283203
2018-09-04,9,2,3,0,1,0,52.49736785888672
2018-09-05,9,2,3,0,1,0,51.105953216552734
2018-09-06,9,2,3,0,1,0,50.92218399047852
2018-09-07,9,2,3,0,1,0,50.64215087890625
2018-09-10,9,2,3,0,1,0,49.77579116821289
2018-09-11,9,2,3,0,1,0,49.705787658691406
2018-09-12,9,2,3,0,1,0,50.09083557128906
2018-09-13,9,2,3,0,1,0,51.37722396850586
2018-09-14,9,2,3,0,1,0,50.90467834472656
2018-09-17,9,2,3,0,1,0,50.2308464050293
2018-09-18,9,2,3,0,1,0,50.79966354370117
2018-09-19,9,2,3,0,1,0,51.98980331420898
2018-09-20,9,2,3,0,1,0,52.558624267578125
2018-09-21,9,2,3,0,1,0,53.0399284362793
2018-09-24,9,2,3,0,1,0,52.22608184814453
2018-09-25,9,2,3,0,1,0,52.4273567199707
2018-09-26,9,2,3,0,1,0,52.7073860168457
2018-09-27,9,2,3,0,1,0,52.73363876342773
2018-09-28,9,2,3,0,1,0,52.40985107421875
2018-10-01,10,2,4,0,1,0,52.41860961914063
2018-10-02,10,2,4,0,1,0,51.193458557128906
2018-10-03,10,2,4,0,1,0,50.9659423828125
2018-10-04,10,2,4,0,1,0,49.62702178955078
2018-10-05,10,2,4,0,1,0,49.55702209472656
2018-10-08,10,2,4,0,1,0,48.9444465637207
2018-10-09,10,2,4,0,1,0,48.436893463134766
2018-10-10,10,2,4,0,1,0,46.78295516967773
2018-10-11,10,2,4,0,1,0,46.59917449951172
2018-10-12,10,2,4,0,1,0,48.191856384277344
2018-10-15,10,2,4,0,1,0,47.27299880981445
2018-10-16,10,2,4,0,1,0,48.24436950683594
2018-10-17,10,2,4,0,1,0,47.65804290771485
2018-10-18,10,2,4,0,1,0,46.1878776550293
2018-10-19,10,2,4,0,1,0,46.86170959472656
2018-10-22,10,2,4,0,1,0,48.358131408691406
2018-10-23,10,2,4,0,1,0,47.46553039550781
2018-10-24,10,2,4,0,1,0,45.69782257080078
2018-10-25,10,2,4,0,1,0,46.75669479370117
2018-10-26,10,2,4,0,1,0,45.95159530639648
2018-10-29,10,2,4,0,1,0,44.673946380615234
2018-10-30,10,2,4,0,1,0,45.38278579711914
2018-10-31,10,2,4,0,1,0,46.59917449951172
2018-11-01,11,2,4,0,1,0,48.98820877075195
2018-11-02,11,2,4,0,1,0,49.08446502685547
2018-11-05,11,2,4,0,1,0,48.9444465637207
2018-11-06,11,2,4,0,1,0,48.88318634033203
2018-11-07,11,2,4,0,1,0,50.09083557128906
2018-11-08,11,2,4,0,1,0,48.568153381347656
2018-11-09,11,2,4,0,1,0,47.20299911499024
2018-11-12,11,2,4,0,1,0,46.59917449951172
2018-11-13,11,2,4,0,1,0,47.74556350708008
2018-11-14,11,2,4,0,1,0,48.20061492919922
2018-11-15,11,2,4,0,1,0,49.35574722290039
2018-11-16,11,2,4,0,1,0,49.399505615234375
2018-11-19,11,2,4,0,1,0,48.34938430786133
2018-11-20,11,2,4,0,1,0,47.35176086425781
2018-11-21,11,2,4,0,1,0,48.48065185546875
2018-11-23,11,2,4,0,1,0,47.92932891845703
2018-11-26,11,2,4,0,1,0,49.0582160949707
2018-11-27,11,2,4,0,1,0,49.15447235107422
2018-11-28,11,2,4,0,1,0,50.4846305847168
2018-11-29,11,2,4,0,1,0,49.51326751708984
2018-11-30,11,2,4,0,1,0,50.30085372924805
2018-12-03,12,2,4,0,1,0,51.22846603393555
2018-12-04,12,2,4,0,1,0,50.248348236083984
2018-12-06,12,2,4,0,1,0,49.32073974609375
2018-12-07,12,2,4,0,1,0,48.44564056396485
2018-12-10,12,2,4,0,1,0,48.13060760498047
2018-12-11,12,2,4,0,1,0,48.52440643310547
2018-12-12,12,2,4,0,1,0,49.10197830200195
2018-12-13,12,2,4,0,1,0,49.32073974609375
2018-12-14,12,2,4,0,1,0,48.6294174194336
2018-12-17,12,2,4,0,1,0,47.666805267333984
2018-12-18,12,2,4,0,1,0,47.34428405761719
2018-12-19,12,2,4,0,1,0,46.38113784790039
2018-12-20,12,2,4,0,1,0,46.31928253173828
2018-12-21,12,2,4,0,1,0,46.00118255615234
2018-12-24,12,2,4,0,1,0,45.62122344970703
2018-12-26,12,2,4,0,1,0,46.78760528564453
2018-12-27,12,2,4,0,1,0,46.52251815795898
2018-12-28,12,2,4,0,1,0,46.63738250732422
2018-12-31,12,2,4,0,1,0,46.49600982666016
2019-01-02,1,1,1,0,1,0,46.23976135253906
2019-01-03,1,1,1,0,1,0,45.06454086303711
2019-01-04,1,1,1,0,1,0,46.89363479614258
2019-01-07,1,1,1,0,1,0,47.34428405761719
2019-01-08,1,1,1,0,1,0,47.70656204223633
2019-01-09,1,1,1,0,1,0,48.7757453918457
2019-01-10,1,1,1,0,1,0,49.173370361328125
2019-01-11,1,1,1,0,1,0,48.8464241027832
2019-01-14,1,1,1,0,1,0,48.26324462890625
2019-01-15,1,1,1,0,1,0,48.83759307861328
2019-01-16,1,1,1,0,1,0,49.56216049194336
2019-01-17,1,1,1,0,1,0,49.88026428222656
2019-01-18,1,1,1,0,1,0,50.49879837036133
2019-01-22,1,1,1,0,1,0,49.191043853759766
2019-01-23,1,1,1,0,1,0,49.553321838378906
2019-01-24,1,1,1,0,1,0,50.20721054077149
2019-01-25,1,1,1,0,1,0,51.108489990234375
2019-01-28,1,1,1,0,1,0,50.71086883544922
2019-01-29,1,1,1,0,1,0,50.69319534301758
2019-01-30,1,1,1,0,1,0,51.75353240966797
2019-01-31,1,1,1,0,1,0,52.40741729736328
2019-02-01,2,1,1,0,1,0,52.08931350708008
2019-02-04,2,1,1,0,1,0,52.23952102661133
2019-02-05,2,1,1,0,1,0,53.19383239746094
2019-02-06,2,1,1,0,1,0,52.64599609375
2019-02-07,2,1,1,0,1,0,51.877235412597656
2019-02-08,2,1,1,0,1,0,51.93025207519531
2019-02-11,2,1,1,0,1,0,52.08931350708008
2019-02-12,2,1,1,0,1,0,52.2837028503418
2019-02-13,2,1,1,0,1,0,52.5753059387207
2019-02-14,2,1,1,0,1,0,52.31904602050781
2019-02-15,2,1,1,0,1,0,51.95676803588867
2019-02-19,2,1,1,0,1,0,52.61064529418945
2019-02-20,2,1,1,0,1,0,52.93758392333984
2019-02-21,2,1,1,0,1,0,52.82271194458008
2019-02-22,2,1,1,0,1,0,53.8388786315918
2019-02-25,2,1,1,0,1,0,54.828521728515625
2019-02-26,2,1,1,0,1,0,54.64297103881836
2019-02-27,2,1,1,0,1,0,53.997928619384766
2019-02-28,2,1,1,0,1,0,53.64448165893555
2019-03-01,3,1,1,0,1,0,54.08628463745117
2019-03-04,3,1,1,0,1,0,54.66063690185547
2019-03-05,3,1,1,0,1,0,55.54426574707031
2019-03-06,3,1,1,0,1,0,55.12895584106445
2019-03-07,3,1,1,0,1,0,53.61796951293945
2019-03-08,3,1,1,0,1,0,52.6724967956543
2019-03-11,3,1,1,0,1,0,54.02442932128906
2019-03-12,3,1,1,0,1,0,54.483917236328125
2019-03-13,3,1,1,0,1,0,54.27184295654297
2019-03-14,3,1,1,0,1,0,53.93606948852539
2019-03-15,3,1,1,0,1,0,54.63413238525391
2019-03-18,3,1,1,0,1,0,55.37636566162109
2019-03-19,3,1,1,0,1,0,55.55309295654297
2019-03-20,3,1,1,0,1,0,55.394039154052734
2019-03-21,3,1,1,0,1,0,55.473575592041016
2019-03-22,3,1,1,0,1,0,53.768192291259766
2019-03-25,3,1,1,0,1,0,53.85654830932617
2019-03-26,3,1,1,0,1,0,53.84770584106445
2019-03-27,3,1,1,0,1,0,53.80352783203125
2019-03-28,3,1,1,0,1,0,54.13046646118164
2019-03-29,3,1,1,0,1,0,55.164306640625
2019-04-01,4,1,2,0,1,0,55.97723007202149
2019-04-02,4,1,2,0,1,0,55.77400207519531
2019-04-03,4,1,2,0,1,0,56.145118713378906
2019-04-04,4,1,2,0,1,0,56.71947479248047
2019-04-05,4,1,2,0,1,0,57.36450958251953
2019-04-08,4,1,2,0,1,0,57.30265808105469
2019-04-09,4,1,2,0,1,0,57.27614974975586
2019-04-10,4,1,2,0,1,0,57.39986801147461
2019-04-11,4,1,2,0,1,0,56.63994598388672
2019-04-12,4,1,2,0,1,0,57.461708068847656
2019-04-15,4,1,2,0,1,0,56.55158233642578
2019-04-16,4,1,2,0,1,0,57.18779373168945
2019-04-17,4,1,2,0,1,0,57.32033920288086
2019-04-18,4,1,2,0,1,0,57.3380012512207
2019-04-22,4,1,2,0,1,0,56.88735961914063
2019-04-23,4,1,2,0,1,0,56.913875579833984
2019-04-24,4,1,2,0,1,0,56.171630859375
2019-04-25,4,1,2,0,1,0,55.897708892822266
2019-04-26,4,1,2,0,1,0,56.16279220581055
2019-04-29,4,1,2,0,1,0,56.30416870117188
2019-04-30,4,1,2,0,1,0,56.12744522094727
2019-05-01,5,1,2,0,1,0,56.030250549316406
2019-05-02,5,1,2,0,1,0,56.09210968017578
2019-05-03,5,1,2,0,1,0,57.064083099365234
2019-05-06,5,1,2,0,1,0,55.42055892944336
2019-05-07,5,1,2,0,1,0,53.73284149169922
2019-05-08,5,1,2,0,1,0,53.679832458496094
2019-05-09,5,1,2,0,1,0,52.7873649597168
2019-05-10,5,1,2,0,1,0,53.13198471069336
2019-05-13,5,1,2,0,1,0,51.108489990234375
2019-05-14,5,1,2,0,1,0,51.965606689453125
2019-05-15,5,1,2,0,1,0,52.44275665283203
2019-05-16,5,1,2,0,1,0,52.65482711791992
2019-05-17,5,1,2,0,1,0,50.96711349487305
2019-05-20,5,1,2,0,1,0,49.49147033691406
2019-05-21,5,1,2,0,1,0,50.242557525634766
2019-05-22,5,1,2,0,1,0,49.70353698730469
2019-05-23,5,1,2,0,1,0,48.7757453918457
2019-05-24,5,1,2,0,1,0,48.49298095703125
2019-05-28,5,1,2,0,1,0,48.87294387817383
2019-05-29,5,1,2,0,1,0,49.02315902709961
2019-05-30,5,1,2,0,1,0,48.99664688110352
2019-05-31,5,1,2,0,1,0,48.8906135559082
2019-06-03,6,1,2,0,1,0,49.19987487792969
2019-06-04,6,1,2,0,1,0,49.18220138549805
2019-06-05,6,1,2,0,1,0,48.75806427001953
2019-06-06,6,1,2,0,1,0,48.784576416015625
2019-06-07,6,1,2,0,1,0,49.32358169555664
2019-06-10,6,1,2,0,1,0,50.198368072509766
2019-06-11,6,1,2,0,1,0,50.90526580810547
2019-06-12,6,1,2,0,1,0,49.95978927612305
2019-06-13,6,1,2,0,1,0,50.05699157714844
2019-06-14,6,1,2,0,1,0,49.47379684448242
2019-06-17,6,1,2,0,1,0,49.78149032592773
2019-06-18,6,1,2,0,1,0,51.39995956420898
2019-06-19,6,1,2,0,1,0,51.90684509277344
2019-06-20,6,1,2,0,1,0,52.760555267333984
2019-06-21,6,1,2,0,1,0,52.46709442138672
2019-06-24,6,1,2,0,1,0,52.45819854736328
2019-06-25,6,1,2,0,1,0,51.62228393554688
2019-06-26,6,1,2,0,1,0,52.3781623840332
2019-06-27,6,1,2,0,1,0,52.89394760131836
2019-06-28,6,1,2,0,1,0,52.86725997924805
2019-07-01,7,2,3,0,1,0,53.92548751831055
2019-07-02,7,2,3,0,1,0,53.89882278442383
2019-07-03,7,2,3,0,1,0,53.70318222045898
2019-07-05,7,2,3,0,1,0,53.04511260986328
2019-07-08,7,2,3,0,1,0,52.387054443359375
2019-07-09,7,2,3,0,1,0,52.253662109375
2019-07-10,7,2,3,0,1,0,52.39594268798828
2019-07-11,7,2,3,0,1,0,52.14694213867188
2019-07-12,7,2,3,0,1,0,52.387054443359375
2019-07-15,7,2,3,0,1,0,52.87615966796875
2019-07-16,7,2,3,0,1,0,52.82279968261719
2019-07-17,7,2,3,0,1,0,52.689414978027344
2019-07-18,7,2,3,0,1,0,52.760555267333984
2019-07-19,7,2,3,0,1,0,52.760555267333984
2019-07-22,7,2,3,0,1,0,52.5471305847168
2019-07-23,7,2,3,0,1,0,53.13404083251953
2019-07-24,7,2,3,0,1,0,53.48085784912109
2019-07-25,7,2,3,0,1,0,53.17850875854492
2019-07-26,7,2,3,0,1,0,53.28521347045898
2019-07-29,7,2,3,0,1,0,52.965087890625
2019-07-30,7,2,3,0,1,0,52.56491088867188
2019-07-31,7,2,3,0,1,0,51.99577713012695
2019-08-01,8,2,3,0,1,0,50.386192321777344
2019-08-02,8,2,3,0,1,0,49.79927062988281
2019-08-05,8,2,3,0,1,0,47.55830764770508
2019-08-06,8,2,3,0,1,0,48.17190170288086
2019-08-07,8,2,3,0,1,0,48.598758697509766
2019-08-08,8,2,3,0,1,0,49.24792098999024
2019-08-09,8,2,3,0,1,0,48.56318664550781
2019-08-12,8,2,3,0,1,0,48.056297302246094
2019-08-13,8,2,3,0,1,0,49.04338836669922
2019-08-14,8,2,3,0,1,0,47.63834381103516
2019-08-15,8,2,3,0,1,0,48.31418991088867
2019-08-16,8,2,3,0,1,0,49.23902893066406
2019-08-19,8,2,3,0,1,0,50.16387176513672
2019-08-20,8,2,3,0,1,0,50.08383941650391
2019-08-21,8,2,3,0,1,0,50.4306526184082
2019-08-22,8,2,3,0,1,0,49.88820266723633
2019-08-23,8,2,3,0,1,0,48.696571350097656
2019-08-26,8,2,3,0,1,0,49.22125244140625
2019-08-27,8,2,3,0,1,0,49.35463333129883
2019-08-28,8,2,3,0,1,0,49.45245742797852
2019-08-29,8,2,3,0,1,0,50.0127067565918
2019-08-30,8,2,3,0,1,0,50.17276763916016
2019-09-03,9,2,3,0,1,0,50.00379943847656
2019-09-04,9,2,3,0,1,0,50.884185791015625
2019-09-05,9,2,3,0,1,0,51.80013656616211
2019-09-06,9,2,3,0,1,0,51.82682037353516
2019-09-09,9,2,3,0,1,0,52.09360122680664
2019-09-10,9,2,3,0,1,0,51.889068603515625
2019-09-11,9,2,3,0,1,0,52.41373062133789
2019-09-12,9,2,3,0,1,0,52.80501937866211
2019-09-13,9,2,3,0,1,0,53.19629669189453
2019-09-16,9,2,3,0,1,0,52.63605117797852
2019-09-17,9,2,3,0,1,0,52.51155853271485
2019-09-18,9,2,3,0,1,0,52.253662109375
2019-09-19,9,2,3,0,1,0,52.04912567138672
2019-09-20,9,2,3,0,1,0,51.75566864013672
2019-09-23,9,2,3,0,1,0,51.42664337158203
2019-09-24,9,2,3,0,1,0,50.55515670776367
2019-09-25,9,2,3,0,1,0,50.84861373901367
2019-09-26,9,2,3,0,1,0,50.49290084838867
2019-09-27,9,2,3,0,1,0,49.39020919799805
2019-09-30,9,2,3,0,1,0,49.87041473388672
2019-10-01,10,2,4,0,1,0,49.6036262512207
2019-10-02,10,2,4,0,1,0,49.5947380065918
2019-10-03,10,2,4,0,1,0,50.46622848510742
2019-10-04,10,2,4,0,1,0,50.41286849975586
2019-10-07,10,2,4,0,1,0,50.04825973510742
2019-10-08,10,2,4,0,1,0,49.23902893066406
2019-10-09,10,2,4,0,1,0,49.91487503051758
2019-10-10,10,2,4,0,1,0,50.5996208190918
2019-10-11,10,2,4,0,1,0,51.58671188354492
2019-10-14,10,2,4,0,1,0,51.39995956420898
2019-10-15,10,2,4,0,1,0,52.01357269287109
2019-10-16,10,2,4,0,1,0,52.10248947143555
2019-10-17,10,2,4,0,1,0,52.18252944946289
2019-10-18,10,2,4,0,1,0,51.33771896362305
2019-10-21,10,2,4,0,1,0,51.91574478149414
2019-10-22,10,2,4,0,1,0,51.57781982421875
2019-10-23,10,2,4,0,1,0,51.3732795715332
2019-10-24,10,2,4,0,1,0,51.53335952758789
2019-10-25,10,2,4,0,1,0,52.10248947143555
2019-10-28,10,2,4,0,1,0,52.751651763916016
2019-10-29,10,2,4,0,1,0,52.18252944946289
2019-10-30,10,2,4,0,1,0,52.19141006469727
2019-10-31,10,2,4,0,1,0,51.99577713012695
2019-11-01,11,2,4,0,1,0,52.79611587524414
2019-11-04,11,2,4,0,1,0,53.67649841308594
2019-11-05,11,2,4,0,1,0,53.97885894775391
2019-11-06,11,2,4,0,1,0,53.98774719238281
2019-11-07,11,2,4,0,1,0,54.63691329956055
2019-11-08,11,2,4,0,1,0,54.36124801635742
2019-11-11,11,2,4,0,1,0,53.70318222045898
2019-11-12,11,2,4,0,1,0,53.35636901855469
2019-11-13,11,2,4,0,1,0,52.59158706665039
2019-11-14,11,2,4,0,1,0,52.51155853271485
2019-11-15,11,2,4,0,1,0,52.618263244628906
2019-11-18,11,2,4,0,1,0,52.7338752746582
2019-11-19,11,2,4,0,1,0,53.276329040527344
2019-11-20,11,2,4,0,1,0,52.7338752746582
2019-11-21,11,2,4,0,1,0,52.76944351196289
2019-11-22,11,2,4,0,1,0,52.84948348999024
2019-11-25,11,2,4,0,1,0,53.774322509765625
2019-11-26,11,2,4,0,1,0,53.88992691040039
2019-11-27,11,2,4,0,1,0,54.085567474365234
2019-11-29,11,2,4,0,1,0,53.05401611328125
2019-12-02,12,2,4,0,1,0,52.90283584594727
2019-12-03,12,2,4,0,1,0,52.62716293334961
2019-12-04,12,2,4,0,1,0,52.85836791992188
2019-12-05,12,2,4,0,1,0,53.36525344848633
2019-12-06,12,2,4,0,1,0,53.80099487304688
2019-12-09,12,2,4,0,1,0,53.33858108520508
2019-12-10,12,2,4,0,1,0,53.64982604980469
2019-12-11,12,2,4,0,1,0,54.539100646972656
2019-12-12,12,2,4,0,1,0,55.4372673034668
2019-12-13,12,2,4,0,1,0,55.23273468017578
2019-12-16,12,2,4,0,1,0,56.03515625
2019-12-17,12,2,4,0,1,0,56.66345977783203
2019-12-18,12,2,4,0,1,0,56.914772033691406
2019-12-19,12,2,4,0,1,0,56.77116012573242
2019-12-20,12,2,4,0,1,0,57.03144836425781
2019-12-23,12,2,4,0,1,0,57.06735229492188
2019-12-24,12,2,4,0,1,0,57.1032600402832
2019-12-26,12,2,4,0,1,0,57.614871978759766
2019-12-27,12,2,4,0,1,0,57.68667602539063
2019-12-30,12,2,4,0,1,0,57.444332122802734
2019-12-31,12,2,4,0,1,0,57.52511215209961
2020-01-02,1,1,1,0,1,0,59.44591522216797
2020-01-03,1,1,1,0,1,0,58.33292388916016
2020-01-06,1,1,1,0,1,0,58.23419570922852
2020-01-07,1,1,1,0,1,0,58.48551177978516
2020-01-08,1,1,1,0,1,0,58.65605163574219
2020-01-09,1,1,1,0,1,0,59.2933235168457
2020-01-10,1,1,1,0,1,0,59.67927932739258
2020-01-13,1,1,1,0,1,0,60.837135314941406
2020-01-14,1,1,1,0,1,0,60.1460189819336
2020-01-15,1,1,1,0,1,0,59.90366744995117
2020-01-16,1,1,1,0,1,0,60.27167510986328
2020-01-17,1,1,1,0,1,0,60.53196716308594
2020-01-21,1,1,1,0,0,0,58.34189987182617
2020-01-22,1,1,1,0,0,0,58.65605163574219
2020-01-23,1,1,1,0,0,0,57.89312744140625
2020-01-24,1,1,1,0,0,0,56.90578842163086
2020-01-27,1,1,1,0,0,0,54.75162887573242
2020-01-28,1,1,1,0,0,0,55.29914855957031
2020-01-29,1,1,1,0,0,0,55.83768844604492
2020-01-30,1,1,1,0,0,0,54.9849967956543
2020-01-31,1,1,1,1,0,0,53.95279693603516
2020-02-03,2,1,1,1,0,0,54.724700927734375
2020-02-04,2,1,1,1,0,0,56.82501602172852
2020-02-05,2,1,1,1,0,0,56.816036224365234
2020-02-06,2,1,1,1,0,0,57.09428787231445
2020-02-07,2,1,1,1,0,0,56.50188446044922
2020-02-10,2,1,1,1,0,0,57.12120819091797
2020-02-11,2,1,1,1,0,0,57.9200439453125
2020-02-12,2,1,1,1,0,0,59.0420036315918
2020-02-13,2,1,1,1,0,0,58.23419570922852
2020-02-14,2,1,1,1,0,0,58.18033981323242
2020-02-18,2,1,1,1,0,0,58.18033981323242
2020-02-19,2,1,1,1,0,0,58.611175537109375
2020-02-20,2,1,1,1,0,0,57.94697189331055
2020-02-21,2,1,1,1,0,0,57.72258377075195
2020-02-24,2,1,1,1,0,0,55.79280853271485
2020-02-25,2,1,1,1,0,0,55.469688415527344
2020-02-26,2,1,1,1,0,0,56.142860412597656
2020-02-27,2,1,1,1,0,0,55.47865676879883
2020-02-28,2,1,1,1,0,0,55.7658805847168
2020-03-02,3,1,1,1,0,0,56.5108642578125
2020-03-03,3,1,1,1,0,0,56.19671630859375
2020-03-04,3,1,1,1,0,0,57.1032600402832
2020-03-05,3,1,1,1,0,0,56.97759628295898
2020-03-06,3,1,1,1,0,0,55.747928619384766
2020-03-09,3,1,1,1,0,0,53.557861328125
2020-03-10,3,1,1,1,0,0,55.61329650878906
2020-03-11,3,1,1,1,0,0,53.71044921875
2020-03-12,3,1,1,1,0,0,49.67140197753906
2020-03-13,3,1,1,1,0,0,52.292293548583984
2020-03-16,3,1,1,1,0,0,47.18513488769531
2020-03-17,3,1,1,1,0,0,49.52779006958008
2020-03-18,3,1,1,1,0,0,46.99665069580078
2020-03-19,3,1,1,1,0,0,47.33772277832031
2020-03-20,3,1,1,1,0,0,47.21205520629883
2020-03-23,3,1,1,1,0,0,47.37362289428711
2020-03-24,3,1,1,1,0,0,50.18301010131836
2020-03-25,3,1,1,1,0,0,51.17033004760742
2020-03-26,3,1,1,1,0,0,52.77698516845703
2020-03-27,3,1,1,1,0,0,50.13813781738281
2020-03-30,3,1,1,1,0,0,51.26906967163086
2020-03-31,3,1,1,1,0,0,51.3857536315918
2020-04-01,4,1,2,1,0,0,49.5547103881836
2020-04-02,4,1,2,1,0,0,51.044681549072266
2020-04-03,4,1,2,1,0,0,50.44330596923828
2020-04-06,4,1,2,1,0,0,52.42692947387695
2020-04-07,4,1,2,1,0,0,52.4359016418457
2020-04-08,4,1,2,1,0,0,52.48078536987305
2020-04-09,4,1,2,1,0,0,52.40898132324219
2020-04-13,4,1,2,1,0,0,52.49873733520508
2020-04-14,4,1,2,1,0,0,53.62070083618164
2020-04-15,4,1,2,1,0,0,52.99239730834961
2020-04-16,4,1,2,1,0,0,53.58479309082031
2020-04-17,4,1,2,1,0,0,54.00665283203125
2020-04-20,4,1,2,1,0,0,53.92586517333984
2020-04-21,4,1,2,1,0,0,52.65132522583008
2020-04-22,4,1,2,1,0,0,53.80918884277344
2020-04-23,4,1,2,1,0,0,53.41425704956055
2020-04-24,4,1,2,1,0,0,53.54888534545898
2020-04-27,4,1,2,1,0,0,54.31181716918945
2020-04-28,4,1,2,1,0,0,54.14128494262695
2020-04-29,4,1,2,1,0,0,55.05680084228516
2020-04-30,4,1,2,1,0,0,53.83611297607422
2020-05-01,5,1,2,1,0,0,51.78067779541016
2020-05-04,5,1,2,1,0,0,51.96917343139648
2020-05-05,5,1,2,1,0,0,52.69620132446289
2020-05-06,5,1,2,1,0,0,53.0821533203125
2020-05-07,5,1,2,1,0,0,53.52196502685547
2020-05-08,5,1,2,1,0,0,54.7965087890625
2020-05-11,5,1,2,1,0,0,54.95806884765625
2020-05-12,5,1,2,1,0,0,54.53621673583984
2020-05-13,5,1,2,1,0,0,54.75162887573242
2020-05-14,5,1,2,1,0,0,54.59904479980469
2020-05-15,5,1,2,1,0,0,54.1323127746582
2020-05-18,5,1,2,1,0,0,56.27750015258789
2020-05-19,5,1,2,1,0,0,56.08002471923828
2020-05-20,5,1,2,1,0,0,56.44803237915039
2020-05-21,5,1,2,1,0,0,55.06578063964844
2020-05-22,5,1,2,1,0,0,53.02830123901367
2020-05-26,5,1,2,1,0,0,54.00665283203125
2020-05-27,5,1,2,1,0,0,53.56684494018555
2020-05-28,5,1,2,1,0,0,53.17191696166992
2020-05-29,5,1,2,1,0,0,54.75162887573242
2020-06-01,6,1,2,1,0,0,55.712032318115234
2020-06-02,6,1,2,1,0,0,56.93272018432617
2020-06-03,6,1,2,1,0,0,57.74053955078125
2020-06-04,6,1,2,1,0,0,57.09428787231445
2020-06-05,6,1,2,1,0,0,58.07262420654297
2020-06-08,6,1,2,1,0,0,57.91106796264648
2020-06-09,6,1,2,1,0,0,57.83926773071289
2020-06-10,6,1,2,1,0,0,58.59321594238281
2020-06-11,6,1,2,1,0,0,56.376224517822266
2020-06-12,6,1,2,1,0,0,57.237892150878906
2020-06-15,6,1,2,1,0,0,57.163124084472656
2020-06-16,6,1,2,1,0,0,57.88385391235352
2020-06-17,6,1,2,1,0,0,58.370338439941406
2020-06-18,6,1,2,1,0,0,58.70368194580078
2020-06-19,6,1,2,1,0,0,58.63161087036133
2020-06-22,6,1,2,1,0,0,59.43342971801758
2020-06-23,6,1,2,1,0,0,60.28929901123047
2020-06-24,6,1,2,1,0,0,59.73072814941406
2020-06-25,6,1,2,1,0,0,59.51450729370117
2020-06-26,6,1,2,1,0,0,59.09108352661133
2020-06-29,6,1,2,1,0,0,59.07305908203125
2020-06-30,6,1,2,1,0,0,58.964942932128906
2020-07-01,7,2,3,1,0,0,59.48747634887695
2020-07-02,7,2,3,1,0,0,61.47850036621094
2020-07-06,7,2,3,1,0,0,65.9470443725586
2020-07-07,7,2,3,1,0,0,64.6677474975586
2020-07-08,7,2,3,1,0,0,67.45157623291016
2020-07-09,7,2,3,1,0,0,67.6137466430664
2020-07-10,7,2,3,1,0,0,67.0011215209961
2020-07-13,7,2,3,1,0,0,66.23533630371094
2020-07-14,7,2,3,1,0,0,65.65874481201172
2020-07-15,7,2,3,1,0,0,65.75784301757812
2020-07-16,7,2,3,1,0,0,63.748817443847656
2020-07-17,7,2,3,1,0,0,64.10017395019531
2020-07-20,7,2,3,1,0,0,65.48759460449219
2020-07-21,7,2,3,1,0,0,65.99209594726562
2020-07-22,7,2,3,1,0,0,64.98306274414062
2020-07-23,7,2,3,1,0,0,64.80288696289062
2020-07-24,7,2,3,1,0,0,63.91097259521485
2020-07-27,7,2,3,1,0,0,63.98303985595703
2020-07-28,7,2,3,1,0,0,63.748817443847656
2020-07-29,7,2,3,1,0,0,64.94702911376953
2020-07-30,7,2,3,1,0,0,64.55964660644531
2020-07-31,7,2,3,1,0,0,64.42451477050781
2020-08-03,8,2,3,1,0,0,65.71282196044922
2020-08-04,8,2,3,1,0,0,66.67678833007812
2020-08-05,8,2,3,1,0,0,67.21733856201172
2020-08-06,8,2,3,1,0,0,67.37049102783203
2020-08-07,8,2,3,1,0,0,65.17225646972656
2020-08-10,8,2,3,1,0,0,64.77586364746094
2020-08-11,8,2,3,1,0,0,64.69476318359375
2020-08-12,8,2,3,1,0,0,65.6407470703125
2020-08-13,8,2,3,1,0,0,65.15423583984375
2020-08-14,8,2,3,1,0,0,65.11820220947266
2020-08-17,8,2,3,1,0,0,66.46957397460938
2020-08-18,8,2,3,1,0,0,66.67678833007812
2020-08-19,8,2,3,1,0,0,65.97407531738281
2020-08-20,8,2,3,1,0,0,66.1722640991211
2020-08-21,8,2,3,1,0,0,66.89300537109375
2020-08-24,8,2,3,1,0,0,67.89302062988281
2020-08-25,8,2,3,1,0,0,68.95610809326172
2020-08-26,8,2,3,1,0,0,69.20836639404297
2020-08-27,8,2,3,1,0,0,68.73088073730469
2020-08-28,8,2,3,1,0,0,69.59575653076172
2020-08-31,8,2,3,1,0,0,68.15428924560547
2020-09-01,9,2,3,1,0,0,69.67683410644531
2020-09-02,9,2,3,1,0,0,69.54168701171875
2020-09-03,9,2,3,1,0,0,67.5957260131836
2020-09-04,9,2,3,1,0,0,67.39752197265625
2020-09-08,9,2,3,1,0,0,65.44253540039062
2020-09-09,9,2,3,1,0,0,66.05516052246094
2020-09-10,9,2,3,1,0,0,64.78488159179688
2020-09-11,9,2,3,1,0,0,65.52361297607422
2020-09-14,9,2,3,1,0,0,66.48760223388672
2020-09-15,9,2,3,1,0,0,67.40652465820312
2020-09-16,9,2,3,1,0,0,67.17228698730469
2020-09-17,9,2,3,1,0,0,66.73985290527344
2020-09-18,9,2,3,1,0,0,66.65876770019531
2020-09-21,9,2,3,1,0,0,66.4065170288086
2020-09-22,9,2,3,1,0,0,65.98308563232422
2020-09-23,9,2,3,1,0,0,65.28938293457031
2020-09-24,9,2,3,1,0,0,64.76683807373047
2020-09-25,9,2,3,1,0,0,64.50558471679688
2020-09-28,9,2,3,1,0,0,65.30738830566406
2020-09-29,9,2,3,1,0,0,65.226318359375
2020-09-30,9,2,3,1,0,0,66.82093811035156
2020-10-01,10,2,4,1,0,0,67.43354797363281
2020-10-02,10,2,4,1,0,0,66.65876770019531
2020-10-05,10,2,4,1,0,0,67.01913452148438
2020-10-06,10,2,4,1,0,0,67.60474395751953
2020-10-07,10,2,4,1,0,0,68.36149597167969
2020-10-08,10,2,4,1,0,0,68.79393768310547
2020-10-09,10,2,4,1,0,0,69.16331481933594
2020-10-12,10,2,4,1,0,0,70.55072784423828
2020-10-13,10,2,4,1,0,0,70.59577941894531
2020-10-14,10,2,4,1,0,0,69.91107177734375
2020-10-15,10,2,4,1,0,0,69.31648254394531
2020-10-16,10,2,4,1,0,0,70.10026550292969
2020-10-19,10,2,4,1,0,0,69.67683410644531
2020-10-20,10,2,4,1,0,0,70.51469421386719
2020-10-21,10,2,4,1,0,0,70.68585968017578
2020-10-22,10,2,4,1,0,0,70.46965026855469
2020-10-23,10,2,4,1,0,0,70.74893188476562
2020-10-26,10,2,4,1,0,0,70.1272964477539
2020-10-27,10,2,4,1,0,0,71.27146911621094
2020-10-28,10,2,4,1,0,0,69.86603546142578
2020-10-29,10,2,4,1,0,0,71.25342559814453
2020-10-30,10,2,4,1,0,0,70.0191879272461
2020-11-02,11,2,4,1,0,0,71.17235565185547
2020-11-03,11,2,4,1,0,0,70.27144622802734
2020-11-04,11,2,4,1,0,0,73.37059783935547
2020-11-05,11,2,4,1,0,0,74.19944763183594
2020-11-06,11,2,4,1,0,0,74.60484313964844
2020-11-09,11,2,4,1,0,0,73.92015075683594
2020-11-10,11,2,4,1,0,0,71.47866821289062
2020-11-11,11,2,4,1,0,0,71.78498077392578
2020-11-12,11,2,4,1,0,0,71.83905029296875
2020-11-13,11,2,4,1,0,0,72.48770904541016
2020-11-16,11,2,4,1,0,0,72.66788482666016
2020-11-17,11,2,4,1,0,0,72.361572265625
2020-11-18,11,2,4,1,0,0,71.95616149902344
2020-11-19,11,2,4,1,0,0,72.32551574707031
2020-11-20,11,2,4,1,0,0,73.42465209960938
2020-11-23,11,2,4,1,0,0,73.09130096435547
2020-11-24,11,2,4,1,0,0,73.92015075683594
2020-11-25,11,2,4,1,0,0,73.19041442871094
2020-11-27,11,2,4,1,0,0,74.26251983642578
2020-11-30,11,2,4,1,0,0,71.902099609375
2020-12-01,12,2,4,1,0,0,72.46967315673828
2020-12-02,12,2,4,1,0,0,72.0372314453125
2020-12-03,12,2,4,1,0,0,72.70392608642578
2020-12-04,12,2,4,1,0,0,72.73994445800781
2020-12-07,12,2,4,1,0,0,72.37059020996094
2020-12-08,12,2,4,1,0,0,72.59580993652344
2020-12-09,12,2,4,1,0,0,71.38856506347656
2020-12-10,12,2,4,1,0,0,72.38858032226562
2020-12-11,12,2,4,1,0,0,71.71292114257812
2020-12-14,12,2,4,1,0,0,71.28985595703125
2020-12-15,12,2,4,1,0,0,71.59851837158203
2020-12-16,12,2,4,1,0,0,72.17951202392578
2020-12-17,12,2,4,1,0,0,72.97838592529297
2020-12-18,12,2,4,1,0,0,72.93299865722656
2020-12-21,12,2,4,1,0,0,72.58802795410156
2020-12-22,12,2,4,1,0,0,72.02517700195312
2020-12-23,12,2,4,1,0,0,72.44278717041016
2020-12-24,12,2,4,1,0,0,70.46377563476562
2020-12-28,12,2,4,1,0,0,70.26405334472656
2020-12-29,12,2,4,1,0,0,71.8617935180664
2020-12-30,12,2,4,1,0,0,73.45951843261719
2020-12-31,12,2,4,1,0,0,73.50492095947266
2021-01-04,1,1,1,1,0,0,73.75003051757812
2021-01-05,1,1,1,1,0,0,76.11939239501953
2021-01-06,1,1,1,1,0,0,74.54888153076172
2021-01-07,1,1,1,1,0,0,75.12080383300781
2021-01-08,1,1,1,1,0,0,77.5718765258789
2021-01-11,1,1,1,1,0,0,75.919677734375
2021-01-12,1,1,1,1,0,0,76.80024719238281
2021-01-13,1,1,1,1,0,0,77.44477081298828
2021-01-14,1,1,1,1,0,0,77.91683959960938
2021-01-15,1,1,1,1,0,0,77.75343322753906
2021-01-19,1,1,1,1,0,0,80.5404052734375
2021-01-20,1,1,1,1,0,0,82.97331237792969
2021-01-21,1,1,1,1,0,0,82.70097351074219
2021-01-22,1,1,1,1,0,0,82.6646499633789
2021-01-25,1,1,1,1,0,0,84.34410095214844
2021-01-26,1,1,1,1,0,0,83.56338500976562
2021-01-27,1,1,1,1,0,0,80.90351867675781
2021-01-28,1,1,1,1,0,0,80.88536071777344
2021-01-29,1,1,1,1,0,0,79.45103454589844
2021-02-01,2,1,1,1,0,0,81.78408813476562
2021-02-02,2,1,1,1,0,0,82.60111999511719
2021-02-03,2,1,1,1,0,0,83.33644104003906
2021-02-04,2,1,1,1,0,0,83.3636703491211
2021-02-05,2,1,1,1,0,0,83.88111877441406
2021-02-08,2,1,1,1,0,0,83.99004364013672
2021-02-09,2,1,1,1,0,0,85.58778381347656
2021-02-10,2,1,1,1,0,0,86.28679656982422
2021-02-11,2,1,1,1,0,0,87.61219787597656
2021-02-12,2,1,1,1,0,0,87.49417114257812
2021-02-16,2,1,1,1,0,0,87.65758514404297
2021-02-17,2,1,1,1,0,0,88.2294921875
2021-02-18,2,1,1,1,0,0,86.15062713623047
2021-02-19,2,1,1,1,0,0,86.83148956298828
2021-02-22,2,1,1,1,0,0,83.27288818359375
2021-02-23,2,1,1,1,0,0,83.45445251464844
2021-02-24,2,1,1,1,0,0,81.78408813476562
2021-02-25,2,1,1,1,0,0,79.97756958007812
2021-02-26,2,1,1,1,0,0,79.0788345336914
2021-03-01,3,1,1,1,0,0,81.5299072265625
2021-03-02,3,1,1,1,0,0,79.81414794921875
2021-03-03,3,1,1,1,0,0,79.43286895751953
2021-03-04,3,1,1,1,0,0,76.98179626464844
2021-03-05,3,1,1,1,0,0,77.33584594726562
2021-03-08,3,1,1,1,0,0,73.78632354736328
2021-03-09,3,1,1,1,0,0,76.80024719238281
2021-03-10,3,1,1,1,0,0,75.45670318603516
2021-03-11,3,1,1,1,0,0,78.92450714111328
2021-03-12,3,1,1,1,0,0,76.75486755371094
2021-03-15,3,1,1,1,0,0,76.58236694335938
2021-03-16,3,1,1,1,0,0,77.04535675048828
2021-03-17,3,1,1,1,0,0,77.25414276123047
2021-03-18,3,1,1,1,0,0,76.5188217163086
2021-03-19,3,1,1,1,0,0,77.07257080078125
2021-03-22,3,1,1,1,0,0,76.80024719238281
2021-03-23,3,1,1,1,0,0,75.27513122558594
2021-03-24,3,1,1,1,0,0,72.02517700195312
2021-03-25,3,1,1,1,0,0,72.01612091064453
2021-03-26,3,1,1,1,0,0,73.8498764038086
2021-03-29,3,1,1,1,0,0,73.32334899902344
2021-03-30,3,1,1,1,0,0,74.02236938476562
2021-03-31,3,1,1,1,0,0,74.16761016845703
2021-04-01,4,1,2,1,0,0,75.27513122558594
2021-04-05,4,1,2,1,0,0,75.43853759765625
2021-04-06,4,1,2,1,0,0,76.21016693115234
2021-04-07,4,1,2,1,0,0,74.02236938476562
2021-04-08,4,1,2,1,0,0,74.99370574951172
2021-04-09,4,1,2,1,0,0,73.87712097167969
2021-04-12,4,1,2,1,0,0,73.98605346679688
2021-04-13,4,1,2,1,0,0,74.13130187988281
2021-04-14,4,1,2,1,0,0,74.00419616699219
2021-04-15,4,1,2,1,0,0,74.25839233398438
2021-04-16,4,1,2,1,0,0,74.6124496459961
2021-04-19,4,1,2,1,0,0,74.58519744873047
2021-04-20,4,1,2,1,0,0,73.96790313720703
2021-04-21,4,1,2,1,0,0,74.55796813964844
2021-04-22,4,1,2,1,0,0,74.91200256347656
2021-04-23,4,1,2,1,0,0,76.06493377685547
2021-04-26,4,1,2,1,0,0,75.22974395751953
2021-04-27,4,1,2,1,0,0,75.56562805175781
2021-04-28,4,1,2,1,0,0,76.01953125
2021-04-29,4,1,2,1,0,0,75.6200942993164
2021-04-30,4,1,2,1,0,0,74.42179870605469
2021-05-03,5,1,2,1,0,0,74.23116302490234
2021-05-04,5,1,2,1,0,0,73.34150695800781
2021-05-05,5,1,2,1,0,0,73.31427001953125
2021-05-06,5,1,2,1,0,0,73.3959732055664
2021-05-07,5,1,2,1,0,0,73.32334899902344
2021-05-10,5,1,2,1,0,0,71.12646484375
2021-05-11,5,1,2,1,0,0,71.67115020751953
2021-05-12,5,1,2,1,0,0,70.80873107910156
2021-05-13,5,1,2,1,0,0,69.61951446533203
2021-05-14,5,1,2,1,0,0,71.02659606933594
2021-05-17,5,1,2,1,0,0,71.80731201171875
2021-05-18,5,1,2,1,0,0,72.5335693359375
2021-05-19,5,1,2,1,0,0,72.57893371582031
2021-05-20,5,1,2,1,0,0,73.14179229736328
2021-05-21,5,1,2,1,0,0,72.06149291992188
2021-05-24,5,1,2,1,0,0,72.26123046875
2021-05-25,5,1,2,1,0,0,73.79540252685547
2021-05-26,5,1,2,1,0,0,74.27655792236328
2021-05-27,5,1,2,1,0,0,74.59427642822266
2021-05-28,5,1,2,1,0,0,74.29469299316406
2021-06-01,6,1,2,1,0,0,76.32818603515625
2021-06-02,6,1,2,1,0,0,75.94691467285156
2021-06-03,6,1,2,1,0,0,74.44902801513672
2021-06-04,6,1,2,1,0,0,75.07542419433594
2021-06-07,6,1,2,1,0,0,74.40364837646484
2021-06-08,6,1,2,1,0,0,73.96790313720703
2021-06-09,6,1,2,1,0,0,73.85896301269531
2021-06-10,6,1,2,1,0,0,74.38390350341797
2021-06-11,6,1,2,1,0,0,74.1291732788086
2021-06-14,6,1,2,1,0,0,74.28382873535156
2021-06-15,6,1,2,1,0,0,73.17389678955078
2021-06-16,6,1,2,1,0,0,72.03665161132812
2021-06-17,6,1,2,1,0,0,73.17389678955078
2021-06-18,6,1,2,1,0,0,73.07381439208984
2021-06-21,6,1,2,1,0,0,73.02831268310547
2021-06-22,6,1,2,1,0,0,72.50064849853516
2021-06-23,6,1,2,1,0,0,73.43772888183594
2021-06-24,6,1,2,1,0,0,74.27472686767578
2021-06-25,6,1,2,1,0,0,75.53022766113281
2021-06-28,6,1,2,1,0,0,75.97603607177734
2021-06-29,6,1,2,1,0,0,75.80316162109375
2021-06-30,6,1,2,1,0,0,75.00254821777344
2021-07-01,7,2,3,1,0,0,74.39300537109375
2021-07-02,7,2,3,1,0,0,73.30125427246094
2021-07-06,7,2,3,1,0,0,71.26334381103516
2021-07-07,7,2,3,1,0,0,70.97221374511719
2021-07-08,7,2,3,1,0,0,68.91609191894531
2021-07-09,7,2,3,1,0,0,70.71747589111328
2021-07-12,7,2,3,1,0,0,70.4809341430664
2021-07-13,7,2,3,1,0,0,71.26334381103516
2021-07-14,7,2,3,1,0,0,71.17236328125
2021-07-15,7,2,3,1,0,0,71.8274154663086
2021-07-16,7,2,3,1,0,0,70.97221374511719
2021-07-19,7,2,3,1,0,0,70.02603912353516
2021-07-20,7,2,3,1,0,0,69.90777587890625
2021-07-21,7,2,3,1,0,0,70.54461669921875
2021-07-22,7,2,3,1,0,0,70.5355224609375
2021-07-23,7,2,3,1,0,0,68.08820343017578
2021-07-26,7,2,3,1,0,0,64.25800323486328
2021-07-27,7,2,3,1,0,0,61.67422866821289
2021-07-28,7,2,3,1,0,0,65.48622131347656
2021-07-29,7,2,3,1,0,0,65.24967956542969
2021-07-30,7,2,3,1,0,0,64.84026336669922
2021-08-02,8,2,3,1,0,0,65.70455932617188
2021-08-03,8,2,3,1,0,0,64.93125915527344
2021-08-04,8,2,3,1,0,0,65.86833190917969
2021-08-05,8,2,3,1,0,0,65.10411071777344
2021-08-06,8,2,3,1,0,0,64.30349731445312
2021-08-09,8,2,3,1,0,0,65.4498291015625
2021-08-10,8,2,3,1,0,0,66.03209686279297
2021-08-11,8,2,3,1,0,0,66.18675231933594
2021-08-12,8,2,3,1,0,0,65.122314453125
2021-08-13,8,2,3,1,0,0,64.7765884399414
2021-08-16,8,2,3,1,0,0,63.53927230834961
2021-08-17,8,2,3,1,0,0,61.71971130371094
2021-08-18,8,2,3,1,0,0,62.138214111328125
2021-08-19,8,2,3,1,0,0,60.54609680175781
2021-08-20,8,2,3,1,0,0,60.16398239135742
2021-08-23,8,2,3,1,0,0,61.47407531738281
2021-08-24,8,2,3,1,0,0,64.15792846679688
2021-08-25,8,2,3,1,0,0,63.67575454711914
2021-08-26,8,2,3,1,0,0,62.69317626953125
2021-08-27,8,2,3,1,0,0,62.756866455078125
2021-08-30,8,2,3,1,0,0,62.993412017822266
2021-08-31,8,2,3,1,0,0,64.40357971191406
2021-09-01,9,2,3,1,0,0,66.05028533935547
2021-09-02,9,2,3,1,0,0,65.58628845214844
2021-09-03,9,2,3,1,0,0,65.54080200195312
2021-09-07,9,2,3,1,0,0,67.26939392089844
2021-09-08,9,2,3,1,0,0,66.23225402832031
2021-09-09,9,2,3,1,0,0,65.6408920288086
2021-09-10,9,2,3,1,0,0,65.40433502197266
2021-09-13,9,2,3,1,0,0,65.14959716796875
2021-09-14,9,2,3,1,0,0,63.7849235534668
2021-09-15,9,2,3,1,0,0,63.09348678588867
2021-09-16,9,2,3,1,0,0,62.01084518432617
2021-09-17,9,2,3,1,0,0,62.69317626953125
2021-09-20,9,2,3,1,0,0,60.1912841796875
2021-09-21,9,2,3,1,0,0,60.80992889404297
2021-09-22,9,2,3,1,0,0,62.01084518432617
2021-09-23,9,2,3,1,0,0,61.86527633666992
2021-09-24,9,2,3,1,0,0,60.60068130493164
2021-09-27,9,2,3,1,0,0,61.45588302612305
2021-09-28,9,2,3,1,0,0,61.292118072509766
2021-09-29,9,2,3,1,0,0,60.60068130493164
2021-09-30,9,2,3,1,0,0,61.43767547607422
2021-10-01,10,2,4,1,0,0,60.83722686767578
2021-10-04,10,2,4,1,0,0,59.54533004760742
2021-10-05,10,2,4,1,0,0,60.1912841796875
2021-10-06,10,2,4,1,0,0,60.00022506713867
2021-10-07,10,2,4,1,0,0,62.44753646850586
2021-10-08,10,2,4,1,0,0,62.929725646972656
2021-10-11,10,2,4,1,0,0,62.80235290527344
2021-10-12,10,2,4,1,0,0,62.41115188598633
2021-10-13,10,2,4,1,0,0,63.87589645385742
2021-10-14,10,2,4,1,0,0,63.39370727539063
2021-10-15,10,2,4,1,0,0,64.07605743408203
2021-10-18,10,2,4,1,0,0,64.35808563232422
2021-10-19,10,2,4,1,0,0,66.00479125976562
2021-10-20,10,2,4,1,0,0,66.05937957763672
2021-10-21,10,2,4,1,0,0,65.93201446533203
2021-10-22,10,2,4,1,0,0,65.94111633300781
2021-10-25,10,2,4,1,0,0,66.15946197509766
2021-10-26,10,2,4,1,0,0,64.70380401611328
2021-10-27,10,2,4,1,0,0,64.00326538085938
2021-10-28,10,2,4,1,0,0,64.04875946044922
2021-10-29,10,2,4,1,0,0,62.993412017822266
2021-11-01,11,2,4,1,0,0,63.975982666015625
2021-11-02,11,2,4,1,0,0,62.165504455566406
2021-11-03,11,2,4,1,0,0,62.77506256103516
2021-11-04,11,2,4,1,0,0,62.5658073425293
2021-11-05,11,2,4,1,0,0,61.54685592651367
2021-11-08,11,2,4,1,0,0,62.15641403198242
2021-11-09,11,2,4,1,0,0,61.64692687988281
2021-11-10,11,2,4,1,0,0,62.24738693237305
2021-11-11,11,2,4,1,0,0,64.27619934082031
2021-11-12,11,2,4,1,0,0,64.28530883789062
2021-11-15,11,2,4,1,0,0,63.81222915649414
2021-11-16,11,2,4,1,0,0,64.58552551269531
2021-11-17,11,2,4,1,0,0,63.93048858642578
2021-11-18,11,2,4,1,0,0,62.15641403198242
2021-11-19,11,2,4,1,0,0,62.48393249511719
2021-11-22,11,2,4,1,0,0,61.81979370117188
2021-11-23,11,2,4,1,0,0,61.40129470825195
2021-11-24,11,2,4,1,0,0,61.62873840332031
2021-11-26,11,2,4,1,0,0,60.02752685546875
2021-11-29,11,2,4,1,0,0,59.65450286865234
2021-11-30,11,2,4,1,0,0,59.32698440551758
2021-12-01,12,2,4,1,0,0,58.90848159790039
2021-12-02,12,2,4,1,0,0,59.09043884277344
2021-12-03,12,2,4,1,0,0,57.39824676513672
2021-12-06,12,2,4,1,0,0,58.33531951904297
2021-12-07,12,2,4,1,0,0,59.445255279541016
2021-12-08,12,2,4,1,0,0,59.99112701416016
2021-12-09,12,2,4,1,0,0,59.95474243164063
2021-12-10,12,2,4,1,0,0,59.95474243164063
2021-12-13,12,2,4,1,0,0,58.97142028808594
2021-12-14,12,2,4,1,0,0,58.80646514892578
2021-12-15,12,2,4,1,0,0,57.42267608642578
2021-12-16,12,2,4,1,0,0,57.57846832275391
2021-12-17,12,2,4,1,0,0,56.90031814575195
2021-12-20,12,2,4,1,0,0,55.626502990722656
2021-12-21,12,2,4,1,0,0,57.31270980834961
2021-12-22,12,2,4,1,0,0,57.11109161376953
2021-12-23,12,2,4,1,0,0,57.4868278503418
2021-12-27,12,2,4,1,0,0,57.29438018798828
2021-12-28,12,2,4,1,0,0,56.7078742980957
2021-12-29,12,2,4,1,0,0,55.86476516723633
2021-12-30,12,2,4,1,0,0,57.87171936035156
2021-12-31,12,2,4,1,0,0,57.52347946166992
2022-01-03,1,1,1,1,0,0,57.51431655883789
2022-01-04,1,1,1,1,0,0,56.44210815429688
2022-01-05,1,1,1,1,0,0,55.16829299926758
2022-01-06,1,1,1,1,0,0,55.91975402832031
2022-01-07,1,1,1,1,0,0,56.80867385864258
2022-01-10,1,1,1,1,0,0,56.93697738647461
2022-01-11,1,1,1,1,0,0,58.46738815307617
2022-01-12,1,1,1,1,0,0,59.7320442199707
2022-01-13,1,1,1,1,0,0,57.91754531860352
2022-01-14,1,1,1,1,0,0,58.357418060302734
2022-01-18,1,1,1,1,0,0,57.62428665161133
2022-01-19,1,1,1,1,0,0,57.90837860107422
2022-01-20,1,1,1,1,0,0,59.41130447387695
2022-01-21,1,1,1,1,0,0,58.21079635620117
2022-01-24,1,1,1,1,0,0,57.37685775756836
2022-01-25,1,1,1,1,0,0,57.12942123413086
2022-01-26,1,1,1,1,0,0,56.06637954711914
2022-01-27,1,1,1,1,0,0,54.939186096191406
2022-01-28,1,1,1,1,0,0,54.81089019775391
2022-01-31,1,1,1,1,0,0,57.36769104003906
2022-02-01,2,1,1,1,0,0,57.72509765625
2022-02-02,2,1,1,1,0,0,57.23023223876953
2022-02-03,2,1,1,1,0,0,56.8453369140625
2022-02-04,2,1,1,1,0,0,57.18441009521485
2022-02-07,2,1,1,1,0,0,56.79034805297852
2022-02-08,2,1,1,1,0,0,57.42267608642578
2022-02-09,2,1,1,1,0,0,58.68732833862305
2022-02-10,2,1,1,1,0,0,58.19246673583984
2022-02-11,2,1,1,1,0,0,57.01945495605469
2022-02-14,2,1,1,1,0,0,56.57957077026367
2022-02-15,2,1,1,1,0,0,57.88088607788086
2022-02-16,2,1,1,1,0,0,57.96336364746094
2022-02-17,2,1,1,1,0,0,57.51431655883789
2022-02-18,2,1,1,1,0,0,56.42378234863281
2022-02-22,2,1,1,1,0,0,54.91168975830078
2022-02-23,2,1,1,1,0,0,54.31602478027344
2022-02-24,2,1,1,1,0,0,54.03193664550781
2022-02-25,2,1,1,1,0,1,54.31602478027344
2022-02-28,2,1,1,1,0,1,53.71118927001953
2022-03-01,3,1,1,1,0,1,53.6928596496582
2022-03-02,3,1,1,1,0,1,53.298805236816406
2022-03-03,3,1,1,1,0,1,51.89667892456055
2022-03-04,3,1,1,1,0,1,50.833641052246094
2022-03-07,3,1,1,1,0,1,48.89999771118164
2022-03-08,3,1,1,1,0,1,48.304325103759766
2022-03-09,3,1,1,1,0,1,49.248233795166016
2022-03-10,3,1,1,1,0,1,47.08549880981445
2022-03-11,3,1,1,1,0,1,44.99606704711914
2022-03-14,3,1,1,1,0,1,41.7611198425293
2022-03-15,3,1,1,1,0,1,41.44952774047852
2022-03-16,3,1,1,1,0,1,50.12799835205078
2022-03-17,3,1,1,1,0,1,48.24018096923828
2022-03-18,3,1,1,1,0,1,50.45791244506836
2022-03-21,3,1,1,1,0,1,48.57009506225586
2022-03-22,3,1,1,1,0,1,50.43958282470703
2022-03-23,3,1,1,1,0,1,50.11883544921875
2022-03-24,3,1,1,1,0,1,49.65146255493164
2022-03-25,3,1,1,1,0,1,48.65256881713867
2022-03-28,3,1,1,1,0,1,49.220741271972656
2022-03-29,3,1,1,1,0,1,50.15548706054688
2022-03-30,3,1,1,1,0,1,50.25630569458008
2022-03-31,3,1,1,1,0,1,48.46928787231445
2022-04-01,4,1,2,1,0,1,50.17382049560547
2022-04-04,4,1,2,1,0,1,51.76838684082031
2022-04-05,4,1,2,1,0,1,50.32960510253906
2022-04-06,4,1,2,1,0,1,49.50483322143555
2022-04-07,4,1,2,1,0,1,48.634239196777344
2022-04-08,4,1,2,1,0,1,48.762542724609375
2022-04-11,4,1,2,1,0,1,47.59869003295898
2022-04-12,4,1,2,1,0,1,47.543704986572266
2022-04-13,4,1,2,1,0,1,48.33182144165039
2022-04-14,4,1,2,1,0,1,47.84611511230469
2022-04-18,4,1,2,1,0,1,47.47955703735352
2022-04-19,4,1,2,1,0,1,47.15880584716797
2022-04-20,4,1,2,1,0,1,45.72920227050781
2022-04-21,4,1,2,1,0,1,44.16212463378906
2022-04-22,4,1,2,1,0,1,44.43705368041992
2022-04-25,4,1,2,1,0,1,43.58477783203125
2022-04-26,4,1,2,1,0,1,42.61338424682617
2022-04-27,4,1,2,1,0,1,44.13462829589844
2022-04-28,4,1,2,1,0,1,44.58368682861328
2022-04-29,4,1,2,1,0,1,46.24238967895508
2022-05-02,5,1,2,1,0,1,46.48982620239258
2022-05-03,5,1,2,1,0,1,47.0488395690918
2022-05-04,5,1,2,1,0,1,47.259613037109375
2022-05-05,5,1,2,1,0,1,44.87693405151367
2022-05-06,5,1,2,1,0,1,43.548126220703125
2022-05-09,5,1,2,1,0,1,41.95356369018555
2022-05-10,5,1,2,1,0,1,42.56756210327149
2022-05-11,5,1,2,1,0,1,42.5217399597168
2022-05-12,5,1,2,1,0,1,42.56756210327149
2022-05-13,5,1,2,1,0,1,44.2812614440918
2022-05-16,5,1,2,1,0,1,44.19878387451172
2022-05-17,5,1,2,1,0,1,45.59173583984375
2022-05-18,5,1,2,1,0,1,44.33624649047852
2022-05-19,5,1,2,1,0,1,45.42678451538086
2022-05-20,5,1,2,1,0,1,45.58257293701172
2022-05-23,5,1,2,1,0,1,45.60089492797852
2022-05-24,5,1,2,1,0,1,43.850547790527344
2022-05-25,5,1,2,1,0,1,44.26293563842773
2022-05-26,5,1,2,1,0,1,45.7933464050293
2022-05-27,5,1,2,1,0,1,46.01328659057617
2022-05-31,5,1,2,1,0,1,47.46123123168945
2022-06-01,6,1,2,1,0,1,47.00301361083984
2022-06-02,6,1,2,1,0,1,48.3134880065918
2022-06-03,6,1,2,1,0,1,47.57119369506836
2022-06-06,6,1,2,1,0,1,48.698387145996094
2022-06-07,6,1,2,1,0,1,49.5781478881836
2022-06-08,6,1,2,1,0,1,51.15438461303711
2022-06-09,6,1,2,1,0,1,49.13799285888672
2022-06-10,6,1,2,1,0,1,49.2578010559082
2022-06-13,6,1,2,1,0,1,47.1381950378418
2022-06-14,6,1,2,1,0,1,48.631134033203125
2022-06-15,6,1,2,1,0,1,49.58034896850586
2022-06-16,6,1,2,1,0,1,47.81093978881836
2022-06-17,6,1,2,1,0,1,48.64034652709961
2022-06-21,6,1,2,1,0,1,49.94897079467773
2022-06-22,6,1,2,1,0,1,49.17485809326172
2022-06-23,6,1,2,1,0,1,50.05034637451172
2022-06-24,6,1,2,1,0,1,51.43270111083984
2022-06-27,6,1,2,1,0,1,51.57093048095703
2022-06-28,6,1,2,1,0,1,51.58015060424805
2022-06-29,6,1,2,1,0,1,51.294464111328125
2022-06-30,6,1,2,1,0,1,51.43270111083984
2022-07-01,7,2,3,1,0,1,51.45112991333008
2022-07-05,7,2,3,1,0,1,51.257598876953125
2022-07-06,7,2,3,1,0,1,50.49270248413086
2022-07-07,7,2,3,1,0,1,51.626224517822266
2022-07-08,7,2,3,1,0,1,51.16544723510742
2022-07-11,7,2,3,1,0,1,48.88916778564453
2022-07-12,7,2,3,1,0,1,48.64034652709961
2022-07-13,7,2,3,1,0,1,48.41917037963867
2022-07-14,7,2,3,1,0,1,47.82936477661133
2022-07-15,7,2,3,1,0,1,47.28564834594727
2022-07-18,7,2,3,1,0,1,48.059757232666016
2022-07-19,7,2,3,1,0,1,48.50210952758789
2022-07-20,7,2,3,1,0,1,48.11505126953125
2022-07-21,7,2,3,1,0,1,48.446815490722656
2022-07-22,7,2,3,1,0,1,47.33172225952149
2022-07-25,7,2,3,1,0,1,47.55289459228516
2022-07-26,7,2,3,1,0,1,47.35015487670898
2022-07-27,7,2,3,1,0,1,47.82015609741211
2022-07-28,7,2,3,1,0,1,47.28564834594727
2022-07-29,7,2,3,1,0,1,45.79270553588867
2022-08-01,8,2,3,1,0,1,45.25819778442383
2022-08-02,8,2,3,1,0,1,45.00015640258789
2022-08-03,8,2,3,1,0,1,45.38721466064453
2022-08-04,8,2,3,1,0,1,46.07838821411133
2022-08-05,8,2,3,1,0,1,45.71897506713867
2022-08-08,8,2,3,1,0,1,45.37799835205078
2022-08-09,8,2,3,1,0,1,45.11074066162109
2022-08-10,8,2,3,1,0,1,45.11074066162109
2022-08-11,8,2,3,1,0,1,45.930938720703125
2022-08-12,8,2,3,1,0,1,46.05995559692383
2022-08-15,8,2,3,1,0,1,45.84799575805664
2022-08-16,8,2,3,1,0,1,45.57152938842773
2022-08-17,8,2,3,1,0,1,45.43328857421875
2022-08-18,8,2,3,1,0,1,44.99094009399414
2022-08-19,8,2,3,1,0,1,44.66839218139648
2022-08-22,8,2,3,1,0,1,44.84349060058594
2022-08-23,8,2,3,1,0,1,44.92642974853516
2022-08-24,8,2,3,1,0,1,44.92642974853516
2022-08-25,8,2,3,1,0,1,46.80643081665039
2022-08-26,8,2,3,1,0,1,46.4285888671875
2022-08-29,8,2,3,1,0,1,46.03231048583984
2022-08-30,8,2,3,1,0,1,44.96329498291016
2022-08-31,8,2,3,1,0,1,45.79270553588867
2022-09-01,9,2,3,1,0,1,45.35956573486328
2022-09-02,9,2,3,1,0,1,44.530155181884766
2022-09-06,9,2,3,1,0,1,43.673095703125
2022-09-07,9,2,3,1,0,1,44.28133010864258
2022-09-08,9,2,3,1,0,1,43.709957122802734
2022-09-09,9,2,3,1,0,1,44.5670166015625
2022-09-12,9,2,3,1,0,1,45.21211624145508
2022-09-13,9,2,3,1,0,1,43.709957122802734
2022-09-14,9,2,3,1,0,1,43.783687591552734
2022-09-15,9,2,3,1,0,1,43.42427444458008
2022-09-16,9,2,3,1,0,1,42.56721115112305
2022-09-19,9,2,3,1,0,1,42.66858673095703
2022-09-20,9,2,3,1,0,1,42.41054916381836
2022-09-21,9,2,3,1,0,1,41.1572151184082
2022-09-22,9,2,3,1,0,1,40.91761016845703
2022-09-23,9,2,3,1,0,1,40.16192626953125
2022-09-26,9,2,3,1,0,1,40.35545349121094
2022-09-27,9,2,3,1,0,1,40.19878387451172
2022-09-28,9,2,3,1,0,1,40.51211929321289
2022-09-29,9,2,3,1,0,1,39.51682662963867
2022-09-30,9,2,3,1,0,1,39.221927642822266
2022-10-03,10,2,4,1,0,1,39.44309997558594
2022-10-04,10,2,4,1,0,1,41.01897430419922
2022-10-05,10,2,4,1,0,1,41.22172927856445
2022-10-06,10,2,4,1,0,1,40.79780197143555
2022-10-07,10,2,4,1,0,1,39.71957015991211
2022-10-10,10,2,4,1,0,1,38.37408065795898
2022-10-11,10,2,4,1,0,1,37.4525146484375
2022-10-12,10,2,4,1,0,1,37.443302154541016
2022-10-13,10,2,4,1,0,1,37.27741241455078
2022-10-14,10,2,4,1,0,1,36.82585144042969
2022-10-17,10,2,4,1,0,1,37.904083251953125
2022-10-18,10,2,4,1,0,1,37.765846252441406
2022-10-19,10,2,4,1,0,1,36.21761703491211
2022-10-20,10,2,4,1,0,1,36.43878936767578
2022-10-21,10,2,4,1,0,1,36.77055740356445
2022-10-24,10,2,4,1,0,1,33.22251892089844
2022-10-25,10,2,4,1,0,1,33.821537017822266
2022-10-26,10,2,4,1,0,1,35.32369613647461
2022-10-27,10,2,4,1,0,1,34.42977523803711
2022-10-28,10,2,4,1,0,1,33.416046142578125
2022-10-31,10,2,4,1,0,1,32.78938293457031
2022-11-01,11,2,4,1,0,1,34.20859909057617
2022-11-02,11,2,4,1,0,1,34.48506546020508
2022-11-03,11,2,4,1,0,1,34.9550666809082
2022-11-04,11,2,4,1,0,1,37.49858856201172
2022-11-07,11,2,4,1,0,1,37.470947265625
2022-11-08,11,2,4,1,0,1,37.415653228759766
2022-11-09,11,2,4,1,0,1,36.005653381347656
2022-11-10,11,2,4,1,0,1,38.0146713256836
2022-11-11,11,2,4,1,0,1,39.50761032104492
2022-11-14,11,2,4,1,0,1,39.76565170288086
2022-11-15,11,2,4,1,0,1,41.7562370300293
2022-11-16,11,2,4,1,0,1,41.009765625
2022-11-17,11,2,4,1,0,1,41.7562370300293
2022-11-18,11,2,4,1,0,1,40.60428237915039
2022-11-21,11,2,4,1,0,1,39.93152618408203
2022-11-22,11,2,4,1,0,1,39.544471740722656
2022-11-23,11,2,4,1,0,1,39.95917892456055
2022-11-25,11,2,4,1,0,1,39.23114013671875
2022-11-28,11,2,4,1,0,1,39.67348861694336
2022-11-29,11,2,4,1,0,1,41.396820068359375
2022-11-30,11,2,4,1,0,1,43.322898864746094
2022-12-01,12,2,4,1,0,1,42.9634895324707
2022-12-02,12,2,4,1,0,1,44.01408004760742
2022-12-05,12,2,4,1,0,1,43.96799850463867
2022-12-06,12,2,4,1,0,1,44.57622909545898
2022-12-07,12,2,4,1,0,1,43.8574104309082
2022-12-08,12,2,4,1,0,1,45.21211624145508
2022-12-09,12,2,4,1,0,1,44.91721725463867
2022-12-12,12,2,4,1,0,1,44.530155181884766
2022-12-13,12,2,4,1,0,1,44.91551971435547
2022-12-14,12,2,4,1,0,1,45.22418212890625
2022-12-15,12,2,4,1,0,1,44.23271560668945
2022-12-16,12,2,4,1,0,1,44.279483795166016
2022-12-19,12,2,4,1,0,1,43.93340301513672
2022-12-20,12,2,4,1,0,1,43.372188568115234
2022-12-21,12,2,4,1,0,1,44.28883743286133
2022-12-22,12,2,4,1,0,1,43.99887847900391
2022-12-23,12,2,4,1,0,1,43.73697662353516
2022-12-27,12,2,4,1,0,1,45.45802307128906
2022-12-28,12,2,4,1,0,1,44.11111831665039
2022-12-29,12,2,4,1,0,1,45.261600494384766
2022-12-30,12,2,4,1,0,1,44.42913436889648
2023-01-03,1,1,1,1,0,1,45.93505096435547
2023-01-04,1,1,1,1,0,1,48.64756393432617
2023-01-05,1,1,1,1,0,1,48.61015319824219
2023-01-06,1,1,1,1,0,1,48.88140106201172
2023-01-09,1,1,1,1,0,1,49.05911636352539
2023-01-10,1,1,1,1,0,1,49.55485916137695
2023-01-11,1,1,1,1,0,1,49.957061767578125
2023-01-12,1,1,1,1,0,1,49.59226608276367
2023-01-13,1,1,1,1,0,1,50.396671295166016
2023-01-17,1,1,1,1,0,1,49.77933883666992
2023-01-18,1,1,1,1,0,1,49.16201400756836
2023-01-19,1,1,1,1,0,1,50.069297790527344
2023-01-20,1,1,1,1,0,1,51.14495468139648
2023-01-23,1,1,1,1,0,1,51.74357986450195
2023-01-24,1,1,1,1,0,1,51.68745422363281
2023-01-25,1,1,1,1,0,1,51.81840515136719
2023-01-26,1,1,1,1,0,1,52.56668472290039
2023-01-27,1,1,1,1,0,1,52.44509506225586
2023-01-30,1,1,1,1,0,1,50.47150039672852
2023-01-31,1,1,1,1,0,1,50.11606979370117
2023-02-01,2,1,1,1,0,1,51.2759017944336
2023-02-02,2,1,1,1,0,1,50.34990310668945
2023-02-03,2,1,1,1,0,1,49.14330291748047
2023-02-06,2,1,1,1,0,1,48.49790573120117
2023-02-07,2,1,1,1,0,1,48.74110412597656
2023-02-08,2,1,1,1,0,1,48.26407241821289
2023-02-09,2,1,1,1,0,1,49.27425384521485
2023-02-10,2,1,1,1,0,1,47.98346710205078
2023-02-13,2,1,1,1,0,1,48.843994140625
2023-02-14,2,1,1,1,0,1,48.40437698364258
2023-02-15,2,1,1,1,0,1,48.0208854675293
2023-02-16,2,1,1,1,0,1,47.95541000366211
2023-02-17,2,1,1,1,0,1,46.99199676513672
2023-02-21,2,1,1,1,0,1,46.486907958984375
2023-02-22,2,1,1,1,0,1,46.20630645751953
2023-02-23,2,1,1,1,0,1,45.94440460205078
2023-02-24,2,1,1,1,0,1,44.672325134277344
2023-02-27,2,1,1,1,0,1,45.24289321899414
2023-02-28,2,1,1,1,0,1,44.76586532592773
2023-03-01,3,1,1,1,0,1,46.49626159667969
2023-03-02,3,1,1,1,0,1,47.16036224365234
2023-03-03,3,1,1,1,0,1,47.24454498291016
2023-03-06,3,1,1,1,0,1,46.61785888671875
2023-03-07,3,1,1,1,0,1,45.59832000732422
2023-03-08,3,1,1,1,0,1,45.25225067138672
2023-03-09,3,1,1,1,0,1,43.65279769897461
2023-03-10,3,1,1,1,0,1,43.70891952514648
2023-03-13,3,1,1,1,0,1,44.08305740356445
2023-03-14,3,1,1,1,0,1,44.32624435424805
2023-03-15,3,1,1,1,0,1,43.62473678588867
2023-03-16,3,1,1,1,0,1,44.13917922973633
2023-03-17,3,1,1,1,0,1,43.99887847900391
2023-03-20,3,1,1,1,0,1,43.83051300048828
2023-03-21,3,1,1,1,0,1,44.51332092285156
2023-03-22,3,1,1,1,0,1,44.64426803588867
2023-03-23,3,1,1,1,0,1,45.86957550048828
2023-03-24,3,1,1,1,0,1,45.6357421875
2023-03-27,3,1,1,1,0,1,44.971641540527344
2023-03-28,3,1,1,1,0,1,46.44014358520508
2023-03-29,3,1,1,1,0,1,46.44014358520508
2023-03-30,3,1,1,1,0,1,47.12294769287109
2023-03-31,3,1,1,1,0,1,46.66461944580078
2023-04-03,4,1,2,1,0,1,46.655269622802734
2023-04-04,4,1,2,1,0,1,46.505619049072266
2023-04-05,4,1,2,1,0,1,45.95376205444336
2023-04-06,4,1,2,1,0,1,46.51497268676758
2023-04-10,4,1,2,1,0,1,46.32789611816406
2023-04-11,4,1,2,1,0,1,46.35596084594727
2023-04-12,4,1,2,1,0,1,45.13064956665039
2023-04-13,4,1,2,1,0,1,46.07535171508789
2023-04-14,4,1,2,1,0,1,45.6825065612793
2023-04-17,4,1,2,1,0,1,46.636566162109375
2023-04-18,4,1,2,1,0,1,46.486907958984375
2023-04-19,4,1,2,1,0,1,45.972469329833984
2023-04-20,4,1,2,1,0,1,45.61703109741211
2023-04-21,4,1,2,1,0,1,44.88745880126953
2023-04-24,4,1,2,1,0,1,44.31689453125
2023-04-25,4,1,2,1,0,1,43.15705871582031
2023-04-26,4,1,2,1,0,1,43.80245971679688
2023-04-27,4,1,2,1,0,1,44.40107727050781
2023-04-28,4,1,2,1,0,1,44.63491439819336
2023-05-01,5,1,2,1,0,1,44.45719528198242
2023-05-02,5,1,2,1,0,1,43.6434440612793
2023-05-03,5,1,2,1,0,1,43.55926513671875
2023-05-04,5,1,2,1,0,1,44.29819488525391
2023-05-05,5,1,2,1,0,1,44.78457260131836
2023-05-08,5,1,2,1,0,1,44.88745880126953
2023-05-09,5,1,2,1,0,1,44.17658996582031
2023-05-10,5,1,2,1,0,1,44.00823211669922
2023-05-11,5,1,2,1,0,1,44.354305267333984
2023-05-12,5,1,2,1,0,1,43.23188781738281
2023-05-15,5,1,2,1,0,1,44.971641540527344
2023-05-16,5,1,2,1,0,1,44.52267456054688
2023-05-17,5,1,2,1,0,1,44.20465469360352
2023-05-18,5,1,2,1,0,1,43.4189567565918
2023-05-19,5,1,2,1,0,1,43.26930236816406
2023-05-22,5,1,2,1,0,1,43.87727737426758
2023-05-23,5,1,2,1,0,1,42.67067337036133
2023-05-24,5,1,2,1,0,1,41.89434051513672
2023-05-25,5,1,2,1,0,1,41.052520751953125
2023-05-26,5,1,2,1,0,1,41.79145050048828
2023-05-30,5,1,2,1,0,1,40.62226104736328
2023-05-31,5,1,2,1,0,1,40.44454574584961
2023-06-01,6,1,2,1,0,1,41.47343063354492
2023-06-02,6,1,2,1,0,1,42.5771369934082
2023-06-05,6,1,2,1,0,1,42.38072204589844
2023-06-06,6,1,2,1,0,1,43.01676559448242
2023-06-07,6,1,2,1,0,1,42.50596618652344
2023-06-08,6,1,2,1,0,1,43.0063705444336
2023-06-09,6,1,2,1,0,1,42.94972610473633
2023-06-12,6,1,2,1,0,1,42.94972610473633
2023-06-13,6,1,2,1,0,1,43.54454040527344
2023-06-14,6,1,2,1,0,1,44.22433853149414
2023-06-15,6,1,2,1,0,1,45.1024055480957
2023-06-16,6,1,2,1,0,1,44.97966384887695
2023-06-20,6,1,2,1,0,1,43.14799880981445
2023-06-21,6,1,2,1,0,1,42.77977752685547
2023-06-22,6,1,2,1,0,1,42.609825134277344
2023-06-23,6,1,2,1,0,1,41.7128791809082
2023-06-26,6,1,2,1,0,1,41.8828239440918
2023-06-27,6,1,2,1,0,1,42.808101654052734
2023-06-28,6,1,2,1,0,1,42.46820068359375
2023-06-29,6,1,2,1,0,1,41.826171875
2023-06-30,6,1,2,1,0,1,42.241607666015625
2023-07-03,7,2,3,1,0,1,42.93084335327149
2023-07-05,7,2,3,1,0,1,42.58149719238281
2023-07-06,7,2,3,1,0,1,41.533485412597656
2023-07-07,7,2,3,1,0,1,42.41155242919922
2023-07-10,7,2,3,1,0,1,42.420997619628906
2023-07-11,7,2,3,1,0,1,42.77977752685547
2023-07-12,7,2,3,1,0,1,43.89388275146485
2023-07-13,7,2,3,1,0,1,44.800270080566406
2023-07-14,7,2,3,1,0,1,44.03550338745117
2023-07-17,7,2,3,1,0,1,43.79002380371094
2023-07-18,7,2,3,1,0,1,42.8930778503418
2023-07-19,7,2,3,1,0,1,43.0535774230957
2023-07-20,7,2,3,1,0,1,42.85530853271485
2023-07-21,7,2,3,1,0,1,42.84586715698242
2023-07-24,7,2,3,1,0,1,43.79946517944336
2023-07-25,7,2,3,1,0,1,44.32819366455078
2023-07-26,7,2,3,1,0,1,45.00798416137695
2023-07-27,7,2,3,1,0,1,44.35651779174805
2023-07-28,7,2,3,1,0,1,46.71691131591797
2023-07-31,7,2,3,1,0,1,47.01904296875
2023-08-01,8,2,3,1,0,1,45.98990631103516
2023-08-02,8,2,3,1,0,1,44.668094635009766
2023-08-03,8,2,3,1,0,1,45.74443054199219
2023-08-04,8,2,3,1,0,1,45.27235412597656
2023-08-07,8,2,3,1,0,1,44.83803939819336
2023-08-08,8,2,3,1,0,1,44.1204833984375
2023-08-09,8,2,3,1,0,1,44.27154159545898
2023-08-10,8,2,3,1,0,1,44.5831184387207
2023-08-11,8,2,3,1,0,1,43.28017807006836
2023-08-14,8,2,3,1,0,1,42.96860504150391
2023-08-15,8,2,3,1,0,1,42.2604866027832
2023-08-16,8,2,3,1,0,1,41.48627471923828
2023-08-17,8,2,3,1,0,1,41.90171051025391
2023-08-18,8,2,3,1,0,1,40.9009017944336
2023-08-21,8,2,3,1,0,1,40.82537078857422
2023-08-22,8,2,3,1,0,1,40.71207046508789
2023-08-23,8,2,3,1,0,1,41.278564453125
2023-08-24,8,2,3,1,0,1,41.31632995605469
2023-08-25,8,2,3,1,0,1,41.31632995605469
2023-08-28,8,2,3,1,0,1,42.15663528442383
2023-08-29,8,2,3,1,0,1,43.07246398925781
2023-08-30,8,2,3,1,0,1,42.83642578125
2023-08-31,8,2,3,1,0,1,42.40211486816406
2023-09-01,9,2,3,1,0,1,43.32738876342773
2023-09-05,9,2,3,1,0,1,42.78921508789063
2023-09-06,9,2,3,1,0,1,42.808101654052734
2023-09-07,9,2,3,1,0,1,41.533485412597656
2023-09-08,9,2,3,1,0,1,41.4390754699707
2023-09-11,9,2,3,1,0,1,42.11886596679688
2023-09-12,9,2,3,1,0,1,42.11886596679688
2023-09-13,9,2,3,1,0,1,41.797847747802734
2023-09-14,9,2,3,1,0,1,42.02444839477539
2023-09-15,9,2,3,1,0,1,41.75064468383789
2023-09-18,9,2,3,1,0,1,41.67511367797852
2023-09-19,9,2,3,1,0,1,41.41075134277344
2023-09-20,9,2,3,1,0,1,41.09917449951172
2023-09-21,9,2,3,1,0,1,40.30608367919922
2023-09-22,9,2,3,1,0,1,41.571250915527344
2023-09-25,9,2,3,1,0,1,40.98587417602539
2023-09-26,9,2,3,1,0,1,40.513797760009766
2023-09-27,9,2,3,1,0,1,40.64597702026367
2023-09-28,9,2,3,1,0,1,40.56100463867188
2023-09-29,9,2,3,1,0,1,40.87257766723633
2023-10-02,10,2,4,1,0,1,40.68374633789063
2023-10-03,10,2,4,1,0,1,39.8812141418457
2023-10-04,10,2,4,1,0,1,39.59796142578125
2023-10-05,10,2,4,1,0,1,39.82456207275391
2023-10-06,10,2,4,1,0,1,40.71207046508789
2023-10-09,10,2,4,1,0,1,40.6743049621582
2023-10-10,10,2,4,1,0,1,41.45795822143555
2023-10-11,10,2,4,1,0,1,41.77896499633789
2023-10-12,10,2,4,1,0,1,41.02364349365234
2023-10-13,10,2,4,1,0,1,40.759273529052734
2023-10-16,10,2,4,1,0,1,40.87257766723633
2023-10-17,10,2,4,1,0,1,40.57988739013672
2023-10-18,10,2,4,1,0,1,39.8812141418457
2023-10-19,10,2,4,1,0,1,39.34304428100586
2023-10-20,10,2,4,1,0,1,38.63492202758789
2023-10-23,10,2,4,1,0,1,38.86151885986328
2023-10-24,10,2,4,1,0,1,39.97562789916992
2023-10-25,10,2,4,1,0,1,39.37137222290039
2023-10-26,10,2,4,1,0,1,39.38080978393555
2023-10-27,10,2,4,1,0,1,39.579078674316406
2023-10-30,10,2,4,1,0,1,40.08892440795898
2023-10-31,10,2,4,1,0,1,39.475223541259766
2023-11-01,11,2,4,1,0,1,39.46578598022461
2023-11-02,11,2,4,1,0,1,39.79623794555664
2023-11-03,11,2,4,1,0,1,40.834808349609375
2023-11-06,11,2,4,1,0,1,41.08029174804688
2023-11-07,11,2,4,1,0,1,41.014198303222656
2023-11-08,11,2,4,1,0,1,40.759273529052734
2023-11-09,11,2,4,1,0,1,40.22110748291016
2023-11-10,11,2,4,1,0,1,40.12669372558594
2023-11-13,11,2,4,1,0,1,40.52323532104492
2023-11-14,11,2,4,1,0,1,41.505157470703125
2023-11-15,11,2,4,1,0,1,42.3737907409668
2023-11-16,11,2,4,1,0,1,40.81592559814453
2023-11-17,11,2,4,1,0,1,40.85369491577149
2023-11-20,11,2,4,1,0,1,41.75064468383789
2023-11-21,11,2,4,1,0,1,41.04252624511719
2023-11-22,11,2,4,1,0,1,41.0047607421875
2023-11-24,11,2,4,1,0,1,41.21247482299805
2023-11-27,11,2,4,1,0,1,40.72150802612305
2023-11-28,11,2,4,1,0,1,40.834808349609375
2023-11-29,11,2,4,1,0,1,40.05115509033203
2023-11-30,11,2,4,1,0,1,40.2966423034668
2023-12-01,12,2,4,1,0,1,39.94730758666992
2023-12-04,12,2,4,1,0,1,39.28639602661133
2023-12-05,12,2,4,1,0,1,38.61604309082031
2023-12-06,12,2,4,1,0,1,38.5971565246582
2023-12-07,12,2,4,1,0,1,38.63492202758789
2023-12-08,12,2,4,1,0,1,38.1911735534668
2023-12-11,12,2,4,1,0,1,38.502742767333984
2023-12-12,12,2,4,1,0,1,38.71045684814453
2023-12-13,12,2,4,1,0,1,38.63492202758789
2023-12-14,12,2,4,1,0,1,39.02202987670898
2023-12-15,12,2,4,1,0,1,38.89928817749024
2023-12-18,12,2,4,1,0,1,38.57827377319336
2023-12-19,12,2,4,1,0,1,39.04090881347656
2023-12-20,12,2,4,1,0,1,37.999977111816406
2023-12-21,12,2,4,1,0,1,39.05445098876953
2023-12-22,12,2,4,1,0,1,38.00965118408203
2023-12-26,12,2,4,1,0,1,38.28052520751953
2023-12-27,12,2,4,1,0,1,38.241825103759766
2023-12-28,12,2,4,1,0,1,39.14152145385742
2023-12-29,12,2,4,1,0,1,39.41239929199219
2024-01-02,1,1,1,1,0,1,38.41596221923828
2024-01-03,1,1,1,1,0,1,38.95771408081055
2024-01-04,1,1,1,1,0,1,38.4740104675293
2024-01-05,1,1,1,1,0,1,38.14508819580078
2024-01-08,1,1,1,1,0,1,37.75812149047852
2024-01-09,1,1,1,1,0,1,37.22604370117188
2024-01-10,1,1,1,1,0,1,37.187347412109375
2024-01-11,1,1,1,1,0,1,37.632354736328125
2024-01-12,1,1,1,1,0,1,37.51626586914063
2024-01-16,1,1,1,1,0,1,36.423095703125
2024-01-17,1,1,1,1,0,1,35.60078811645508
2024-01-18,1,1,1,1,0,1,35.72655487060547
2024-01-19,1,1,1,1,0,1,35.832969665527344
2024-01-22,1,1,1,1,0,1,34.904258728027344
2024-01-23,1,1,1,1,0,1,36.21993255615234
2024-01-24,1,1,1,1,0,1,37.13897705078125
2024-01-25,1,1,1,1,0,1,37.20669555664063
2024-01-26,1,1,1,1,0,1,36.92614364624024
2024-01-29,1,1,1,1,0,1,36.25862884521485
2024-01-30,1,1,1,1,0,1,35.58143997192383
2024-01-31,1,1,1,1,0,1,35.349266052246094
2024-02-01,2,1,1,1,0,1,35.49437713623047
2024-02-02,2,1,1,1,0,1,34.86555862426758
2024-02-05,2,1,1,1,0,1,35.32991409301758
2024-02-06,2,1,1,1,0,1,37.25506210327149
2024-02-07,2,1,1,1,0,1,36.74233627319336
2024-02-08,2,1,1,1,0,1,36.074825286865234
2024-02-09,2,1,1,1,0,1,36.41341781616211
2024-02-12,2,1,1,1,0,1,37.0035400390625
2024-02-13,2,1,1,1,0,1,36.22960662841797
2024-02-14,2,1,1,1,0,1,36.848751068115234
2024-02-15,2,1,1,1,0,1,36.94549179077149
2024-02-16,2,1,1,1,0,1,37.52594757080078
2024-02-20,2,1,1,1,0,1,37.21637344360352
2024-02-21,2,1,1,1,0,1,37.999977111816406
2024-02-22,2,1,1,1,0,1,38.4740104675293
2024-02-23,2,1,1,1,0,1,38.59976959228516
2024-02-26,2,1,1,1,0,1,38.261173248291016
2024-02-27,2,1,1,1,0,1,38.7835807800293
2024-02-28,2,1,1,1,0,1,37.642032623291016
2024-02-29,2,1,1,1,0,1,37.71942901611328
2024-03-01,3,1,1,1,0,1,38.33857345581055
2024-03-04,3,1,1,1,0,1,37.642032623291016
2024-03-05,3,1,1,1,0,1,37.22604370117188
2024-03-06,3,1,1,1,0,1,37.80649185180664
2024-03-07,3,1,1,1,0,1,37.564640045166016
2024-03-08,3,1,1,1,0,1,37.69040298461914
2024-03-11,3,1,1,1,0,1,38.5127067565918
2024-03-12,3,1,1,1,0,1,39.30598449707031
2024-03-13,3,1,1,1,0,1,39.45109176635742
2024-03-14,3,1,1,1,0,1,38.86096954345703
2024-03-15,3,1,1,1,0,1,38.74488067626953
2024-03-18,3,1,1,1,0,1,38.98673629760742
2024-03-19,3,1,1,1,0,1,38.74488067626953
2024-03-20,3,1,1,1,0,1,39.1318473815918
2024-03-21,3,1,1,1,0,1,38.793251037597656
2024-03-22,3,1,1,1,0,1,38.241825103759766
2024-03-25,3,1,1,1,0,1,38.164432525634766
2024-03-26,3,1,1,1,0,1,38.29019927978516
2024-03-27,3,1,1,1,0,1,38.232154846191406
2024-03-28,3,1,1,1,0,1,38.43531036376953
2024-04-01,4,1,2,1,0,1,39.06413269042969
2024-04-02,4,1,2,1,0,1,39.18022155761719
2024-04-03,4,1,2,1,0,1,39.06413269042969
2024-04-04,4,1,2,1,0,1,38.90934371948242
2024-04-05,4,1,2,1,0,1,38.64814376831055
2024-04-08,4,1,2,1,0,1,38.83195114135742
2024-04-09,4,1,2,1,0,1,39.18022155761719
2024-04-10,4,1,2,1,0,1,38.91901397705078
2024-04-11,4,1,2,1,0,1,39.21891403198242
2024-04-12,4,1,2,1,0,1,37.999977111816406
2024-04-15,4,1,2,1,0,1,38.14508819580078
2024-04-16,4,1,2,1,0,1,37.70008087158203
2024-04-17,4,1,2,1,0,1,37.76779556274414
2024-04-18,4,1,2,1,0,1,38.25150680541992
2024-04-19,4,1,2,1,0,1,38.125736236572266
2024-04-22,4,1,2,1,0,1,38.88031768798828
2024-04-23,4,1,2,1,0,1,39.38337707519531
2024-04-24,4,1,2,1,0,1,39.99284744262695
2024-04-25,4,1,2,1,0,1,40.19599914550781
2024-04-26,4,1,2,1,0,1,40.96993255615234
2024-04-29,4,1,2,1,0,1,41.37624740600586
2024-04-30,4,1,2,1,0,1,40.50557327270508
2024-05-01,5,1,2,1,0,1,40.79579925537109
2024-05-02,5,1,2,1,0,1,43.02084732055664
2024-05-03,5,1,2,1,0,1,43.311073303222656
2024-05-06,5,1,2,1,0,1,43.27237701416016
2024-05-07,5,1,2,1,0,1,42.79834365844727
2024-05-08,5,1,2,1,0,1,42.50811767578125
2024-05-09,5,1,2,1,0,1,43.42716217041016
2024-05-10,5,1,2,1,0,1,43.70771026611328
2024-05-13,5,1,2,1,0,1,44.59772491455078
2024-05-14,5,1,2,1,0,1,44.3848991394043
2024-05-15,5,1,2,1,0,1,44.75251770019531
2024-05-16,5,1,2,1,0,1,45.59416580200195
2024-05-17,5,1,2,1,0,1,45.8940658569336
2024-05-20,5,1,2,1,0,1,45.50709915161133
2024-05-21,5,1,2,1,0,1,44.76218795776367
2024-05-22,5,1,2,1,0,1,44.39457321166992
2024-05-23,5,1,2,1,0,1,43.58194732666016
2024-05-24,5,1,2,1,0,1,43.50455474853516
2024-05-28,5,1,2,1,0,1,43.533573150634766
2024-05-29,5,1,2,1,0,1,43.04986953735352
2024-05-30,5,1,2,1,0,1,43.165958404541016
2024-05-31,5,1,2,1,0,1,42.39202880859375
2024-06-03,6,1,2,1,0,1,42.54681396484375
2024-06-04,6,1,2,1,0,1,42.86606216430664
2024-06-05,6,1,2,1,0,1,43.06922149658203
2024-06-06,6,1,2,1,0,1,43.117584228515625
2024-06-07,6,1,2,1,0,1,42.20822143554688
2024-06-10,6,1,2,1,0,1,42.51779556274414
2024-06-11,6,1,2,1,0,1,42.07181167602539
2024-06-12,6,1,2,1,0,1,42.14954376220703
2024-06-13,6,1,2,1,0,1,42.14954376220703
2024-06-14,6,1,2,1,0,1,41.90663528442383
2024-06-17,6,1,2,1,0,1,42.25642395019531
2024-06-18,6,1,2,1,0,1,42.2952880859375
2024-06-20,6,1,2,1,0,1,42.39245223999024
2024-06-21,6,1,2,1,0,1,41.896915435791016
2024-06-24,6,1,2,1,0,1,42.178688049316406
2024-06-25,6,1,2,1,0,1,41.741455078125
2024-06-26,6,1,2,1,0,1,41.81918716430664
2024-06-27,6,1,2,1,0,1,40.915565490722656
2024-06-28,6,1,2,1,0,1,40.9738655090332
2024-07-01,7,2,3,1,0,1,41.17790985107422
2024-07-02,7,2,3,1,0,1,41.44025039672852
2024-07-03,7,2,3,1,0,1,42.13982391357422
2024-07-05,7,2,3,1,0,1,41.48883056640625
2024-07-08,7,2,3,1,0,1,41.11960983276367
2024-07-09,7,2,3,1,0,1,41.65400695800781
2024-07-10,7,2,3,1,0,1,41.48883056640625
2024-07-11,7,2,3,1,0,1,42.33415222167969
2024-07-12,7,2,3,1,0,1,42.76166915893555
2024-07-15,7,2,3,1,0,1,41.858055114746094
2024-07-16,7,2,3,1,0,1,41.83861923217773
2024-07-17,7,2,3,1,0,1,41.27507019042969
2024-07-18,7,2,3,1,0,1,40.9738655090332
2024-07-19,7,2,3,1,0,1,40.82811737060547
2024-07-22,7,2,3,1,0,1,41.55684280395508
2024-07-23,7,2,3,1,0,1,40.75038909912109
2024-07-24,7,2,3,1,0,1,40.29372024536133
2024-07-25,7,2,3,1,0,1,39.78846740722656
2024-07-26,7,2,3,1,0,1,40.079959869384766
2024-07-29,7,2,3,1,0,1,39.96336364746094
2024-07-30,7,2,3,1,0,1,39.57471084594727
2024-07-31,7,2,3,1,0,1,40.34230041503906
2024-08-01,8,2,3,1,0,1,39.79818344116211
2024-08-02,8,2,3,1,0,1,39.66215515136719
2024-08-05,8,2,3,1,0,1,39.46782684326172
2024-08-06,8,2,3,1,0,1,39.40953063964844
2024-08-07,8,2,3,1,0,1,39.61357498168945
2024-08-08,8,2,3,1,0,1,40.49776458740234
2024-08-09,8,2,3,1,0,1,40.33258438110352
2024-08-12,8,2,3,1,0,1,40.75038909912109
2024-08-13,8,2,3,1,0,1,40.9738655090332
2024-08-14,8,2,3,1,0,1,40.13825988769531
2024-08-15,8,2,3,1,0,1,40.730953216552734
2024-08-16,8,2,3,1,0,1,41.39166259765625
2024-08-19,8,2,3,1,0,1,41.69287490844727
2024-08-20,8,2,3,1,0,1,40.72124099731445
2024-08-21,8,2,3,1,0,1,41.1876220703125
2024-08-22,8,2,3,1,0,1,40.84755325317383
2024-08-23,8,2,3,1,0,1,41.31393814086914
2024-08-26,8,2,3,1,0,1,40.51719284057617
2024-08-27,8,2,3,1,0,1,40.67265701293945
2024-08-28,8,2,3,1,0,1,39.90506362915039
2024-08-29,8,2,3,1,0,1,40.352012634277344
2024-08-30,8,2,3,1,0,1,40.64350891113281
2024-09-03,9,2,3,1,0,1,40.15768814086914
2024-09-04,9,2,3,1,0,1,40.02165985107422
2024-09-05,9,2,3,1,0,1,39.98279571533203
2024-09-06,9,2,3,1,0,1,39.555274963378906
2024-09-09,9,2,3,1,0,1,39.46782684326172
2024-09-10,9,2,3,1,0,1,39.28321838378906
2024-09-11,9,2,3,1,0,1,39.62328720092773
2024-09-12,9,2,3,1,0,1,39.61357498168945
2024-09-13,9,2,3,1,0,1,39.739891052246094
2024-09-16,9,2,3,1,0,1,39.9342155456543
2024-09-17,9,2,3,1,0,1,40.29372024536133
2024-09-18,9,2,3,1,0,1,40.09939193725586
2024-09-19,9,2,3,1,0,1,41.44025039672852
2024-09-20,9,2,3,1,0,1,41.4499626159668
2024-09-23,9,2,3,1,0,1,42.0523796081543
2024-09-24,9,2,3,1,0,1,45.82232284545898
2024-09-25,9,2,3,1,0,1,44.7729606628418
2024-09-26,9,2,3,1,0,1,48.678932189941406
2024-09-27,9,2,3,1,0,1,49.5436897277832
2024-09-30,9,2,3,1,0,1,49.46595764160156
2024-10-01,10,2,4,1,0,1,51.47724151611328
2024-10-02,10,2,4,1,0,1,54.87796401977539
2024-10-03,10,2,4,1,0,1,53.43023300170898
2024-10-04,10,2,4,1,0,1,55.38321685791016
2024-10-07,10,2,4,1,0,1,57.97747802734375
2024-10-08,10,2,4,1,0,1,51.71043395996094
2024-10-09,10,2,4,1,0,1,50.49589157104492
2024-10-10,10,2,4,1,0,1,50.86510848999024
2024-10-11,10,2,4,1,0,1,51.14688491821289
2024-10-14,10,2,4,1,0,1,50.1169548034668
2024-10-15,10,2,4,1,0,1,47.64899826049805
2024-10-16,10,2,4,1,0,1,48.29027938842773
2024-10-17,10,2,4,1,0,1,46.98828506469727
2024-10-18,10,2,4,1,0,1,49.0578727722168
2024-10-21,10,2,4,1,0,1,48.4846076965332
2024-10-22,10,2,4,1,0,1,48.95098876953125
2024-10-23,10,2,4,1,0,1,48.66921615600586
2024-10-24,10,2,4,1,0,1,48.30971145629883
2024-10-25,10,2,4,1,0,1,48.4360237121582
2024-10-28,10,2,4,1,0,1,49.125885009765625
2024-10-29,10,2,4,1,0,1,48.649784088134766
2024-10-30,10,2,4,1,0,1,48.05708312988281
2024-10-31,10,2,4,1,0,1,47.85304260253906
2024-11-01,11,2,4,1,0,1,48.07651519775391
2024-11-04,11,2,4,1,0,1,48.4360237121582
2024-11-05,11,2,4,1,0,1,49.58255386352539
2024-11-06,11,2,4,1,0,1,48.24169921875
2024-11-07,11,2,4,1,0,1,50.845680236816406
2024-11-08,11,2,4,1,0,1,48.05708312988281
2024-11-11,11,2,4,1,0,1,48.066802978515625
2024-11-12,11,2,4,1,0,1,46.50246810913086
2024-11-13,11,2,4,1,0,1,46.405303955078125
2024-11-14,11,2,4,1,0,1,46.006935119628906
2024-11-15,11,2,4,1,0,1,46.03608703613281
2024-11-18,11,2,4,1,0,1,46.677364349365234
2024-11-19,11,2,4,1,0,1,46.33728790283203
2024-11-20,11,2,4,1,0,1,46.61906433105469
2024-11-21,11,2,4,1,0,1,46.24012756347656
2024-11-22,11,2,4,1,0,1,45.1616096496582
2024-11-25,11,2,4,1,0,1,45.064449310302734
2024-11-26,11,2,4,1,0,1,44.792388916015625
2024-11-27,11,2,4,1,0,1,45.90005874633789
2024-11-29,11,2,4,1,0,1,45.977783203125
2024-12-02,12,2,4,1,0,1,46.03608703613281
2024-12-03,12,2,4,1,0,1,46.21097946166992
2024-12-04,12,2,4,1,0,1,45.75431060791016
2024-12-05,12,2,4,1,0,1,46.04579925537109
2024-12-06,12,2,4,1,0,1,46.453887939453125
2024-12-09,12,2,4,1,0,1,50.05865478515625
2024-12-10,12,2,4,1,0,1,47.79474258422852
2024-12-11,12,2,4,1,0,1,47.45466995239258
2024-12-12,12,2,4,1,0,1,47.464385986328125
2024-12-13,12,2,4,1,0,1,46.85226058959961
2024-12-16,12,2,4,1,0,1,46.14296340942383
2024-12-17,12,2,4,1,0,1,46.75788879394531
2024-12-18,12,2,4,1,0,1,45.93600845336914
2024-12-19,12,2,4,1,0,1,46.26278305053711
2024-12-20,12,2,4,1,0,1,46.63906097412109
2024-12-23,12,2,4,1,0,1,46.82720184326172
2024-12-24,12,2,4,1,0,1,47.24309158325195
2024-12-26,12,2,4,1,0,1,47.36191940307617
2024-12-27,12,2,4,1,0,1,47.00544357299805
2024-12-30,12,2,4,1,0,1,46.49053192138672
2024-12-31,12,2,4,1,0,1,46.40141296386719
2025-01-02,1,1,1,1,0,1,45.56963348388672
2025-01-03,1,1,1,1,0,1,45.93600845336914
2025-01-06,1,1,1,1,0,1,45.17354583740234
2025-01-07,1,1,1,1,0,1,44.79726791381836
2025-01-08,1,1,1,1,0,1,44.49029922485352
2025-01-10,1,1,1,1,0,1,43.2822380065918
2025-01-13,1,1,1,1,0,1,43.44067001342773
2025-01-14,1,1,1,1,0,1,44.39127731323242
2025-01-15,1,1,1,1,0,1,44.866580963134766
2025-01-16,1,1,1,1,0,1,44.83687210083008
2025-01-17,1,1,1,1,0,1,45.75777053833008
2025-01-21,1,1,1,1,1,1,46.05483627319336
2025-01-22,1,1,1,1,1,1,45.85679626464844
2025-01-23,1,1,1,1,1,1,45.79738235473633
2025-01-24,1,1,1,1,1,1,46.92622375488281
2025-01-27,1,1,1,1,1,1,47.27280044555664
2025-01-28,1,1,1,1,1,1,47.92634201049805
2025-01-29,1,1,1,1,1,1,47.777809143066406
2025-01-30,1,1,1,1,1,1,48.94625854492188
2025-01-31,1,1,1,1,1,1,47.93624114990234
2025-02-03,2,1,1,1,1,1,47.609474182128906
2025-02-04,2,1,1,1,1,1,48.80763244628906
2025-02-05,2,1,1,1,1,1,47.98575210571289
2025-02-06,2,1,1,1,1,1,48.6392936706543
2025-02-07,2,1,1,1,1,1,49.24332427978516
2025-02-10,2,1,1,1,1,1,50.51079559326172
2025-02-11,2,1,1,1,1,1,50.0453987121582
2025-02-12,2,1,1,1,1,1,51.36238098144531
2025-02-13,2,1,1,1,1,1,51.34257507324219
2025-02-14,2,1,1,1,1,1,52.93682098388672
2025-02-18,2,1,1,1,1,1,53.46163558959961
2025-02-19,2,1,1,1,1,1,53.20417785644531
2025-02-20,2,1,1,1,1,1,54.19439315795898
2025-02-21,2,1,1,1,1,1,55.22421646118164
2025-02-24,2,1,1,1,1,1,53.065547943115234
2025-02-25,2,1,1,1,1,1,53.530948638916016
2025-02-26,2,1,1,1,1,1,54.85783767700195
2025-02-27,2,1,1,1,1,1,54.37263107299805
2025-02-28,2,1,1,1,1,1,53.05564880371094
2025-03-03,3,1,1,1,1,1,52.29318237304688
2025-03-04,3,1,1,1,1,1,53.0754508972168
2025-03-05,3,1,1,1,1,1,55.6698112487793
2025-03-06,3,1,1,1,1,1,55.97677612304688
2025-03-07,3,1,1,1,1,1,55.94707107543945
2025-03-10,3,1,1,1,1,1,54.25380706787109
2025-03-11,3,1,1,1,1,1,55.28363037109375
2025-03-12,3,1,1,1,1,1,55.08558654785156
2025-03-13,3,1,1,1,1,1,55.22421646118164
2025-03-14,3,1,1,1,1,1,56.808555603027344
2025-03-17,3,1,1,1,1,1,58.07603073120117
2025-03-18,3,1,1,1,1,1,57.78886795043945
2025-03-19,3,1,1,1,1,1,57.739356994628906
2025-03-20,3,1,1,1,1,1,56.13520812988281
2025-03-21,3,1,1,1,1,1,55.10538864135742
2025-03-24,3,1,1,1,1,1,55.06578063964844
2025-03-25,3,1,1,1,1,1,54.46175003051758
2025-03-26,3,1,1,1,1,1,54.46175003051758
2025-03-27,3,1,1,1,1,1,55.26382446289063
2025-03-28,3,1,1,1,1,1,54.03595733642578
2025-03-31,3,1,1,1,1,1,53.86762237548828
2025-04-01,4,1,2,1,1,1,54.016151428222656
2025-04-02,4,1,2,1,1,1,53.62997055053711
2025-04-03,4,1,2,1,1,1,53.1447639465332
2025-04-04,4,1,2,1,1,1,49.51068115234375
2025-04-07,4,1,2,1,1,1,45.5498275756836
2025-04-08,4,1,2,1,1,1,44.777462005615234
2025-04-09,4,1,2,1,1,1,47.58966827392578
2025-04-10,4,1,2,1,1,1,47.51044845581055
2025-04-11,4,1,2,1,1,1,49.19381332397461
2025-04-14,4,1,2,1,1,1,50.06520080566406
2025-04-15,4,1,2,1,1,1,49.67901611328125
2025-04-16,4,1,2,1,1,1,48.67890167236328
2025-04-17,4,1,2,1,1,1,48.80763244628906
2025-04-21,4,1,2,1,1,1,48.90665054321289
2025-04-22,4,1,2,1,1,1,50.40187454223633
2025-04-23,4,1,2,1,1,1,51.15443420410156
2025-04-24,4,1,2,1,1,1,51.461402893066406
2025-04-25,4,1,2,1,1,1,51.4019889831543
2025-04-28,4,1,2,1,1,1,51.34257507324219
2025-04-29,4,1,2,1,1,1,51.17424011230469
2025-04-30,4,1,2,1,1,1,51.15443420410156
2025-05-01,5,1,2,1,1,1,51.08512115478516
2025-05-02,5,1,2,1,1,1,52.89720916748047
2025-05-05,5,1,2,1,1,1,52.87741088867188
2025-05-06,5,1,2,1,1,1,53.42202758789063
2025-05-07,5,1,2,1,1,1,52.174354553222656
2025-05-08,5,1,2,1,1,1,52.92691802978516
2025-05-09,5,1,2,1,1,1,52.72887420654297
2025-05-12,5,1,2,1,1,1,54.52116394042969
2025-05-13,5,1,2,1,1,1,54.16468811035156
2025-05-14,5,1,2,1,1,1,55.05587768554688
2025-05-15,5,1,2,1,1,1,54.03595733642578
2025-05-16,5,1,2,1,1,1,53.88742446899414
2025-05-19,5,1,2,1,1,1,54.16468811035156
2025-05-20,5,1,2,1,1,1,54.659793853759766
2025-05-21,5,1,2,1,1,1,54.45185089111328
2025-05-22,5,1,2,1,1,1,54.21419525146485
2025-05-23,5,1,2,1,1,1,54.243900299072266
2025-05-27,5,1,2,1,1,1,53.51114654541016
2025-05-28,5,1,2,1,1,1,52.8080940246582
2025-05-29,5,1,2,1,1,1,53.33290863037109
2025-05-30,5,1,2,1,1,1,52.30308532714844
2025-06-02,6,1,2,1,1,1,52.73877716064453
2025-06-03,6,1,2,1,1,1,53.233882904052734
2025-06-04,6,1,2,1,1,1,54.25380706787109
2025-06-05,6,1,2,1,1,1,54.45185089111328
2025-06-06,6,1,2,1,1,1,54.38253021240234
2025-06-09,6,1,2,1,1,1,54.976661682128906
2025-06-10,6,1,2,1,1,1,55.144996643066406
2025-06-11,6,1,2,1,1,1,55.31333541870117
2025-06-12,6,1,2,1,1,1,55.2440185546875
2025-06-13,6,1,2,1,1,1,54.23400115966797
2025-06-16,6,1,2,1,1,1,55.0099983215332
2025-06-17,6,1,2,1,1,1,54.43999862670898
2025-06-18,6,1,2,1,1,1,53.93000030517578
2025-06-20,6,1,2,1,1,1,53.5
2025-06-23,6,1,2,1,1,1,54.130001068115234
2025-06-24,6,1,2,1,1,1,55.56999969482422
2025-06-25,6,1,2,1,1,1,55.52999877929688
2025-06-26,6,1,2,1,1,1,55.540000915527344
2025-06-27,6,1,2,1,1,1,55.18000030517578
2025-06-30,6,1,2,1,1,1,55.09999847412109
2025-07-01,7,2,3,1,1,1,55.27000045776367
2025-07-02,7,2,3,1,1,1,55.0
2025-07-03,7,2,3,1,1,1,54.720001220703125
