Date,mes,semestre,quadrimestre,covid,trump,guerra_ucrania,MSCI BRAZIL
2016-01-04,1,1,1,0,0,0,12.360641479492188
2016-01-05,1,1,1,0,0,0,12.534207344055176
2016-01-06,1,1,1,0,0,0,12.34824275970459
2016-01-07,1,1,1,0,0,0,11.88952350616455
2016-01-08,1,1,1,0,0,0,11.833733558654783
2016-01-11,1,1,1,0,0,0,11.73454761505127
2016-01-12,1,1,1,0,0,0,11.790339469909668
2016-01-13,1,1,1,0,0,0,11.517585754394531
2016-01-14,1,1,1,0,0,0,11.808935165405272
2016-01-15,1,1,1,0,0,0,11.368816375732422
2016-01-19,1,1,1,0,0,0,11.30062484741211
2016-01-20,1,1,1,0,0,0,11.027875900268556
2016-01-21,1,1,1,0,0,0,10.742722511291504
2016-01-22,1,1,1,0,0,0,11.207642555236816
2016-01-25,1,1,1,0,0,0,10.928688049316406
2016-01-26,1,1,1,0,0,0,11.120856285095217
2016-01-27,1,1,1,0,0,0,11.269631385803224
2016-01-28,1,1,1,0,0,0,11.461795806884766
2016-01-29,1,1,1,0,0,0,12.292455673217772
2016-02-01,2,1,1,0,0,0,12.323448181152344
2016-02-02,2,1,1,0,0,0,11.523783683776855
2016-02-03,2,1,1,0,0,0,12.22426700592041
2016-02-04,2,1,1,0,0,0,12.738774299621582
2016-02-05,2,1,1,0,0,0,12.435029029846191
2016-02-08,2,1,1,0,0,0,12.143680572509766
2016-02-09,2,1,1,0,0,0,11.976306915283203
2016-02-10,2,1,1,0,0,0,12.230464935302734
2016-02-11,2,1,1,0,0,0,11.715953826904297
2016-02-12,2,1,1,0,0,0,11.988706588745115
2016-02-16,2,1,1,0,0,0,12.07548999786377
2016-02-17,2,1,1,0,0,0,12.528011322021484
2016-02-18,2,1,1,0,0,0,12.205669403076172
2016-02-19,2,1,1,0,0,0,12.28005313873291
2016-02-22,2,1,1,0,0,0,13.079713821411133
2016-02-23,2,1,1,0,0,0,12.738774299621582
2016-02-24,2,1,1,0,0,0,12.639592170715332
2016-02-25,2,1,1,0,0,0,12.62099266052246
2016-02-26,2,1,1,0,0,0,12.404032707214355
2016-02-29,2,1,1,0,0,0,12.701580047607422
2016-03-01,3,1,1,0,0,0,13.371065139770508
2016-03-02,3,1,1,0,0,0,13.705802917480469
2016-03-03,3,1,1,0,0,0,14.716227531433104
2016-03-04,3,1,1,0,0,0,15.491094589233398
2016-03-07,3,1,1,0,0,0,15.379514694213867
2016-03-08,3,1,1,0,0,0,15.44770336151123
2016-03-09,3,1,1,0,0,0,15.621273040771484
2016-03-10,3,1,1,0,0,0,16.098587036132812
2016-03-11,3,1,1,0,0,0,16.21636962890625
2016-03-14,3,1,1,0,0,0,15.745248794555664
2016-03-15,3,1,1,0,0,0,14.741023063659668
2016-03-16,3,1,1,0,0,0,15.063368797302246
2016-03-17,3,1,1,0,0,0,16.396135330200195
2016-03-18,3,1,1,0,0,0,16.61309814453125
2016-03-21,3,1,1,0,0,0,16.68128776550293
2016-03-22,3,1,1,0,0,0,16.69368553161621
2016-03-23,3,1,1,0,0,0,15.91261863708496
2016-03-24,3,1,1,0,0,0,15.918816566467283
2016-03-28,3,1,1,0,0,0,16.53870964050293
2016-03-29,3,1,1,0,0,0,16.57590103149414
2016-03-30,3,1,1,0,0,0,16.650293350219727
2016-03-31,3,1,1,0,0,0,16.303150177001953
2016-04-01,4,1,2,0,0,0,16.668888092041016
2016-04-04,4,1,2,0,0,0,15.838232040405272
2016-04-05,4,1,2,0,0,0,15.739049911499023
2016-04-06,4,1,2,0,0,0,15.60267448425293
2016-04-07,4,1,2,0,0,0,15.47249698638916
2016-04-08,4,1,2,0,0,0,16.464317321777344
2016-04-11,4,1,2,0,0,0,16.854854583740234
2016-04-12,4,1,2,0,0,0,17.41895866394043
2016-04-13,4,1,2,0,0,0,17.927268981933594
2016-04-14,4,1,2,0,0,0,17.697908401489258
2016-04-15,4,1,2,0,0,0,17.72270393371582
2016-04-18,4,1,2,0,0,0,17.189594268798828
2016-04-19,4,1,2,0,0,0,17.871479034423828
2016-04-20,4,1,2,0,0,0,17.70410919189453
2016-04-21,4,1,2,0,0,0,17.425155639648438
2016-04-22,4,1,2,0,0,0,17.38176155090332
2016-04-25,4,1,2,0,0,0,17.146202087402344
2016-04-26,4,1,2,0,0,0,17.685508728027344
2016-04-27,4,1,2,0,0,0,18.125633239746094
2016-04-28,4,1,2,0,0,0,18.15662956237793
2016-04-29,4,1,2,0,0,0,18.293004989624023
2016-05-02,5,1,2,0,0,0,17.95206069946289
2016-05-03,5,1,2,0,0,0,17.171001434326172
2016-05-04,5,1,2,0,0,0,17.43755340576172
2016-05-05,5,1,2,0,0,0,17.133808135986328
2016-05-06,5,1,2,0,0,0,17.33217430114746
2016-05-09,5,1,2,0,0,0,17.034622192382812
2016-05-10,5,1,2,0,0,0,17.96446418762207
2016-05-11,5,1,2,0,0,0,17.99545669555664
2016-05-12,5,1,2,0,0,0,18.00165557861328
2016-05-13,5,1,2,0,0,0,17.232990264892578
2016-05-16,5,1,2,0,0,0,17.35076904296875
2016-05-17,5,1,2,0,0,0,17.06561851501465
2016-05-18,5,1,2,0,0,0,16.58830451965332
2016-05-19,5,1,2,0,0,0,16.414731979370117
2016-05-20,5,1,2,0,0,0,16.650293350219727
2016-05-23,5,1,2,0,0,0,16.148176193237305
2016-05-24,5,1,2,0,0,0,16.265954971313477
2016-05-25,5,1,2,0,0,0,16.179174423217773
2016-05-26,5,1,2,0,0,0,16.32794952392578
2016-05-27,5,1,2,0,0,0,15.993206977844238
2016-05-31,5,1,2,0,0,0,15.770044326782228
2016-06-01,6,1,2,0,0,0,16.036598205566406
2016-06-02,6,1,2,0,0,0,16.389938354492188
2016-06-03,6,1,2,0,0,0,16.898250579833984
2016-06-06,6,1,2,0,0,0,16.941638946533203
2016-06-07,6,1,2,0,0,0,17.127605438232422
2016-06-08,6,1,2,0,0,0,17.99545669555664
2016-06-09,6,1,2,0,0,0,17.648317337036133
2016-06-10,6,1,2,0,0,0,16.867252349853516
2016-06-13,6,1,2,0,0,0,16.712282180786133
2016-06-14,6,1,2,0,0,0,16.377538681030273
2016-06-15,6,1,2,0,0,0,16.557308197021484
2016-06-16,6,1,2,0,0,0,16.737079620361328
2016-06-17,6,1,2,0,0,0,17.009830474853516
2016-06-20,6,1,2,0,0,0,17.425155639648438
2016-06-21,6,1,2,0,0,0,17.53673553466797
2016-06-22,6,1,2,0,0,0,17.441816329956055
2016-06-23,6,1,2,0,0,0,18.128746032714844
2016-06-24,6,1,2,0,0,0,17.360631942749023
2016-06-27,6,1,2,0,0,0,17.0733699798584
2016-06-28,6,1,2,0,0,0,17.81650161743164
2016-06-29,6,1,2,0,0,0,18.540903091430664
2016-06-30,6,1,2,0,0,0,18.846900939941406
2016-07-01,7,2,3,0,0,0,19.06547164916992
2016-07-05,7,2,3,0,0,0,18.44098472595215
2016-07-06,7,2,3,0,0,0,18.32858085632324
2016-07-07,7,2,3,0,0,0,18.128746032714844
2016-07-08,7,2,3,0,0,0,18.97804450988769
2016-07-11,7,2,3,0,0,0,19.159141540527344
2016-07-12,7,2,3,0,0,0,19.333999633789062
2016-07-13,7,2,3,0,0,0,19.596281051635746
2016-07-14,7,2,3,0,0,0,19.983461380004883
2016-07-15,7,2,3,0,0,0,20.002195358276367
2016-07-18,7,2,3,0,0,0,20.35815048217773
2016-07-19,7,2,3,0,0,0,20.433090209960938
2016-07-20,7,2,3,0,0,0,20.45182609558105
2016-07-21,7,2,3,0,0,0,20.233251571655277
2016-07-22,7,2,3,0,0,0,20.520517349243164
2016-07-25,7,2,3,0,0,0,20.245738983154297
2016-07-26,7,2,3,0,0,0,20.339418411254883
2016-07-27,7,2,3,0,0,0,20.35190773010254
2016-07-28,7,2,3,0,0,0,20.120849609375
2016-07-29,7,2,3,0,0,0,20.75782012939453
2016-08-01,8,2,3,0,0,0,20.326929092407227
2016-08-02,8,2,3,0,0,0,20.133338928222656
2016-08-03,8,2,3,0,0,0,20.63292121887207
2016-08-04,8,2,3,0,0,0,21.08255195617676
2016-08-05,8,2,3,0,0,0,21.31360626220703
2016-08-08,8,2,3,0,0,0,21.30112075805664
2016-08-09,8,2,3,0,0,0,21.51968765258789
2016-08-10,8,2,3,0,0,0,21.30736351013184
2016-08-11,8,2,3,0,0,0,21.78197288513184
2016-08-12,8,2,3,0,0,0,21.51968765258789
2016-08-15,8,2,3,0,0,0,21.756988525390625
2016-08-16,8,2,3,0,0,0,21.60087203979492
2016-08-17,8,2,3,0,0,0,21.557165145874023
2016-08-18,8,2,3,0,0,0,21.432262420654297
2016-08-19,8,2,3,0,0,0,21.53842544555664
2016-08-22,8,2,3,0,0,0,21.013858795166016
2016-08-23,8,2,3,0,0,0,20.89521026611328
2016-08-24,8,2,3,0,0,0,20.96390151977539
2016-08-25,8,2,3,0,0,0,20.826515197753903
2016-08-26,8,2,3,0,0,0,20.59545516967773
2016-08-29,8,2,3,0,0,0,21.20744514465332
2016-08-30,8,2,3,0,0,0,21.09504508972168
2016-08-31,8,2,3,0,0,0,20.93267250061035
2016-09-01,9,2,3,0,0,0,21.00136947631836
2016-09-02,9,2,3,0,0,0,21.482213973999023
2016-09-06,9,2,3,0,0,0,21.84441947937012
2016-09-07,9,2,3,0,0,0,21.831933975219727
2016-09-08,9,2,3,0,0,0,21.919357299804688
2016-09-09,9,2,3,0,0,0,20.657899856567383
2016-09-12,9,2,3,0,0,0,21.07006454467773
2016-09-13,9,2,3,0,0,0,20.03966522216797
2016-09-14,9,2,3,0,0,0,19.9647274017334
2016-09-15,9,2,3,0,0,0,20.5579891204834
2016-09-16,9,2,3,0,0,0,20.40186309814453
2016-09-19,9,2,3,0,0,0,20.470558166503903
2016-09-20,9,2,3,0,0,0,20.66414833068848
2016-09-21,9,2,3,0,0,0,21.251163482666016
2016-09-22,9,2,3,0,0,0,21.407285690307617
2016-09-23,9,2,3,0,0,0,21.1512451171875
2016-09-26,9,2,3,0,0,0,20.863985061645508
2016-09-27,9,2,3,0,0,0,21.18871307373047
2016-09-28,9,2,3,0,0,0,21.563404083251957
2016-09-29,9,2,3,0,0,0,20.97014617919922
2016-09-30,9,2,3,0,0,0,21.063817977905277
2016-10-03,10,2,4,0,0,0,21.64458465576172
2016-10-04,10,2,4,0,0,0,21.257408142089844
2016-10-05,10,2,4,0,0,0,21.80695533752441
2016-10-06,10,2,4,0,0,0,21.944334030151367
2016-10-07,10,2,4,0,0,0,22.144174575805664
2016-10-10,10,2,4,0,0,0,22.40021133422852
2016-10-11,10,2,4,0,0,0,22.219112396240234
2016-10-12,10,2,4,0,0,0,22.13792991638184
2016-10-13,10,2,4,0,0,0,22.37523460388184
2016-10-14,10,2,4,0,0,0,22.512615203857425
2016-10-17,10,2,4,0,0,0,22.77490234375
2016-10-18,10,2,4,0,0,0,23.33069610595703
2016-10-19,10,2,4,0,0,0,23.27448463439941
2016-10-20,10,2,4,0,0,0,23.592973709106445
2016-10-21,10,2,4,0,0,0,23.58672523498535
2016-10-24,10,2,4,0,0,0,23.78032112121582
2016-10-25,10,2,4,0,0,0,23.84901237487793
2016-10-26,10,2,4,0,0,0,23.63044166564941
2016-10-27,10,2,4,0,0,0,23.58672523498535
2016-10-28,10,2,4,0,0,0,23.349424362182617
2016-10-31,10,2,4,0,0,0,23.58048820495605
2016-11-01,11,2,4,0,0,0,22.77490234375
2016-11-02,11,2,4,0,0,0,22.37523460388184
2016-11-03,11,2,4,0,0,0,22.17539596557617
2016-11-04,11,2,4,0,0,0,22.08172607421875
2016-11-07,11,2,4,0,0,0,23.27448463439941
2016-11-08,11,2,4,0,0,0,23.443098068237305
2016-11-09,11,2,4,0,0,0,22.67498588562012
2016-11-10,11,2,4,0,0,0,20.888959884643555
2016-11-11,11,2,4,0,0,0,20.295703887939453
2016-11-14,11,2,4,0,0,0,20.220766067504883
2016-11-15,11,2,4,0,0,0,20.901451110839844
2016-11-16,11,2,4,0,0,0,20.65165901184082
2016-11-17,11,2,4,0,0,0,20.220766067504883
2016-11-18,11,2,4,0,0,0,20.35190773010254
2016-11-21,11,2,4,0,0,0,21.07630920410156
2016-11-22,11,2,4,0,0,0,21.33859062194824
2016-11-23,11,2,4,0,0,0,21.1137752532959
2016-11-25,11,2,4,0,0,0,20.645410537719727
2016-11-28,11,2,4,0,0,0,21.17622184753418
2016-11-29,11,2,4,0,0,0,20.732839584350582
2016-11-30,11,2,4,0,0,0,20.9139404296875
2016-12-01,12,2,4,0,0,0,19.65873146057129
2016-12-02,12,2,4,0,0,0,19.78362846374512
2016-12-05,12,2,4,0,0,0,20.05840110778809
2016-12-06,12,2,4,0,0,0,20.408109664916992
2016-12-07,12,2,4,0,0,0,20.78279685974121
2016-12-08,12,2,4,0,0,0,20.61418342590332
2016-12-09,12,2,4,0,0,0,20.49553680419922
2016-12-12,12,2,4,0,0,0,20.25198745727539
2016-12-13,12,2,4,0,0,0,20.433090209960938
2016-12-14,12,2,4,0,0,0,19.671218872070312
2016-12-15,12,2,4,0,0,0,19.902278900146484
2016-12-16,12,2,4,0,0,0,19.689956665039062
2016-12-19,12,2,4,0,0,0,19.427669525146484
2016-12-20,12,2,4,0,0,0,19.689956665039062
2016-12-21,12,2,4,0,0,0,19.79429817199707
2016-12-22,12,2,4,0,0,0,19.882837295532227
2016-12-23,12,2,4,0,0,0,20.40773582458496
2016-12-27,12,2,4,0,0,0,20.57215881347656
2016-12-28,12,2,4,0,0,0,20.894685745239254
2016-12-29,12,2,4,0,0,0,21.28677749633789
2016-12-30,12,2,4,0,0,0,21.08441162109375
2017-01-03,1,1,1,0,0,0,21.79270362854004
2017-01-04,1,1,1,0,0,0,22.014047622680664
2017-01-05,1,1,1,0,0,0,22.273334503173828
2017-01-06,1,1,1,0,0,0,22.04566764831543
2017-01-09,1,1,1,0,0,0,22.03933906555176
2017-01-10,1,1,1,0,0,0,22.29230117797852
2017-01-11,1,1,1,0,0,0,22.78557777404785
2017-01-12,1,1,1,0,0,0,23.03221702575684
2017-01-13,1,1,1,0,0,0,22.728662490844727
2017-01-17,1,1,1,0,0,0,22.886762619018555
2017-01-18,1,1,1,0,0,0,22.551593780517575
2017-01-19,1,1,1,0,0,0,22.848817825317383
2017-01-20,1,1,1,0,1,0,23.196645736694336
2017-01-23,1,1,1,0,1,0,23.822725296020508
2017-01-24,1,1,1,0,1,0,23.645652770996094
2017-01-25,1,1,1,0,1,0,24.006122589111328
2017-01-26,1,1,1,0,1,0,23.765811920166016
2017-01-27,1,1,1,0,1,0,23.885967254638672
2017-01-30,1,1,1,0,1,0,23.436962127685547
2017-01-31,1,1,1,0,1,0,23.316802978515625
2017-02-01,2,1,1,0,1,0,23.500194549560547
2017-02-02,2,1,1,0,1,0,23.59506225585937
2017-02-03,2,1,1,0,1,0,23.77845764160156
2017-02-06,2,1,1,0,1,0,23.417984008789062
2017-02-07,2,1,1,0,1,0,23.417984008789062
2017-02-08,2,1,1,0,1,0,23.765811920166016
2017-02-09,2,1,1,0,1,0,23.677268981933597
2017-02-10,2,1,1,0,1,0,24.202171325683597
2017-02-13,2,1,1,0,1,0,24.347620010375977
2017-02-14,2,1,1,0,1,0,24.65117645263672
2017-02-15,2,1,1,0,1,0,25.32152366638184
2017-02-16,2,1,1,0,1,0,24.90414428710937
2017-02-17,2,1,1,0,1,0,24.81559944152832
2017-02-21,2,1,1,0,1,0,25.32784652709961
2017-02-22,2,1,1,0,1,0,25.391090393066406
2017-02-23,2,1,1,0,1,0,25.01165008544922
2017-02-24,2,1,1,0,1,0,24.25908470153809
2017-02-27,2,1,1,0,1,0,24.366594314575195
2017-02-28,2,1,1,0,1,0,23.86067008972168
2017-03-01,3,1,1,0,1,0,24.65117645263672
2017-03-02,3,1,1,0,1,0,23.66462135314941
2017-03-03,3,1,1,0,1,0,24.39822196960449
2017-03-06,3,1,1,0,1,0,24.082014083862305
2017-03-07,3,1,1,0,1,0,23.993471145629883
2017-03-08,3,1,1,0,1,0,23.27885627746582
2017-03-09,3,1,1,0,1,0,22.968978881835938
2017-03-10,3,1,1,0,1,0,23.474903106689453
2017-03-13,3,1,1,0,1,0,23.62035751342773
2017-03-14,3,1,1,0,1,0,23.177675247192383
2017-03-15,3,1,1,0,1,0,24.12628173828125
2017-03-16,3,1,1,0,1,0,23.93655586242676
2017-03-17,3,1,1,0,1,0,23.54446792602539
2017-03-20,3,1,1,0,1,0,24.037742614746094
2017-03-21,3,1,1,0,1,0,23.215620040893555
2017-03-22,3,1,1,0,1,0,23.386363983154297
2017-03-23,3,1,1,0,1,0,23.127077102661133
2017-03-24,3,1,1,0,1,0,23.474903106689453
2017-03-27,3,1,1,0,1,0,23.405336380004883
2017-03-28,3,1,1,0,1,0,23.500194549560547
2017-03-29,3,1,1,0,1,0,24.006122589111328
2017-03-30,3,1,1,0,1,0,23.66462135314941
2017-03-31,3,1,1,0,1,0,23.68992042541504
2017-04-03,4,1,2,0,1,0,23.968181610107425
2017-04-04,4,1,2,0,1,0,24.183198928833008
2017-04-05,4,1,2,0,1,0,23.658300399780277
2017-04-06,4,1,2,0,1,0,23.259885787963867
2017-04-07,4,1,2,0,1,0,23.39901161193848
2017-04-10,4,1,2,0,1,0,23.46225357055664
2017-04-11,4,1,2,0,1,0,23.39901161193848
2017-04-12,4,1,2,0,1,0,23.34842109680176
2017-04-13,4,1,2,0,1,0,22.823524475097656
2017-04-17,4,1,2,0,1,0,23.74683952331543
2017-04-18,4,1,2,0,1,0,23.57608795166016
2017-04-19,4,1,2,0,1,0,23.057512283325195
2017-04-20,4,1,2,0,1,0,22.975303649902344
2017-04-21,4,1,2,0,1,0,22.867794036865234
2017-04-24,4,1,2,0,1,0,23.538145065307617
2017-04-25,4,1,2,0,1,0,23.531818389892575
2017-04-26,4,1,2,0,1,0,23.310476303100582
2017-04-27,4,1,2,0,1,0,23.20929527282715
2017-04-28,4,1,2,0,1,0,23.50652313232422
2017-05-01,5,1,2,0,1,0,23.696250915527344
2017-05-02,5,1,2,0,1,0,24.227468490600582
2017-05-03,5,1,2,0,1,0,23.955530166625977
2017-05-04,5,1,2,0,1,0,23.335771560668945
2017-05-05,5,1,2,0,1,0,23.772130966186523
2017-05-08,5,1,2,0,1,0,23.46858024597168
2017-05-09,5,1,2,0,1,0,23.904937744140625
2017-05-10,5,1,2,0,1,0,24.39822196960449
2017-05-11,5,1,2,0,1,0,24.63852882385254
2017-05-12,5,1,2,0,1,0,25.131805419921875
2017-05-15,5,1,2,0,1,0,25.391090393066406
2017-05-16,5,1,2,0,1,0,25.574487686157227
2017-05-17,5,1,2,0,1,0,24.75236320495605
2017-05-18,5,1,2,0,1,0,20.71129035949707
2017-05-19,5,1,2,0,1,0,22.10890769958496
2017-05-22,5,1,2,0,1,0,21.495473861694336
2017-05-23,5,1,2,0,1,0,22.00771713256836
2017-05-24,5,1,2,0,1,0,22.248035430908203
2017-05-25,5,1,2,0,1,0,22.102582931518555
2017-05-26,5,1,2,0,1,0,22.450408935546875
2017-05-30,5,1,2,0,1,0,22.475704193115234
2017-05-31,5,1,2,0,1,0,22.2417106628418
2017-06-01,6,1,2,0,1,0,22.064638137817383
2017-06-02,6,1,2,0,1,0,22.089933395385746
2017-06-05,6,1,2,0,1,0,21.84961700439453
2017-06-06,6,1,2,0,1,0,22.10890769958496
2017-06-07,6,1,2,0,1,0,22.159496307373047
2017-06-08,6,1,2,0,1,0,22.064638137817383
2017-06-09,6,1,2,0,1,0,21.65357780456543
2017-06-12,6,1,2,0,1,0,21.40693473815918
2017-06-13,6,1,2,0,1,0,21.47649574279785
2017-06-14,6,1,2,0,1,0,21.70416641235352
2017-06-15,6,1,2,0,1,0,21.47649574279785
2017-06-16,6,1,2,0,1,0,21.59033203125
2017-06-19,6,1,2,0,1,0,21.69784545898437
2017-06-20,6,1,2,0,1,0,20.924488067626957
2017-06-21,6,1,2,0,1,0,20.97549819946289
2017-06-22,6,1,2,0,1,0,21.103004455566406
2017-06-23,6,1,2,0,1,0,21.06475257873535
2017-06-26,6,1,2,0,1,0,21.67680549621582
2017-06-27,6,1,2,0,1,0,21.307018280029297
2017-06-28,6,1,2,0,1,0,21.65129852294922
2017-06-29,6,1,2,0,1,0,21.56204605102539
2017-06-30,6,1,2,0,1,0,21.76605987548828
2017-07-03,7,2,3,0,1,0,21.93182182312012
2017-07-05,7,2,3,0,1,0,21.96370506286621
2017-07-06,7,2,3,0,1,0,21.60029602050781
2017-07-07,7,2,3,0,1,0,21.72143173217773
2017-07-10,7,2,3,0,1,0,22.09758949279785
2017-07-11,7,2,3,0,1,0,22.46737289428711
2017-07-12,7,2,3,0,1,0,23.136796951293945
2017-07-13,7,2,3,0,1,0,23.30256080627441
2017-07-14,7,2,3,0,1,0,23.474702835083008
2017-07-17,7,2,3,0,1,0,23.449201583862305
2017-07-18,7,2,3,0,1,0,23.66596984863281
2017-07-19,7,2,3,0,1,0,23.672346115112305
2017-07-20,7,2,3,0,1,0,23.81260681152344
2017-07-21,7,2,3,0,1,0,23.62771797180176
2017-07-24,7,2,3,0,1,0,23.71697425842285
2017-07-25,7,2,3,0,1,0,23.672346115112305
2017-07-26,7,2,3,0,1,0,23.69784545898437
2017-07-27,7,2,3,0,1,0,23.66596984863281
2017-07-28,7,2,3,0,1,0,23.83810806274414
2017-07-31,7,2,3,0,1,0,24.09950828552246
2017-08-01,8,2,3,0,1,0,24.30351829528809
2017-08-02,8,2,3,0,1,0,24.571290969848636
2017-08-03,8,2,3,0,1,0,24.50116729736328
2017-08-04,8,2,3,0,1,0,24.41827964782715
2017-08-07,8,2,3,0,1,0,24.74343681335449
2017-08-08,8,2,3,0,1,0,24.69880485534668
2017-08-09,8,2,3,0,1,0,24.44378662109375
2017-08-10,8,2,3,0,1,0,23.97837448120117
2017-08-11,8,2,3,0,1,0,24.227014541625977
2017-08-14,8,2,3,0,1,0,24.25889205932617
2017-08-15,8,2,3,0,1,0,24.507545471191406
2017-08-16,8,2,3,0,1,0,24.8199405670166
2017-08-17,8,2,3,0,1,0,24.36727523803711
2017-08-18,8,2,3,0,1,0,24.883697509765625
2017-08-21,8,2,3,0,1,0,24.705183029174805
2017-08-22,8,2,3,0,1,0,25.074960708618164
2017-08-23,8,2,3,0,1,0,25.55950164794922
2017-08-24,8,2,3,0,1,0,25.69338798522949
2017-08-25,8,2,3,0,1,0,25.591381072998047
2017-08-28,8,2,3,0,1,0,25.553129196166992
2017-08-29,8,2,3,0,1,0,25.591381072998047
2017-08-30,8,2,3,0,1,0,25.495744705200195
2017-08-31,8,2,3,0,1,0,25.502124786376957
2017-09-01,9,2,3,0,1,0,25.891033172607425
2017-09-05,9,2,3,0,1,0,26.12691879272461
2017-09-06,9,2,3,0,1,0,26.70709609985352
2017-09-07,9,2,3,0,1,0,26.911115646362305
2017-09-08,9,2,3,0,1,0,26.726219177246094
2017-09-11,9,2,3,0,1,0,27.127878189086918
2017-09-12,9,2,3,0,1,0,27.013113021850582
2017-09-13,9,2,3,0,1,0,27.032257080078125
2017-09-14,9,2,3,0,1,0,27.19801902770996
2017-09-15,9,2,3,0,1,0,27.637924194335938
2017-09-18,9,2,3,0,1,0,27.49766540527344
2017-09-19,9,2,3,0,1,0,27.45302963256836
2017-09-20,9,2,3,0,1,0,27.53591537475586
2017-09-21,9,2,3,0,1,0,27.17251205444336
2017-09-22,9,2,3,0,1,0,27.242647171020508
2017-09-25,9,2,3,0,1,0,26.64334487915039
2017-09-26,9,2,3,0,1,0,26.57320976257324
2017-09-27,9,2,3,0,1,0,26.088668823242188
2017-09-28,9,2,3,0,1,0,26.120548248291016
2017-09-29,9,2,3,0,1,0,26.57958602905273
2017-10-02,10,2,4,0,1,0,26.59871482849121
2017-10-03,10,2,4,0,1,0,27.52953720092773
2017-10-04,10,2,4,0,1,0,27.61879539489746
2017-10-05,10,2,4,0,1,0,27.49128532409668
2017-10-06,10,2,4,0,1,0,27.17251205444336
2017-10-09,10,2,4,0,1,0,26.777233123779297
2017-10-10,10,2,4,0,1,0,27.300025939941406
2017-10-11,10,2,4,0,1,0,27.376527786254883
2017-10-12,10,2,4,0,1,0,27.26176643371582
2017-10-13,10,2,4,0,1,0,27.631555557250977
2017-10-16,10,2,4,0,1,0,27.376527786254883
2017-10-17,10,2,4,0,1,0,27.185253143310547
2017-10-18,10,2,4,0,1,0,27.2235164642334
2017-10-19,10,2,4,0,1,0,27.09600067138672
2017-10-20,10,2,4,0,1,0,26.9429931640625
2017-10-23,10,2,4,0,1,0,26.28631401062012
2017-10-24,10,2,4,0,1,0,26.458446502685547
2017-10-25,10,2,4,0,1,0,26.70072364807129
2017-10-26,10,2,4,0,1,0,25.90378189086914
2017-10-27,10,2,4,0,1,0,26.49032592773437
2017-10-30,10,2,4,0,1,0,25.60413360595703
2017-10-31,10,2,4,0,1,0,25.610504150390625
2017-11-01,11,2,4,0,1,0,25.438371658325195
2017-11-02,11,2,4,0,1,0,25.438371658325195
2017-11-03,11,2,4,0,1,0,25.06220817565918
2017-11-06,11,2,4,0,1,0,25.731639862060547
2017-11-07,11,2,4,0,1,0,24.96657371520996
2017-11-08,11,2,4,0,1,0,25.69338798522949
2017-11-09,11,2,4,0,1,0,25.25347328186035
2017-11-10,11,2,4,0,1,0,24.756179809570312
2017-11-13,11,2,4,0,1,0,24.832687377929688
2017-11-14,11,2,4,0,1,0,24.061254501342773
2017-11-15,11,2,4,0,1,0,24.23976325988769
2017-11-16,11,2,4,0,1,0,25.030332565307617
2017-11-17,11,2,4,0,1,0,25.393739700317383
2017-11-20,11,2,4,0,1,0,25.623252868652344
2017-11-21,11,2,4,0,1,0,25.776273727416992
2017-11-22,11,2,4,0,1,0,26.050413131713867
2017-11-24,11,2,4,0,1,0,25.967533111572266
2017-11-27,11,2,4,0,1,0,25.878278732299805
2017-11-28,11,2,4,0,1,0,26.139673233032227
2017-11-29,11,2,4,0,1,0,25.285356521606445
2017-11-30,11,2,4,0,1,0,24.67330741882324
2017-12-01,12,2,4,0,1,0,24.883697509765625
2017-12-04,12,2,4,0,1,0,25.272607803344727
2017-12-05,12,2,4,0,1,0,25.215221405029297
2017-12-06,12,2,4,0,1,0,25.521244049072266
2017-12-07,12,2,4,0,1,0,24.896446228027344
2017-12-08,12,2,4,0,1,0,24.87094116210937
2017-12-11,12,2,4,0,1,0,24.92194366455078
2017-12-12,12,2,4,0,1,0,25.55950164794922
2017-12-13,12,2,4,0,1,0,24.692426681518555
2017-12-14,12,2,4,0,1,0,24.42466163635254
2017-12-15,12,2,4,0,1,0,24.7115535736084
2017-12-18,12,2,4,0,1,0,25.004838943481445
2017-12-19,12,2,4,0,1,0,24.950130462646484
2017-12-20,12,2,4,0,1,0,24.98230361938477
2017-12-21,12,2,4,0,1,0,25.43922233581543
2017-12-22,12,2,4,0,1,0,25.426347732543945
2017-12-26,12,2,4,0,1,0,25.735252380371094
2017-12-27,12,2,4,0,1,0,25.812475204467773
2017-12-28,12,2,4,0,1,0,25.973562240600582
2017-12-29,12,2,4,0,1,0,26.06377220153809
2018-01-02,1,1,1,0,1,0,26.856319427490234
2018-01-03,1,1,1,0,1,0,27.1849308013916
2018-01-04,1,1,1,0,1,0,27.365345001220703
2018-01-05,1,1,1,0,1,0,27.603757858276367
2018-01-08,1,1,1,0,1,0,27.494213104248047
2018-01-09,1,1,1,0,1,0,27.28158569335937
2018-01-10,1,1,1,0,1,0,27.262250900268555
2018-01-11,1,1,1,0,1,0,27.771284103393555
2018-01-12,1,1,1,0,1,0,27.85505104064941
2018-01-16,1,1,1,0,1,0,27.75840377807617
2018-01-17,1,1,1,0,1,0,28.260986328125
2018-01-18,1,1,1,0,1,0,28.325424194335938
2018-01-19,1,1,1,0,1,0,28.65404319763184
2018-01-22,1,1,1,0,1,0,28.757137298583984
2018-01-23,1,1,1,0,1,0,28.132118225097656
2018-01-24,1,1,1,0,1,0,29.865406036376957
2018-01-25,1,1,1,0,1,0,30.18758201599121
2018-01-26,1,1,1,0,1,0,30.49687385559082
2018-01-29,1,1,1,0,1,0,29.89118194580078
2018-01-30,1,1,1,0,1,0,29.839637756347656
2018-01-31,1,1,1,0,1,0,30.02005386352539
2018-02-01,2,1,1,0,1,0,30.10381126403809
2018-02-02,2,1,1,0,1,0,29.03420639038086
2018-02-05,2,1,1,0,1,0,28.003253936767575
2018-02-06,2,1,1,0,1,0,29.07286262512207
2018-02-07,2,1,1,0,1,0,28.177228927612305
2018-02-08,2,1,1,0,1,0,27.249366760253903
2018-02-09,2,1,1,0,1,0,27.8099422454834
2018-02-12,2,1,1,0,1,0,28.20943832397461
2018-02-13,2,1,1,0,1,0,28.35763359069824
2018-02-14,2,1,1,0,1,0,29.117965698242188
2018-02-15,2,1,1,0,1,0,29.32415580749512
2018-02-16,2,1,1,0,1,0,29.34348487854004
2018-02-20,2,1,1,0,1,0,29.556123733520508
2018-02-21,2,1,1,0,1,0,29.543235778808597
2018-02-22,2,1,1,0,1,0,29.80742073059082
2018-02-23,2,1,1,0,1,0,30.1167049407959
2018-02-26,2,1,1,0,1,0,30.367998123168945
2018-02-27,2,1,1,0,1,0,29.82674598693848
2018-02-28,2,1,1,0,1,0,29.30482482910156
2018-03-01,3,1,1,0,1,0,29.29838180541992
2018-03-02,3,1,1,0,1,0,29.38214874267578
2018-03-05,3,1,1,0,1,0,29.588340759277344
2018-03-06,3,1,1,0,1,0,29.79452896118164
2018-03-07,3,1,1,0,1,0,29.39504051208496
2018-03-08,3,1,1,0,1,0,29.027761459350582
2018-03-09,3,1,1,0,1,0,29.633445739746094
2018-03-12,3,1,1,0,1,0,29.781644821166992
2018-03-13,3,1,1,0,1,0,29.4916934967041
2018-03-14,3,1,1,0,1,0,29.44658660888672
2018-03-15,3,1,1,0,1,0,28.776466369628903
2018-03-16,3,1,1,0,1,0,28.744245529174805
2018-03-19,3,1,1,0,1,0,28.480064392089844
2018-03-20,3,1,1,0,1,0,28.29964828491211
2018-03-21,3,1,1,0,1,0,28.982650756835938
2018-03-22,3,1,1,0,1,0,28.29320526123047
2018-03-23,3,1,1,0,1,0,28.260986328125
2018-03-26,3,1,1,0,1,0,28.692699432373047
2018-03-27,3,1,1,0,1,0,27.932371139526367
2018-03-28,3,1,1,0,1,0,28.054800033569336
2018-03-29,3,1,1,0,1,0,28.918222427368164
2018-04-02,4,1,2,0,1,0,28.46073341369629
2018-04-03,4,1,2,0,1,0,28.2287712097168
2018-04-04,4,1,2,0,1,0,28.21588706970215
2018-04-05,4,1,2,0,1,0,28.40274810791016
2018-04-06,4,1,2,0,1,0,27.97747611999512
2018-04-09,4,1,2,0,1,0,27.04961585998535
2018-04-10,4,1,2,0,1,0,27.59087181091309
2018-04-11,4,1,2,0,1,0,27.97103309631348
2018-04-12,4,1,2,0,1,0,27.874380111694336
2018-04-13,4,1,2,0,1,0,27.339574813842773
2018-04-16,4,1,2,0,1,0,26.985183715820312
2018-04-17,4,1,2,0,1,0,27.45555877685547
2018-04-18,4,1,2,0,1,0,28.248104095458984
2018-04-19,4,1,2,0,1,0,28.093454360961918
2018-04-20,4,1,2,0,1,0,27.8099422454834
2018-04-23,4,1,2,0,1,0,27.44911766052246
2018-04-24,4,1,2,0,1,0,27.313800811767575
2018-04-25,4,1,2,0,1,0,27.088275909423828
2018-04-26,4,1,2,0,1,0,27.62308883666992
2018-04-27,4,1,2,0,1,0,27.745512008666992
2018-04-30,4,1,2,0,1,0,27.25580596923828
2018-05-01,5,1,2,0,1,0,26.914304733276367
2018-05-02,5,1,2,0,1,0,26.469709396362305
2018-05-03,5,1,2,0,1,0,26.244186401367188
2018-05-04,5,1,2,0,1,0,26.257080078125
2018-05-07,5,1,2,0,1,0,25.83824348449707
2018-05-08,5,1,2,0,1,0,25.84469413757324
2018-05-09,5,1,2,0,1,0,26.083097457885746
2018-05-10,5,1,2,0,1,0,26.9722957611084
2018-05-11,5,1,2,0,1,0,26.37949752807617
2018-05-14,5,1,2,0,1,0,26.19264411926269
2018-05-15,5,1,2,0,1,0,25.864023208618164
2018-05-16,5,1,2,0,1,0,26.14753532409668
2018-05-17,5,1,2,0,1,0,25.18101501464844
2018-05-18,5,1,2,0,1,0,24.678428649902344
2018-05-21,5,1,2,0,1,0,24.736417770385746
2018-05-22,5,1,2,0,1,0,25.36787986755371
2018-05-23,5,1,2,0,1,0,24.897506713867188
2018-05-24,5,1,2,0,1,0,24.57533264160156
2018-05-25,5,1,2,0,1,0,24.001863479614254
2018-05-29,5,1,2,0,1,0,22.764724731445312
2018-05-30,5,1,2,0,1,0,22.9902400970459
2018-05-31,5,1,2,0,1,0,22.951583862304688
2018-06-01,6,1,2,0,1,0,23.07400894165039
2018-06-04,6,1,2,0,1,0,23.467060089111328
2018-06-05,6,1,2,0,1,0,22.53275680541992
2018-06-06,6,1,2,0,1,0,22.217029571533203
2018-06-07,6,1,2,0,1,0,21.076539993286133
2018-06-08,6,1,2,0,1,0,21.99795150756836
2018-06-11,6,1,2,0,1,0,21.77887344360352
2018-06-12,6,1,2,0,1,0,22.010835647583008
2018-06-13,6,1,2,0,1,0,21.77887344360352
2018-06-14,6,1,2,0,1,0,21.057209014892575
2018-06-15,6,1,2,0,1,0,21.28917121887207
2018-06-18,6,1,2,0,1,0,20.986328125
2018-06-19,6,1,2,0,1,0,21.432403564453125
2018-06-20,6,1,2,0,1,0,21.314498901367188
2018-06-21,6,1,2,0,1,0,20.882179260253903
2018-06-22,6,1,2,0,1,0,20.986988067626957
2018-06-25,6,1,2,0,1,0,21.17038917541504
2018-06-26,6,1,2,0,1,0,21.059038162231445
2018-06-27,6,1,2,0,1,0,20.305761337280277
2018-06-28,6,1,2,0,1,0,20.888731002807617
2018-06-29,6,1,2,0,1,0,20.99353408813477
2018-07-02,7,2,3,0,1,0,20.87563133239746
2018-07-03,7,2,3,0,1,0,21.321044921875
2018-07-05,7,2,3,0,1,0,21.15074157714844
2018-07-06,7,2,3,0,1,0,21.73371124267578
2018-07-09,7,2,3,0,1,0,21.96952438354492
2018-07-10,7,2,3,0,1,0,22.067773818969727
2018-07-11,7,2,3,0,1,0,21.44550132751465
2018-07-12,7,2,3,0,1,0,21.877819061279297
2018-07-13,7,2,3,0,1,0,22.30358123779297
2018-07-16,7,2,3,0,1,0,22.19877815246582
2018-07-17,7,2,3,0,1,0,22.80794906616211
2018-07-18,7,2,3,0,1,0,22.52628898620605
2018-07-19,7,2,3,0,1,0,22.59834671020508
2018-07-20,7,2,3,0,1,0,23.35162353515625
2018-07-23,7,2,3,0,1,0,23.142019271850582
2018-07-24,7,2,3,0,1,0,23.73809051513672
2018-07-25,7,2,3,0,1,0,24.33415985107422
2018-07-26,7,2,3,0,1,0,23.65293312072754
2018-07-27,7,2,3,0,1,0,24.059051513671875
2018-07-30,7,2,3,0,1,0,24.07869529724121
2018-07-31,7,2,3,0,1,0,23.646381378173828
2018-08-01,8,2,3,0,1,0,23.574331283569336
2018-08-02,8,2,3,0,1,0,23.731534957885746
2018-08-03,8,2,3,0,1,0,24.596168518066406
2018-08-06,8,2,3,0,1,0,24.25555229187012
2018-08-07,8,2,3,0,1,0,23.81669235229492
2018-08-08,8,2,3,0,1,0,23.515378952026367
2018-08-09,8,2,3,0,1,0,23.1878719329834
2018-08-10,8,2,3,0,1,0,22.166025161743164
2018-08-13,8,2,3,0,1,0,22.283933639526367
2018-08-14,8,2,3,0,1,0,22.72935104370117
2018-08-15,8,2,3,0,1,0,22.13982582092285
2018-08-16,8,2,3,0,1,0,22.028472900390625
2018-08-17,8,2,3,0,1,0,21.799211502075195
2018-08-20,8,2,3,0,1,0,21.6682071685791
2018-08-21,8,2,3,0,1,0,20.947683334350582
2018-08-22,8,2,3,0,1,0,21.360353469848636
2018-08-23,8,2,3,0,1,0,20.65292358398437
2018-08-24,8,2,3,0,1,0,20.941131591796875
2018-08-27,8,2,3,0,1,0,21.49135398864746
2018-08-28,8,2,3,0,1,0,21.08523750305176
2018-08-29,8,2,3,0,1,0,21.484804153442383
2018-08-30,8,2,3,0,1,0,20.718425750732425
2018-08-31,8,2,3,0,1,0,21.255544662475582
2018-09-04,9,2,3,0,1,0,20.27955818176269
2018-09-05,9,2,3,0,1,0,20.423662185668945
2018-09-06,9,2,3,0,1,0,20.986988067626957
2018-09-07,9,2,3,0,1,0,21.29484748840332
2018-09-10,9,2,3,0,1,0,21.05248641967773
2018-09-11,9,2,3,0,1,0,20.305761337280277
2018-09-12,9,2,3,0,1,0,20.46951484680176
2018-09-13,9,2,3,0,1,0,20.12234878540039
2018-09-14,9,2,3,0,1,0,20.44986343383789
2018-09-17,9,2,3,0,1,0,21.045936584472656
2018-09-18,9,2,3,0,1,0,21.307945251464844
2018-09-19,9,2,3,0,1,0,21.307945251464844
2018-09-20,9,2,3,0,1,0,21.596160888671875
2018-09-21,9,2,3,0,1,0,22.11362838745117
2018-09-24,9,2,3,0,1,0,21.478252410888672
2018-09-25,9,2,3,0,1,0,21.700963973999023
2018-09-26,9,2,3,0,1,0,22.04157829284668
2018-09-27,9,2,3,0,1,0,22.50008583068848
2018-09-28,9,2,3,0,1,0,22.093975067138672
2018-10-01,10,2,4,0,1,0,22.08087539672852
2018-10-02,10,2,4,0,1,0,23.325424194335938
2018-10-03,10,2,4,0,1,0,24.1704044342041
2018-10-04,10,2,4,0,1,0,23.914941787719727
2018-10-05,10,2,4,0,1,0,24.0131950378418
2018-10-08,10,2,4,0,1,0,25.631107330322266
2018-10-09,10,2,4,0,1,0,25.92587280273437
2018-10-10,10,2,4,0,1,0,24.96953392028809
2018-10-11,10,2,4,0,1,0,24.56996726989746
2018-10-12,10,2,4,0,1,0,25.290498733520508
2018-10-15,10,2,4,0,1,0,25.028484344482425
2018-10-16,10,2,4,0,1,0,25.84071922302246
2018-10-17,10,2,4,0,1,0,26.12892723083496
2018-10-18,10,2,4,0,1,0,25.27739524841309
2018-10-19,10,2,4,0,1,0,25.51320457458496
2018-10-22,10,2,4,0,1,0,26.056873321533203
2018-10-23,10,2,4,0,1,0,25.912769317626957
2018-10-24,10,2,4,0,1,0,24.851625442504883
2018-10-25,10,2,4,0,1,0,25.54595375061035
2018-10-26,10,2,4,0,1,0,26.2271785736084
2018-10-29,10,2,4,0,1,0,25.3035945892334
2018-10-30,10,2,4,0,1,0,26.456439971923828
2018-10-31,10,2,4,0,1,0,26.29923439025879
2018-11-01,11,2,4,0,1,0,26.888755798339844
2018-11-02,11,2,4,0,1,0,27.255565643310547
2018-11-05,11,2,4,0,1,0,27.013214111328125
2018-11-06,11,2,4,0,1,0,26.574342727661133
2018-11-07,11,2,4,0,1,0,26.443340301513672
2018-11-08,11,2,4,0,1,0,25.68350982666016
2018-11-09,11,2,4,0,1,0,25.84726333618164
2018-11-12,11,2,4,0,1,0,25.51320457458496
2018-11-13,11,2,4,0,1,0,25.10053825378418
2018-11-14,11,2,4,0,1,0,25.493549346923828
2018-11-15,11,2,4,0,1,0,26.11582565307617
2018-11-16,11,2,4,0,1,0,26.51538848876953
2018-11-19,11,2,4,0,1,0,26.14202880859375
2018-11-20,11,2,4,0,1,0,25.25775146484375
2018-11-21,11,2,4,0,1,0,25.80796813964844
2018-11-23,11,2,4,0,1,0,25.349449157714844
2018-11-26,11,2,4,0,1,0,24.511016845703125
2018-11-27,11,2,4,0,1,0,25.565608978271484
2018-11-28,11,2,4,0,1,0,26.076526641845703
2018-11-29,11,2,4,0,1,0,26.08307647705078
2018-11-30,11,2,4,0,1,0,26.06997299194336
2018-12-03,12,2,4,0,1,0,26.19442749023437
2018-12-04,12,2,4,0,1,0,25.729360580444336
2018-12-06,12,2,4,0,1,0,25.83416748046875
2018-12-07,12,2,4,0,1,0,25.3232536315918
2018-12-10,12,2,4,0,1,0,24.648571014404297
2018-12-11,12,2,4,0,1,0,24.923681259155277
2018-12-12,12,2,4,0,1,0,25.34289932250977
2018-12-13,12,2,4,0,1,0,25.43460273742676
2018-12-14,12,2,4,0,1,0,25.10708236694336
2018-12-17,12,2,4,0,1,0,24.7861270904541
2018-12-18,12,2,4,0,1,0,25.04818153381348
2018-12-19,12,2,4,0,1,0,24.536041259765625
2018-12-20,12,2,4,0,1,0,24.981674194335938
2018-12-21,12,2,4,0,1,0,24.702320098876957
2018-12-24,12,2,4,0,1,0,24.363117218017575
2018-12-26,12,2,4,0,1,0,24.808744430541992
2018-12-27,12,2,4,0,1,0,25.10804748535156
2018-12-28,12,2,4,0,1,0,25.32752799987793
2018-12-31,12,2,4,0,1,0,25.407344818115234
2019-01-02,1,1,1,0,1,0,27.030216217041016
2019-01-03,1,1,1,0,1,0,27.203147888183597
2019-01-04,1,1,1,0,1,0,27.81505584716797
2019-01-07,1,1,1,0,1,0,27.53571319580078
2019-01-08,1,1,1,0,1,0,27.86826515197754
2019-01-09,1,1,1,0,1,0,28.573280334472656
2019-01-10,1,1,1,0,1,0,28.53337860107422
2019-01-11,1,1,1,0,1,0,28.45356559753418
2019-01-14,1,1,1,0,1,0,28.586589813232425
2019-01-15,1,1,1,0,1,0,28.42696189880371
2019-01-16,1,1,1,0,1,0,28.38039779663086
2019-01-17,1,1,1,0,1,0,28.61319351196289
2019-01-18,1,1,1,0,1,0,28.732913970947266
2019-01-22,1,1,1,0,1,0,28.034542083740234
2019-01-23,1,1,1,0,1,0,28.79277229309082
2019-01-24,1,1,1,0,1,0,29.032211303710938
2019-01-25,1,1,1,0,1,0,29.145288467407227
2019-01-28,1,1,1,0,1,0,28.513427734375
2019-01-29,1,1,1,0,1,0,28.892539978027344
2019-01-30,1,1,1,0,1,0,29.664077758789062
2019-01-31,1,1,1,0,1,0,30.17620277404785
2019-02-01,2,1,1,0,1,0,30.1961669921875
2019-02-04,2,1,1,0,1,0,30.23607063293457
2019-02-05,2,1,1,0,1,0,30.06978988647461
2019-02-06,2,1,1,0,1,0,28.819372177124023
2019-02-07,2,1,1,0,1,0,28.63314437866211
2019-02-08,2,1,1,0,1,0,28.646448135375977
2019-02-11,2,1,1,0,1,0,28.26068687438965
2019-02-12,2,1,1,0,1,0,29.065467834472656
2019-02-13,2,1,1,0,1,0,28.646448135375977
2019-02-14,2,1,1,0,1,0,29.4312801361084
2019-02-15,2,1,1,0,1,0,29.564302444458008
2019-02-19,2,1,1,0,1,0,29.364768981933597
2019-02-20,2,1,1,0,1,0,29.10537338256836
2019-02-21,2,1,1,0,1,0,28.965696334838867
2019-02-22,2,1,1,0,1,0,29.364768981933597
2019-02-25,2,1,1,0,1,0,29.211790084838867
2019-02-26,2,1,1,0,1,0,29.331514358520508
2019-02-27,2,1,1,0,1,0,29.37142372131348
2019-02-28,2,1,1,0,1,0,28.59988594055176
2019-03-01,3,1,1,0,1,0,28.167564392089844
2019-03-04,3,1,1,0,1,0,28.18086814880371
2019-03-05,3,1,1,0,1,0,28.393701553344727
2019-03-06,3,1,1,0,1,0,27.60221672058105
2019-03-07,3,1,1,0,1,0,27.389381408691406
2019-03-08,3,1,1,0,1,0,27.71528625488281
2019-03-11,3,1,1,0,1,0,28.646448135375977
2019-03-12,3,1,1,0,1,0,28.786115646362305
2019-03-13,3,1,1,0,1,0,29.098722457885746
2019-03-14,3,1,1,0,1,0,28.73956298828125
2019-03-15,3,1,1,0,1,0,29.058818817138672
2019-03-18,3,1,1,0,1,0,29.53105354309082
2019-03-19,3,1,1,0,1,0,29.497787475585938
2019-03-20,3,1,1,0,1,0,29.27164649963379
2019-03-21,3,1,1,0,1,0,28.59988594055176
2019-03-22,3,1,1,0,1,0,26.89054679870605
2019-03-25,3,1,1,0,1,0,27.229751586914062
2019-03-26,3,1,1,0,1,0,27.68203353881836
2019-03-27,3,1,1,0,1,0,26.12566566467285
2019-03-28,3,1,1,0,1,0,27.05682182312012
2019-03-29,3,1,1,0,1,0,27.26301002502441
2019-04-01,4,1,2,0,1,0,27.80175399780273
2019-04-02,4,1,2,0,1,0,27.78179359436035
2019-04-03,4,1,2,0,1,0,27.389381408691406
2019-04-04,4,1,2,0,1,0,28.00128555297852
2019-04-05,4,1,2,0,1,0,28.127660751342773
2019-04-08,4,1,2,0,1,0,28.367101669311523
2019-04-09,4,1,2,0,1,0,27.987985610961918
2019-04-10,4,1,2,0,1,0,28.101055145263672
2019-04-11,4,1,2,0,1,0,27.5822696685791
2019-04-12,4,1,2,0,1,0,26.8173828125
2019-04-15,4,1,2,0,1,0,27.01692008972168
2019-04-16,4,1,2,0,1,0,27.12998962402344
2019-04-17,4,1,2,0,1,0,26.63779830932617
2019-04-18,4,1,2,0,1,0,26.910499572753903
2019-04-22,4,1,2,0,1,0,26.930458068847656
2019-04-23,4,1,2,0,1,0,27.362775802612305
2019-04-24,4,1,2,0,1,0,26.66440773010254
2019-04-25,4,1,2,0,1,0,27.3228702545166
2019-04-26,4,1,2,0,1,0,27.43593978881836
2019-04-29,4,1,2,0,1,0,27.42263984680176
2019-04-30,4,1,2,0,1,0,27.529052734375
2019-05-01,5,1,2,0,1,0,27.07012939453125
2019-05-02,5,1,2,0,1,0,27.036874771118164
2019-05-03,5,1,2,0,1,0,27.396034240722656
2019-05-06,5,1,2,0,1,0,26.910499572753903
2019-05-07,5,1,2,0,1,0,26.684362411499023
2019-05-08,5,1,2,0,1,0,27.20980262756348
2019-05-09,5,1,2,0,1,0,26.79742813110352
2019-05-10,5,1,2,0,1,0,26.770828247070312
2019-05-13,5,1,2,0,1,0,25.83301544189453
2019-05-14,5,1,2,0,1,0,25.91947555541992
2019-05-15,5,1,2,0,1,0,25.566970825195312
2019-05-16,5,1,2,0,1,0,25.04153251647949
2019-05-17,5,1,2,0,1,0,24.60255622863769
2019-05-20,5,1,2,0,1,0,25.088090896606445
2019-05-21,5,1,2,0,1,0,26.112363815307617
2019-05-22,5,1,2,0,1,0,26.17887306213379
2019-05-23,5,1,2,0,1,0,25.999298095703125
2019-05-24,5,1,2,0,1,0,26.08576202392578
2019-05-28,5,1,2,0,1,0,26.790781021118164
2019-05-29,5,1,2,0,1,0,27.21644592285156
2019-05-30,5,1,2,0,1,0,27.50910377502441
2019-05-31,5,1,2,0,1,0,27.70199203491211
2019-06-03,6,1,2,0,1,0,27.90816879272461
2019-06-04,6,1,2,0,1,0,28.307241439819336
2019-06-05,6,1,2,0,1,0,27.642127990722656
2019-06-06,6,1,2,0,1,0,28.081104278564453
2019-06-07,6,1,2,0,1,0,28.33384704589844
2019-06-10,6,1,2,0,1,0,28.11435890197754
2019-06-11,6,1,2,0,1,0,28.832677841186523
2019-06-12,6,1,2,0,1,0,28.45356559753418
2019-06-13,6,1,2,0,1,0,28.73956298828125
2019-06-14,6,1,2,0,1,0,28.094406127929688
2019-06-17,6,1,2,0,1,0,28.095083236694336
2019-06-18,6,1,2,0,1,0,28.83601188659668
2019-06-19,6,1,2,0,1,0,29.16606712341309
2019-06-20,6,1,2,0,1,0,29.758819580078125
2019-06-21,6,1,2,0,1,0,29.886798858642575
2019-06-24,6,1,2,0,1,0,29.89353370666504
2019-06-25,6,1,2,0,1,0,29.098712921142575
2019-06-26,6,1,2,0,1,0,29.33446502685547
2019-06-27,6,1,2,0,1,0,29.42876434326172
2019-06-28,6,1,2,0,1,0,29.448976516723636
2019-07-01,7,2,3,0,1,0,29.55674743652344
2019-07-02,7,2,3,0,1,0,29.28731346130371
2019-07-03,7,2,3,0,1,0,29.55674743652344
2019-07-05,7,2,3,0,1,0,30.472820281982425
2019-07-08,7,2,3,0,1,0,30.695098876953125
2019-07-09,7,2,3,0,1,0,30.99821662902832
2019-07-10,7,2,3,0,1,0,31.476457595825195
2019-07-11,7,2,3,0,1,0,31.368677139282227
2019-07-12,7,2,3,0,1,0,31.20702362060547
2019-07-15,7,2,3,0,1,0,30.910646438598636
2019-07-16,7,2,3,0,1,0,30.7961368560791
2019-07-17,7,2,3,0,1,0,30.96452522277832
2019-07-18,7,2,3,0,1,0,31.43603134155273
2019-07-19,7,2,3,0,1,0,30.99821662902832
2019-07-22,7,2,3,0,1,0,31.112716674804688
2019-07-23,7,2,3,0,1,0,30.782663345336918
2019-07-24,7,2,3,0,1,0,30.944324493408203
2019-07-25,7,2,3,0,1,0,30.371782302856445
2019-07-26,7,2,3,0,1,0,30.607534408569336
2019-07-29,7,2,3,0,1,0,30.64121627807617
2019-07-30,7,2,3,0,1,0,30.42567253112793
2019-07-31,7,2,3,0,1,0,29.974363327026367
2019-08-01,8,2,3,0,1,0,29.725143432617188
2019-08-02,8,2,3,0,1,0,29.583688735961918
2019-08-05,8,2,3,0,1,0,28.384714126586918
2019-08-06,8,2,3,0,1,0,28.91684913635254
2019-08-07,8,2,3,0,1,0,29.091981887817383
2019-08-08,8,2,3,0,1,0,29.81945037841797
2019-08-09,8,2,3,0,1,0,29.630844116210938
2019-08-12,8,2,3,0,1,0,28.68782997131348
2019-08-13,8,2,3,0,1,0,29.2603702545166
2019-08-14,8,2,3,0,1,0,27.85258674621582
2019-08-15,8,2,3,0,1,0,27.859325408935547
2019-08-16,8,2,3,0,1,0,28.054662704467773
2019-08-19,8,2,3,0,1,0,27.448436737060547
2019-08-20,8,2,3,0,1,0,27.54274177551269
2019-08-21,8,2,3,0,1,0,28.27020835876465
2019-08-22,8,2,3,0,1,0,27.556211471557617
2019-08-23,8,2,3,0,1,0,26.613201141357425
2019-08-26,8,2,3,0,1,0,26.19557762145996
2019-08-27,8,2,3,0,1,0,26.28988075256348
2019-08-28,8,2,3,0,1,0,26.579519271850582
2019-08-29,8,2,3,0,1,0,27.13859748840332
2019-08-30,8,2,3,0,1,0,27.6101016998291
2019-09-03,9,2,3,0,1,0,26.89609909057617
2019-09-04,9,2,3,0,1,0,27.74481010437012
2019-09-05,9,2,3,0,1,0,28.027719497680664
2019-09-06,9,2,3,0,1,0,28.377979278564453
2019-09-09,9,2,3,0,1,0,28.377979278564453
2019-09-10,9,2,3,0,1,0,28.29714584350586
2019-09-11,9,2,3,0,1,0,28.70130157470703
2019-09-12,9,2,3,0,1,0,28.95726585388184
2019-09-13,9,2,3,0,1,0,28.47901725769043
2019-09-16,9,2,3,0,1,0,28.526168823242188
2019-09-17,9,2,3,0,1,0,28.86969375610352
2019-09-18,9,2,3,0,1,0,28.70130157470703
2019-09-19,9,2,3,0,1,0,28.236522674560547
2019-09-20,9,2,3,0,1,0,28.425132751464844
2019-09-23,9,2,3,0,1,0,28.18264579772949
2019-09-24,9,2,3,0,1,0,28.06813240051269
2019-09-25,9,2,3,0,1,0,28.263477325439453
2019-09-26,9,2,3,0,1,0,28.46554374694824
2019-09-27,9,2,3,0,1,0,28.445337295532227
2019-09-30,9,2,3,0,1,0,28.377979278564453
2019-10-01,10,2,4,0,1,0,28.074871063232425
2019-10-02,10,2,4,0,1,0,27.468645095825195
2019-10-03,10,2,4,0,1,0,27.75154685974121
2019-10-04,10,2,4,0,1,0,28.3645133972168
2019-10-07,10,2,4,0,1,0,27.529260635375977
2019-10-08,10,2,4,0,1,0,27.33393096923828
2019-10-09,10,2,4,0,1,0,27.704402923583984
2019-10-10,10,2,4,0,1,0,27.73134422302246
2019-10-11,10,2,4,0,1,0,28.445337295532227
2019-10-14,10,2,4,0,1,0,28.377979278564453
2019-10-15,10,2,4,0,1,0,28.155702590942383
2019-10-16,10,2,4,0,1,0,28.532909393310547
2019-10-17,10,2,4,0,1,0,28.317358016967773
2019-10-18,10,2,4,0,1,0,28.57331657409668
2019-10-21,10,2,4,0,1,0,28.82928276062012
2019-10-22,10,2,4,0,1,0,29.536540985107425
2019-10-23,10,2,4,0,1,0,29.947423934936523
2019-10-24,10,2,4,0,1,0,29.725143432617188
2019-10-25,10,2,4,0,1,0,30.088882446289062
2019-10-28,10,2,4,0,1,0,30.39872360229492
2019-10-29,10,2,4,0,1,0,30.055198669433597
2019-10-30,10,2,4,0,1,0,30.499757766723636
2019-10-31,10,2,4,0,1,0,30.041723251342773
2019-11-01,11,2,4,0,1,0,30.371782302856445
2019-11-04,11,2,4,0,1,0,30.32463264465332
2019-11-05,11,2,4,0,1,0,30.47955322265625
2019-11-06,11,2,4,0,1,0,29.86659812927246
2019-11-07,11,2,4,0,1,0,29.994577407836918
2019-11-08,11,2,4,0,1,0,28.97747039794922
2019-11-11,11,2,4,0,1,0,29.381610870361328
2019-11-12,11,2,4,0,1,0,28.82254219055176
2019-11-13,11,2,4,0,1,0,28.55984687805176
2019-11-14,11,2,4,0,1,0,28.613739013671875
2019-11-15,11,2,4,0,1,0,28.97747039794922
2019-11-18,11,2,4,0,1,0,28.431867599487305
2019-11-19,11,2,4,0,1,0,28.29041290283203
2019-11-20,11,2,4,0,1,0,28.263477325439453
2019-11-21,11,2,4,0,1,0,28.80906867980957
2019-11-22,11,2,4,0,1,0,29.071765899658203
2019-11-25,11,2,4,0,1,0,28.768653869628903
2019-11-26,11,2,4,0,1,0,28.35777282714844
2019-11-27,11,2,4,0,1,0,28.35777282714844
2019-11-29,11,2,4,0,1,0,28.60699844360352
2019-12-02,12,2,4,0,1,0,29.01115226745605
2019-12-03,12,2,4,0,1,0,29.044828414916992
2019-12-04,12,2,4,0,1,0,29.3748779296875
2019-12-05,12,2,4,0,1,0,29.64431381225586
2019-12-06,12,2,4,0,1,0,30.115819931030277
2019-12-09,12,2,4,0,1,0,30.03499794006348
2019-12-10,12,2,4,0,1,0,29.913745880126957
2019-12-11,12,2,4,0,1,0,30.25727653503418
2019-12-12,12,2,4,0,1,0,30.85002899169922
2019-12-13,12,2,4,0,1,0,30.775928497314453
2019-12-16,12,2,4,0,1,0,31.080873489379883
2019-12-17,12,2,4,0,1,0,31.06040382385254
2019-12-18,12,2,4,0,1,0,31.510650634765625
2019-12-19,12,2,4,0,1,0,31.756244659423828
2019-12-20,12,2,4,0,1,0,31.55158233642578
2019-12-23,12,2,4,0,1,0,31.858570098876957
2019-12-24,12,2,4,0,1,0,31.831283569335938
2019-12-26,12,2,4,0,1,0,32.5339469909668
2019-12-27,12,2,4,0,1,0,32.27471923828125
2019-12-30,12,2,4,0,1,0,32.26582717895508
2019-12-31,12,2,4,0,1,0,32.43672561645508
2020-01-02,1,1,1,0,1,0,33.09298324584961
2020-01-03,1,1,1,0,1,0,32.80587387084961
2020-01-06,1,1,1,0,1,0,32.300010681152344
2020-01-07,1,1,1,0,1,0,32.27949905395508
2020-01-08,1,1,1,0,1,0,32.13594055175781
2020-01-09,1,1,1,0,1,0,31.88984680175781
2020-01-10,1,1,1,0,1,0,31.63008117675781
2020-01-13,1,1,1,0,1,0,31.90351104736328
2020-01-14,1,1,1,0,1,0,32.00606155395508
2020-01-15,1,1,1,0,1,0,31.274606704711918
2020-01-16,1,1,1,0,1,0,31.36347961425781
2020-01-17,1,1,1,0,1,0,31.96504783630371
2020-01-21,1,1,1,0,0,0,31.219921112060547
2020-01-22,1,1,1,0,0,0,31.79414176940918
2020-01-23,1,1,1,0,0,0,32.170127868652344
2020-01-24,1,1,1,0,0,0,31.78047752380371
2020-01-27,1,1,1,0,0,0,30.59101676940918
2020-01-28,1,1,1,0,0,0,31.28828430175781
2020-01-29,1,1,1,0,0,0,30.734560012817383
2020-01-30,1,1,1,0,0,0,30.63202667236328
2020-01-31,1,1,1,1,0,0,29.91425132751465
2020-02-03,2,1,1,1,0,0,30.372262954711918
2020-02-04,2,1,1,1,0,0,30.570507049560547
2020-02-05,2,1,1,1,0,0,30.75507926940918
2020-02-06,2,1,1,1,0,0,30.19451904296875
2020-02-07,2,1,1,1,0,0,29.65447998046875
2020-02-10,2,1,1,1,0,0,29.387882232666016
2020-02-11,2,1,1,1,0,0,30.016788482666016
2020-02-12,2,1,1,1,0,0,30.153512954711918
2020-02-13,2,1,1,1,0,0,29.85272789001465
2020-02-14,2,1,1,1,0,0,29.98261070251465
2020-02-18,2,1,1,1,0,0,29.613466262817383
2020-02-19,2,1,1,1,0,0,30.016788482666016
2020-02-20,2,1,1,1,0,0,29.28534698486328
2020-02-21,2,1,1,1,0,0,29.02556610107422
2020-02-24,2,1,1,1,0,0,27.57634925842285
2020-02-25,2,1,1,1,0,0,27.186695098876957
2020-02-26,2,1,1,1,0,0,26.79704093933105
2020-02-27,2,1,1,1,0,0,25.826335906982425
2020-02-28,2,1,1,1,0,0,26.22281837463379
2020-03-02,3,1,1,1,0,0,26.926925659179688
2020-03-03,3,1,1,1,0,0,26.311691284179688
2020-03-04,3,1,1,1,0,0,26.50993537902832
2020-03-05,3,1,1,1,0,0,25.060699462890625
2020-03-06,3,1,1,1,0,0,23.99428939819336
2020-03-09,3,1,1,1,0,0,20.3643856048584
2020-03-10,3,1,1,1,0,0,22.428850173950195
2020-03-11,3,1,1,1,0,0,20.2891902923584
2020-03-12,3,1,1,1,0,0,16.912216186523438
2020-03-13,3,1,1,1,0,0,19.89270401000977
2020-03-16,3,1,1,1,0,0,15.298924446105955
2020-03-17,3,1,1,1,0,0,17.295026779174805
2020-03-18,3,1,1,1,0,0,14.622162818908691
2020-03-19,3,1,1,1,0,0,15.175875663757324
2020-03-20,3,1,1,1,0,0,15.26474380493164
2020-03-23,3,1,1,1,0,0,14.232510566711426
2020-03-24,3,1,1,1,0,0,15.94834041595459
2020-03-25,3,1,1,1,0,0,17.117294311523438
2020-03-26,3,1,1,1,0,0,17.89659881591797
2020-03-27,3,1,1,1,0,0,16.262798309326172
2020-03-30,3,1,1,1,0,0,16.406354904174805
2020-03-31,3,1,1,1,0,0,16.105571746826172
2020-04-01,4,1,2,1,0,0,15.42880916595459
2020-04-02,4,1,2,1,0,0,15.763772010803224
2020-04-03,4,1,2,1,0,0,14.895600318908691
2020-04-06,4,1,2,1,0,0,16.037208557128906
2020-04-07,4,1,2,1,0,0,16.741317749023438
2020-04-08,4,1,2,1,0,0,17.534292221069336
2020-04-09,4,1,2,1,0,0,17.534292221069336
2020-04-13,4,1,2,1,0,0,17.40440559387207
2020-04-14,4,1,2,1,0,0,17.636829376220703
2020-04-15,4,1,2,1,0,0,17.20616340637207
2020-04-16,4,1,2,1,0,0,16.87119483947754
2020-04-17,4,1,2,1,0,0,17.247177124023438
2020-04-20,4,1,2,1,0,0,17.035261154174805
2020-04-21,4,1,2,1,0,0,16.474712371826172
2020-04-22,4,1,2,1,0,0,17.062606811523438
2020-04-23,4,1,2,1,0,0,16.406354904174805
2020-04-24,4,1,2,1,0,0,15.14853286743164
2020-04-27,4,1,2,1,0,0,15.79111385345459
2020-04-28,4,1,2,1,0,0,16.789167404174805
2020-04-29,4,1,2,1,0,0,17.725698471069336
2020-04-30,4,1,2,1,0,0,16.864360809326172
2020-05-01,5,1,2,1,0,0,16.119243621826172
2020-05-04,5,1,2,1,0,0,16.324321746826172
2020-05-05,5,1,2,1,0,0,16.187604904174805
2020-05-06,5,1,2,1,0,0,15.838966369628906
2020-05-07,5,1,2,1,0,0,15.333102226257324
2020-05-08,5,1,2,1,0,0,16.009864807128906
2020-05-11,5,1,2,1,0,0,15.49716567993164
2020-05-12,5,1,2,1,0,0,15.114352226257324
2020-05-13,5,1,2,1,0,0,15.052830696105955
2020-05-14,5,1,2,1,0,0,15.469825744628906
2020-05-15,5,1,2,1,0,0,15.210055351257324
2020-05-18,5,1,2,1,0,0,16.20810890197754
2020-05-19,5,1,2,1,0,0,16.009864807128906
2020-05-20,5,1,2,1,0,0,16.26963233947754
2020-05-21,5,1,2,1,0,0,16.953231811523438
2020-05-22,5,1,2,1,0,0,16.857524871826172
2020-05-26,5,1,2,1,0,0,18.17687225341797
2020-05-27,5,1,2,1,0,0,19.004024505615234
2020-05-28,5,1,2,1,0,0,18.4092960357666
2020-05-29,5,1,2,1,0,0,18.587032318115234
2020-06-01,6,1,2,1,0,0,18.79894256591797
2020-06-02,6,1,2,1,0,0,19.89270401000977
2020-06-03,6,1,2,1,0,0,20.77454376220703
2020-06-04,6,1,2,1,0,0,20.73352813720703
2020-06-05,6,1,2,1,0,0,21.53333854675293
2020-06-08,6,1,2,1,0,0,22.743310928344727
2020-06-09,6,1,2,1,0,0,22.442527770996094
2020-06-10,6,1,2,1,0,0,21.72474670410156
2020-06-11,6,1,2,1,0,0,20.022584915161133
2020-06-12,6,1,2,1,0,0,20.77454376220703
2020-06-15,6,1,2,1,0,0,20.426607131958008
2020-06-16,6,1,2,1,0,0,20.302099227905277
2020-06-17,6,1,2,1,0,0,20.599538803100582
2020-06-18,6,1,2,1,0,0,20.329763412475582
2020-06-19,6,1,2,1,0,0,20.5442008972168
2020-06-22,6,1,2,1,0,0,20.516529083251957
2020-06-23,6,1,2,1,0,0,21.118331909179688
2020-06-24,6,1,2,1,0,0,20.08766365051269
2020-06-25,6,1,2,1,0,0,20.516529083251957
2020-06-26,6,1,2,1,0,0,19.506614685058597
2020-06-29,6,1,2,1,0,0,20.02540779113769
2020-06-30,6,1,2,1,0,0,19.89398193359375
2020-07-01,7,2,3,1,0,0,20.5442008972168
2020-07-02,7,2,3,1,0,0,20.378183364868164
2020-07-06,7,2,3,1,0,0,21.028404235839844
2020-07-07,7,2,3,1,0,0,20.56495475769043
2020-07-08,7,2,3,1,0,0,21.2290096282959
2020-07-09,7,2,3,1,0,0,21.06991004943848
2020-07-10,7,2,3,1,0,0,21.298179626464844
2020-07-13,7,2,3,1,0,0,20.751718521118164
2020-07-14,7,2,3,1,0,0,21.284347534179688
2020-07-15,7,2,3,1,0,0,21.46419334411621
2020-07-16,7,2,3,1,0,0,21.381187438964844
2020-07-17,7,2,3,1,0,0,21.67862701416016
2020-07-20,7,2,3,1,0,0,22.14900016784668
2020-07-21,7,2,3,1,0,0,22.612455368041992
2020-07-22,7,2,3,1,0,0,23.17275047302246
2020-07-23,7,2,3,1,0,0,22.25967788696289
2020-07-24,7,2,3,1,0,0,22.33576774597168
2020-07-27,7,2,3,1,0,0,23.02057266235352
2020-07-28,7,2,3,1,0,0,22.889144897460938
2020-07-29,7,2,3,1,0,0,23.158912658691406
2020-07-30,7,2,3,1,0,0,23.096660614013672
2020-07-31,7,2,3,1,0,0,22.50870132446289
2020-08-03,8,2,3,1,0,0,22.04524040222168
2020-08-04,8,2,3,1,0,0,21.796220779418945
2020-08-05,8,2,3,1,0,0,22.07291412353516
2020-08-06,8,2,3,1,0,0,22.1628360748291
2020-08-07,8,2,3,1,0,0,21.61637306213379
2020-08-10,8,2,3,1,0,0,21.561037063598636
2020-08-11,8,2,3,1,0,0,21.436521530151367
2020-08-12,8,2,3,1,0,0,21.31892967224121
2020-08-13,8,2,3,1,0,0,21.270509719848636
2020-08-14,8,2,3,1,0,0,21.249757766723636
2020-08-17,8,2,3,1,0,0,20.6479606628418
2020-08-18,8,2,3,1,0,0,21.23592185974121
2020-08-19,8,2,3,1,0,0,20.6479606628418
2020-08-20,8,2,3,1,0,0,20.69638061523437
2020-08-21,8,2,3,1,0,0,20.509614944458008
2020-08-24,8,2,3,1,0,0,20.70330047607422
2020-08-25,8,2,3,1,0,0,20.87622833251953
2020-08-26,8,2,3,1,0,0,20.281349182128903
2020-08-27,8,2,3,1,0,0,20.4196891784668
2020-08-28,8,2,3,1,0,0,21.36735343933105
2020-08-31,8,2,3,1,0,0,20.627206802368164
2020-09-01,9,2,3,1,0,0,21.484943389892575
2020-09-02,9,2,3,1,0,0,21.519533157348636
2020-09-03,9,2,3,1,0,0,21.51261711120605
2020-09-04,9,2,3,1,0,0,21.57486915588379
2020-09-08,9,2,3,1,0,0,20.9799861907959
2020-09-09,9,2,3,1,0,0,21.59561920166016
2020-09-10,9,2,3,1,0,0,20.90389633178711
2020-09-11,9,2,3,1,0,0,20.81397247314453
2020-09-14,9,2,3,1,0,0,21.49186134338379
2020-09-15,9,2,3,1,0,0,21.38810157775879
2020-09-16,9,2,3,1,0,0,21.429607391357425
2020-09-17,9,2,3,1,0,0,21.602537155151367
2020-09-18,9,2,3,1,0,0,20.61337280273437
2020-09-21,9,2,3,1,0,0,20.302099227905277
2020-09-22,9,2,3,1,0,0,20.10149574279785
2020-09-23,9,2,3,1,0,0,19.40976905822754
2020-09-24,9,2,3,1,0,0,19.928564071655277
2020-09-25,9,2,3,1,0,0,19.797142028808597
2020-09-28,9,2,3,1,0,0,18.99473762512207
2020-09-29,9,2,3,1,0,0,18.794137954711918
2020-09-30,9,2,3,1,0,0,19.133081436157227
2020-10-01,10,2,4,1,0,0,19.139997482299805
2020-10-02,10,2,4,1,0,0,18.787221908569336
2020-10-05,10,2,4,1,0,0,19.631122589111328
2020-10-06,10,2,4,1,0,0,19.34751892089844
2020-10-07,10,2,4,1,0,0,19.30601692199707
2020-10-08,10,2,4,1,0,0,19.86631202697754
2020-10-09,10,2,4,1,0,0,20.03232192993164
2020-10-12,10,2,4,1,0,0,20.281349182128903
2020-10-13,10,2,4,1,0,0,20.094581604003903
2020-10-14,10,2,4,1,0,0,20.156835556030277
2020-10-15,10,2,4,1,0,0,20.00465583801269
2020-10-16,10,2,4,1,0,0,19.82480812072754
2020-10-19,10,2,4,1,0,0,19.97698783874512
2020-10-20,10,2,4,1,0,0,20.322847366333008
2020-10-21,10,2,4,1,0,0,20.281349182128903
2020-10-22,10,2,4,1,0,0,20.641042709350582
2020-10-23,10,2,4,1,0,0,20.3989372253418
2020-10-26,10,2,4,1,0,0,20.447359085083008
2020-10-27,10,2,4,1,0,0,19.86631202697754
2020-10-28,10,2,4,1,0,0,18.794137954711918
2020-10-29,10,2,4,1,0,0,19.036245346069336
2020-10-30,10,2,4,1,0,0,18.57970428466797
2020-11-02,11,2,4,1,0,0,18.794137954711918
2020-11-03,11,2,4,1,0,0,19.036245346069336
2020-11-04,11,2,4,1,0,0,19.63804244995117
2020-11-05,11,2,4,1,0,0,20.668710708618164
2020-11-06,11,2,4,1,0,0,21.277427673339844
2020-11-09,11,2,4,1,0,0,21.733966827392575
2020-11-10,11,2,4,1,0,0,21.9553165435791
2020-11-11,11,2,4,1,0,0,21.97607040405273
2020-11-12,11,2,4,1,0,0,21.263591766357425
2020-11-13,11,2,4,1,0,0,21.66479110717773
2020-11-16,11,2,4,1,0,0,22.20433616638184
2020-11-17,11,2,4,1,0,0,22.819971084594727
2020-11-18,11,2,4,1,0,0,22.39110565185547
2020-11-19,11,2,4,1,0,0,22.764633178710938
2020-11-20,11,2,4,1,0,0,22.252758026123047
2020-11-23,11,2,4,1,0,0,22.37726593017578
2020-11-24,11,2,4,1,0,0,23.131250381469727
2020-11-25,11,2,4,1,0,0,23.421772003173828
2020-11-27,11,2,4,1,0,0,23.539365768432617
2020-11-30,11,2,4,1,0,0,22.99982070922852
2020-12-01,12,2,4,1,0,0,24.13425064086914
2020-12-02,12,2,4,1,0,0,24.12733268737793
2020-12-03,12,2,4,1,0,0,24.535449981689453
2020-12-04,12,2,4,1,0,0,25.005823135375977
2020-12-07,12,2,4,1,0,0,25.0196533203125
2020-12-08,12,2,4,1,0,0,25.074995040893555
2020-12-09,12,2,4,1,0,0,24.65995407104492
2020-12-10,12,2,4,1,0,0,25.863555908203125
2020-12-11,12,2,4,1,0,0,25.690629959106445
2020-12-14,12,2,4,1,0,0,25.2487907409668
2020-12-15,12,2,4,1,0,0,25.79934310913086
2020-12-16,12,2,4,1,0,0,26.14082145690918
2020-12-17,12,2,4,1,0,0,26.4056453704834
2020-12-18,12,2,4,1,0,0,26.27323532104492
2020-12-21,12,2,4,1,0,0,25.52058219909668
2020-12-22,12,2,4,1,0,0,25.50664329528809
2020-12-23,12,2,4,1,0,0,25.548460006713867
2020-12-24,12,2,4,1,0,0,25.757532119750977
2020-12-28,12,2,4,1,0,0,25.65299415588379
2020-12-29,12,2,4,1,0,0,25.94569206237793
2020-12-30,12,2,4,1,0,0,25.88994026184082
2020-12-31,12,2,4,1,0,0,25.83418655395508
2021-01-04,1,1,1,1,0,0,25.48573875427246
2021-01-05,1,1,1,1,0,0,25.6320858001709
2021-01-06,1,1,1,1,0,0,25.527551651000977
2021-01-07,1,1,1,1,0,0,25.896907806396484
2021-01-08,1,1,1,1,0,0,26.27323532104492
2021-01-11,1,1,1,1,0,0,25.37423324584961
2021-01-12,1,1,1,1,0,0,26.53109169006348
2021-01-13,1,1,1,1,0,0,26.0084171295166
2021-01-14,1,1,1,1,0,0,26.907419204711918
2021-01-15,1,1,1,1,0,0,25.708742141723636
2021-01-19,1,1,1,1,0,0,25.56239891052246
2021-01-20,1,1,1,1,0,0,25.548460006713867
2021-01-21,1,1,1,1,0,0,25.07456398010254
2021-01-22,1,1,1,1,0,0,24.41947555541992
2021-01-25,1,1,1,1,0,0,24.05708694458008
2021-01-26,1,1,1,1,0,0,24.663393020629883
2021-01-27,1,1,1,1,0,0,24.252220153808597
2021-01-28,1,1,1,1,0,0,24.733081817626957
2021-01-29,1,1,1,1,0,0,23.82710647583008
2021-02-01,2,1,1,1,0,0,24.335845947265625
2021-02-02,2,1,1,1,0,0,24.865493774414062
2021-02-03,2,1,1,1,0,0,25.10940742492676
2021-02-04,2,1,1,1,0,0,24.726112365722656
2021-02-05,2,1,1,1,0,0,25.2487907409668
2021-02-08,2,1,1,1,0,0,25.27666473388672
2021-02-09,2,1,1,1,0,0,25.0954704284668
2021-02-10,2,1,1,1,0,0,24.879432678222656
2021-02-11,2,1,1,1,0,0,25.060626983642575
2021-02-12,2,1,1,1,0,0,25.10940742492676
2021-02-16,2,1,1,1,0,0,25.2487907409668
2021-02-17,2,1,1,1,0,0,25.1651611328125
2021-02-18,2,1,1,1,0,0,24.795806884765625
2021-02-19,2,1,1,1,0,0,24.865493774414062
2021-02-22,2,1,1,1,0,0,23.32533836364746
2021-02-23,2,1,1,1,0,0,23.959518432617188
2021-02-24,2,1,1,1,0,0,24.20343399047852
2021-02-25,2,1,1,1,0,0,23.01173210144043
2021-02-26,2,1,1,1,0,0,22.23119735717773
2021-03-01,3,1,1,1,0,0,22.18938636779785
2021-03-02,3,1,1,1,0,0,22.37755012512207
2021-03-03,3,1,1,1,0,0,22.43330192565918
2021-03-04,3,1,1,1,0,0,22.523902893066406
2021-03-05,3,1,1,1,0,0,22.99082374572754
2021-03-08,3,1,1,1,0,0,21.63186454772949
2021-03-09,3,1,1,1,0,0,21.78518295288086
2021-03-10,3,1,1,1,0,0,22.530872344970703
2021-03-11,3,1,1,1,0,0,23.4647159576416
2021-03-12,3,1,1,1,0,0,23.19989776611328
2021-03-15,3,1,1,1,0,0,23.025671005249023
2021-03-16,3,1,1,1,0,0,22.92810440063477
2021-03-17,3,1,1,1,0,0,23.590160369873047
2021-03-18,3,1,1,1,0,0,23.297462463378903
2021-03-19,3,1,1,1,0,0,23.868921279907227
2021-03-22,3,1,1,1,0,0,23.506532669067383
2021-03-23,3,1,1,1,0,0,23.14414596557617
2021-03-24,3,1,1,1,0,0,22.391489028930664
2021-03-25,3,1,1,1,0,0,22.600557327270508
2021-03-26,3,1,1,1,0,0,22.58662223815918
2021-03-29,3,1,1,1,0,0,22.558744430541992
2021-03-30,3,1,1,1,0,0,22.85144424438477
2021-03-31,3,1,1,1,0,0,23.3114013671875
2021-04-01,4,1,2,1,0,0,22.73297119140625
2021-04-05,4,1,2,1,0,0,23.402002334594727
2021-04-06,4,1,2,1,0,0,23.65985107421875
2021-04-07,4,1,2,1,0,0,23.49956321716309
2021-04-08,4,1,2,1,0,0,23.931640625
2021-04-09,4,1,2,1,0,0,23.388063430786133
2021-04-12,4,1,2,1,0,0,23.36018180847168
2021-04-13,4,1,2,1,0,0,23.450782775878903
2021-04-14,4,1,2,1,0,0,23.931640625
2021-04-15,4,1,2,1,0,0,24.20343399047852
2021-04-16,4,1,2,1,0,0,24.433412551879883
2021-04-19,4,1,2,1,0,0,24.579763412475582
2021-04-20,4,1,2,1,0,0,24.40553474426269
2021-04-21,4,1,2,1,0,0,24.461286544799805
2021-04-22,4,1,2,1,0,0,24.67036437988281
2021-04-23,4,1,2,1,0,0,24.76792907714844
2021-04-26,4,1,2,1,0,0,24.949119567871094
2021-04-27,4,1,2,1,0,0,24.69823455810547
2021-04-28,4,1,2,1,0,0,25.527551651000977
2021-04-29,4,1,2,1,0,0,25.464828491210938
2021-04-30,4,1,2,1,0,0,24.7818660736084
2021-05-03,5,1,2,1,0,0,24.879432678222656
2021-05-04,5,1,2,1,0,0,24.5449161529541
2021-05-05,5,1,2,1,0,0,25.2487907409668
2021-05-06,5,1,2,1,0,0,25.79237365722656
2021-05-07,5,1,2,1,0,0,26.489276885986328
2021-05-10,5,1,2,1,0,0,26.41261863708496
2021-05-11,5,1,2,1,0,0,26.69835090637207
2021-05-12,5,1,2,1,0,0,25.576335906982425
2021-05-13,5,1,2,1,0,0,25.771467208862305
2021-05-14,5,1,2,1,0,0,26.12689018249512
2021-05-17,5,1,2,1,0,0,26.41261863708496
2021-05-18,5,1,2,1,0,0,26.482311248779297
2021-05-19,5,1,2,1,0,0,26.13385581970215
2021-05-20,5,1,2,1,0,0,26.266267776489254
2021-05-21,5,1,2,1,0,0,25.79934310913086
2021-05-24,5,1,2,1,0,0,26.25929832458496
2021-05-25,5,1,2,1,0,0,25.896907806396484
2021-05-26,5,1,2,1,0,0,26.28020668029785
2021-05-27,5,1,2,1,0,0,26.62168884277344
2021-05-28,5,1,2,1,0,0,27.11648941040039
2021-06-01,6,1,2,1,0,0,28.10609436035156
2021-06-02,6,1,2,1,0,0,28.733306884765625
2021-06-03,6,1,2,1,0,0,28.46151351928711
2021-06-04,6,1,2,1,0,0,29.03993797302246
2021-06-07,6,1,2,1,0,0,29.165380477905277
2021-06-08,6,1,2,1,0,0,29.01903343200684
2021-06-09,6,1,2,1,0,0,28.844804763793945
2021-06-10,6,1,2,1,0,0,28.93396759033203
2021-06-11,6,1,2,1,0,0,28.516477584838867
2021-06-14,6,1,2,1,0,0,28.898588180541992
2021-06-15,6,1,2,1,0,0,29.004732131958008
2021-06-16,6,1,2,1,0,0,28.665075302124023
2021-06-17,6,1,2,1,0,0,28.49525451660156
2021-06-18,6,1,2,1,0,0,28.396190643310547
2021-06-21,6,1,2,1,0,0,28.891510009765625
2021-06-22,6,1,2,1,0,0,29.14624786376953
2021-06-23,6,1,2,1,0,0,29.07548713684082
2021-06-24,6,1,2,1,0,0,29.69110679626465
2021-06-25,6,1,2,1,0,0,29.04010772705078
2021-06-28,6,1,2,1,0,0,29.13209724426269
2021-06-29,6,1,2,1,0,0,29.01180458068848
2021-06-30,6,1,2,1,0,0,28.686309814453125
2021-07-01,7,2,3,1,0,0,28.084840774536133
2021-07-02,7,2,3,1,0,0,28.49525451660156
2021-07-06,7,2,3,1,0,0,27.122499465942383
2021-07-07,7,2,3,1,0,0,27.41261863708496
2021-07-08,7,2,3,1,0,0,26.98097801208496
2021-07-09,7,2,3,1,0,0,27.32770538330078
2021-07-12,7,2,3,1,0,0,27.872556686401367
2021-07-13,7,2,3,1,0,0,27.900863647460938
2021-07-14,7,2,3,1,0,0,28.50232696533203
2021-07-15,7,2,3,1,0,0,28.176830291748047
2021-07-16,7,2,3,1,0,0,27.80179786682129
2021-07-19,7,2,3,1,0,0,26.76869773864746
2021-07-20,7,2,3,1,0,0,27.009279251098636
2021-07-21,7,2,3,1,0,0,27.405540466308597
2021-07-22,7,2,3,1,0,0,27.35600852966309
2021-07-23,7,2,3,1,0,0,27.143726348876957
2021-07-26,7,2,3,1,0,0,27.568288803100582
2021-07-27,7,2,3,1,0,0,27.313552856445312
2021-07-28,7,2,3,1,0,0,28.02823638916016
2021-07-29,7,2,3,1,0,0,28.056535720825195
2021-07-30,7,2,3,1,0,0,26.46442985534668
2021-08-02,8,2,3,1,0,0,26.903139114379883
2021-08-03,8,2,3,1,0,0,26.973899841308597
2021-08-04,8,2,3,1,0,0,26.634252548217773
2021-08-05,8,2,3,1,0,0,26.393667221069336
2021-08-06,8,2,3,1,0,0,26.584720611572266
2021-08-09,8,2,3,1,0,0,26.49980735778809
2021-08-10,8,2,3,1,0,0,26.59886741638184
2021-08-11,8,2,3,1,0,0,26.549341201782227
2021-08-12,8,2,3,1,0,0,26.06816864013672
2021-08-13,8,2,3,1,0,0,26.17430877685547
2021-08-16,8,2,3,1,0,0,25.67898178100586
2021-08-17,8,2,3,1,0,0,25.452547073364254
2021-08-18,8,2,3,1,0,0,24.6600284576416
2021-08-19,8,2,3,1,0,0,24.38406562805176
2021-08-20,8,2,3,1,0,0,24.667110443115234
2021-08-23,8,2,3,1,0,0,24.61050033569336
2021-08-24,8,2,3,1,0,0,25.67898178100586
2021-08-25,8,2,3,1,0,0,26.06816864013672
2021-08-26,8,2,3,1,0,0,25.473779678344727
2021-08-27,8,2,3,1,0,0,26.16723251342773
2021-08-30,8,2,3,1,0,0,25.976173400878903
2021-08-31,8,2,3,1,0,0,25.75682258605957
2021-09-01,9,2,3,1,0,0,25.9337215423584
2021-09-02,9,2,3,1,0,0,25.438400268554688
2021-09-03,9,2,3,1,0,0,25.36763572692871
2021-09-07,9,2,3,1,0,0,25.523311614990234
2021-09-08,9,2,3,1,0,0,24.065643310546875
2021-09-09,9,2,3,1,0,0,24.851083755493164
2021-09-10,9,2,3,1,0,0,24.483131408691406
2021-09-13,9,2,3,1,0,0,25.01383399963379
2021-09-14,9,2,3,1,0,0,24.76617431640625
2021-09-15,9,2,3,1,0,0,24.631731033325195
2021-09-16,9,2,3,1,0,0,24.22839736938477
2021-09-17,9,2,3,1,0,0,23.56324577331543
2021-09-20,9,2,3,1,0,0,22.86979484558105
2021-09-21,9,2,3,1,0,0,23.322660446166992
2021-09-22,9,2,3,1,0,0,23.66938781738281
2021-09-23,9,2,3,1,0,0,23.994882583618164
2021-09-24,9,2,3,1,0,0,23.655235290527344
2021-09-27,9,2,3,1,0,0,23.59154891967773
2021-09-28,9,2,3,1,0,0,22.73534774780273
2021-09-29,9,2,3,1,0,0,22.876873016357425
2021-09-30,9,2,3,1,0,0,22.73534774780273
2021-10-01,10,2,4,1,0,0,23.40757179260254
2021-10-04,10,2,4,1,0,0,22.67873764038086
2021-10-05,10,2,4,1,0,0,22.54429244995117
2021-10-06,10,2,4,1,0,0,22.650434494018555
2021-10-07,10,2,4,1,0,0,22.53721809387207
2021-10-08,10,2,4,1,0,0,22.98300552368164
2021-10-11,10,2,4,1,0,0,22.73534774780273
2021-10-12,10,2,4,1,0,0,22.67873764038086
2021-10-13,10,2,4,1,0,0,23.046693801879883
2021-10-14,10,2,4,1,0,0,22.97593307495117
2021-10-15,10,2,4,1,0,0,23.53494071960449
2021-10-18,10,2,4,1,0,0,23.25189971923828
2021-10-19,10,2,4,1,0,0,22.22587203979492
2021-10-20,10,2,4,1,0,0,22.37447166442871
2021-10-21,10,2,4,1,0,0,21.298908233642575
2021-10-22,10,2,4,1,0,0,21.284757614135746
2021-10-25,10,2,4,1,0,0,22.07727432250977
2021-10-26,10,2,4,1,0,0,21.574874877929688
2021-10-27,10,2,4,1,0,0,21.638559341430664
2021-10-28,10,2,4,1,0,0,21.29183387756348
2021-10-29,10,2,4,1,0,0,20.746978759765625
2021-11-01,11,2,4,1,0,0,21.079553604125977
2021-11-02,11,2,4,1,0,0,20.697444915771484
2021-11-03,11,2,4,1,0,0,21.25645446777344
2021-11-04,11,2,4,1,0,0,20.711597442626957
2021-11-05,11,2,4,1,0,0,21.192768096923828
2021-11-08,11,2,4,1,0,0,21.171541213989254
2021-11-09,11,2,4,1,0,0,21.51826858520508
2021-11-10,11,2,4,1,0,0,21.532421112060547
2021-11-11,11,2,4,1,0,0,22.261253356933597
2021-11-12,11,2,4,1,0,0,21.836688995361328
2021-11-15,11,2,4,1,0,0,21.836688995361328
2021-11-16,11,2,4,1,0,0,21.32013702392578
2021-11-17,11,2,4,1,0,0,21.02294540405273
2021-11-18,11,2,4,1,0,0,20.626684188842773
2021-11-19,11,2,4,1,0,0,20.640838623046875
2021-11-22,11,2,4,1,0,0,20.633760452270508
2021-11-23,11,2,4,1,0,0,20.89557456970215
2021-11-24,11,2,4,1,0,0,21.100778579711918
2021-11-26,11,2,4,1,0,0,20.78943252563477
2021-11-29,11,2,4,1,0,0,20.761131286621094
2021-11-30,11,2,4,1,0,0,20.51346778869629
2021-12-01,12,2,4,1,0,0,20.180896759033203
2021-12-02,12,2,4,1,0,0,21.03001976013184
2021-12-03,12,2,4,1,0,0,21.065401077270508
2021-12-06,12,2,4,1,0,0,21.369672775268555
2021-12-07,12,2,4,1,0,0,21.737625122070312
2021-12-08,12,2,4,1,0,0,22.14096069335937
2021-12-09,12,2,4,1,0,0,21.56072235107422
2021-12-10,12,2,4,1,0,0,21.70932006835937
2021-12-13,12,2,4,1,0,0,21.485389709472656
2021-12-14,12,2,4,1,0,0,21.2886905670166
2021-12-15,12,2,4,1,0,0,21.35677528381348
2021-12-16,12,2,4,1,0,0,21.65182304382324
2021-12-17,12,2,4,1,0,0,21.40217018127441
2021-12-20,12,2,4,1,0,0,20.796947479248047
2021-12-21,12,2,4,1,0,0,20.819643020629883
2021-12-22,12,2,4,1,0,0,21.10712432861328
2021-12-23,12,2,4,1,0,0,20.9936466217041
2021-12-27,12,2,4,1,0,0,21.281124114990234
2021-12-28,12,2,4,1,0,0,21.12981986999512
2021-12-29,12,2,4,1,0,0,20.72886085510254
2021-12-30,12,2,4,1,0,0,21.277538299560547
2021-12-31,12,2,4,1,0,0,21.361251831054688
2022-01-03,1,1,1,1,0,0,20.820940017700195
2022-01-04,1,1,1,1,0,0,20.7296199798584
2022-01-05,1,1,1,1,0,0,20.18170547485352
2022-01-06,1,1,1,1,0,0,20.37195205688477
2022-01-07,1,1,1,1,0,0,20.752450942993164
2022-01-10,1,1,1,1,0,0,20.539369583129883
2022-01-11,1,1,1,1,0,0,21.300371170043945
2022-01-12,1,1,1,1,0,0,21.954832077026367
2022-01-13,1,1,1,1,0,0,21.90917015075684
2022-01-14,1,1,1,1,0,0,22.15269088745117
2022-01-18,1,1,1,1,0,0,21.985271453857425
2022-01-19,1,1,1,1,0,0,22.746267318725582
2022-01-20,1,1,1,1,0,0,22.92890739440918
2022-01-21,1,1,1,1,0,0,22.769100189208984
2022-01-24,1,1,1,1,0,0,22.457090377807617
2022-01-25,1,1,1,1,0,0,23.126768112182617
2022-01-26,1,1,1,1,0,0,23.40073013305664
2022-01-27,1,1,1,1,0,0,23.74317741394043
2022-01-28,1,1,1,1,0,0,23.705127716064453
2022-01-31,1,1,1,1,0,0,24.062801361083984
2022-02-01,2,1,1,1,0,0,24.47373580932617
2022-02-02,2,1,1,1,0,0,24.30631828308105
2022-02-03,2,1,1,1,0,0,24.11606788635254
2022-02-04,2,1,1,1,0,0,24.108457565307617
2022-02-07,2,1,1,1,0,0,24.390026092529297
2022-02-08,2,1,1,1,0,0,24.435688018798828
2022-02-09,2,1,1,1,0,0,24.519397735595703
2022-02-10,2,1,1,1,0,0,24.67920684814453
2022-02-11,2,1,1,1,0,0,24.74769592285156
2022-02-14,2,1,1,1,0,0,24.93794822692871
2022-02-15,2,1,1,1,0,0,25.34888458251953
2022-02-16,2,1,1,1,0,0,25.60001945495605
2022-02-17,2,1,1,1,0,0,25.04448699951172
2022-02-18,2,1,1,1,0,0,25.05209732055664
2022-02-22,2,1,1,1,0,0,25.455427169799805
2022-02-23,2,1,1,1,0,0,25.50108337402344
2022-02-24,2,1,1,1,0,0,24.869457244873047
2022-02-25,2,1,1,1,0,1,25.158639907836918
2022-02-28,2,1,1,1,0,1,25.029266357421875
2022-03-01,3,1,1,1,0,1,25.03687858581543
2022-03-02,3,1,1,1,0,1,25.858755111694336
2022-03-03,3,1,1,1,0,1,26.3077449798584
2022-03-04,3,1,1,1,0,1,26.09466552734375
2022-03-07,3,1,1,1,0,1,25.135805130004883
2022-03-08,3,1,1,1,0,1,25.295618057250977
2022-03-09,3,1,1,1,0,1,25.980514526367188
2022-03-10,3,1,1,1,0,1,26.05661964416504
2022-03-11,3,1,1,1,0,1,25.39454460144043
2022-03-14,3,1,1,1,0,1,24.75530433654785
2022-03-15,3,1,1,1,0,1,24.23021507263184
2022-03-16,3,1,1,1,0,1,25.067317962646484
2022-03-17,3,1,1,1,0,1,25.73699378967285
2022-03-18,3,1,1,1,0,1,26.36862564086914
2022-03-21,3,1,1,1,0,1,27.053524017333984
2022-03-22,3,1,1,1,0,1,27.35792732238769
2022-03-23,3,1,1,1,0,1,27.76125144958496
2022-03-24,3,1,1,1,0,1,28.25590705871582
2022-03-25,3,1,1,1,0,1,28.682064056396484
2022-03-28,3,1,1,1,0,1,28.46137809753418
2022-03-29,3,1,1,1,0,1,28.811429977416992
2022-03-30,3,1,1,1,0,1,28.720111846923828
2022-03-31,3,1,1,1,0,1,28.77338409423828
2022-04-01,4,1,2,1,0,1,29.78550910949707
2022-04-04,4,1,2,1,0,1,30.07469367980957
2022-04-05,4,1,2,1,0,1,29.16149139404297
2022-04-06,4,1,2,1,0,1,28.666845321655277
2022-04-07,4,1,2,1,0,1,28.742942810058597
2022-04-08,4,1,2,1,0,1,28.811429977416992
2022-04-11,4,1,2,1,0,1,28.61357307434082
2022-04-12,4,1,2,1,0,1,28.57552146911621
2022-04-13,4,1,2,1,0,1,28.61357307434082
2022-04-14,4,1,2,1,0,1,28.33961677551269
2022-04-18,4,1,2,1,0,1,28.529863357543945
2022-04-19,4,1,2,1,0,1,28.29395294189453
2022-04-20,4,1,2,1,0,1,28.38527488708496
2022-04-21,4,1,2,1,0,1,27.639493942260746
2022-04-22,4,1,2,1,0,1,26.444725036621094
2022-04-25,4,1,2,1,0,1,25.94246482849121
2022-04-26,4,1,2,1,0,1,24.79335594177246
2022-04-27,4,1,2,1,0,1,25.12058448791504
2022-04-28,4,1,2,1,0,1,25.447811126708984
2022-04-29,4,1,2,1,0,1,24.93794822692871
2022-05-02,5,1,2,1,0,1,24.070405960083008
2022-05-03,5,1,2,1,0,1,24.481348037719727
2022-05-04,5,1,2,1,0,1,25.181468963623047
2022-05-05,5,1,2,1,0,1,24.093236923217773
2022-05-06,5,1,2,1,0,1,23.84971809387207
2022-05-09,5,1,2,1,0,1,23.020225524902344
2022-05-10,5,1,2,1,0,1,23.058279037475582
2022-05-11,5,1,2,1,0,1,23.3398494720459
2022-05-12,5,1,2,1,0,1,23.659467697143555
2022-05-13,5,1,2,1,0,1,24.26826477050781
2022-05-16,5,1,2,1,0,1,24.61832618713379
2022-05-17,5,1,2,1,0,1,25.234731674194336
2022-05-18,5,1,2,1,0,1,24.45851707458496
2022-05-19,5,1,2,1,0,1,24.97599601745605
2022-05-20,5,1,2,1,0,1,25.584796905517575
2022-05-23,5,1,2,1,0,1,26.51321601867676
2022-05-24,5,1,2,1,0,1,26.467554092407227
2022-05-25,5,1,2,1,0,1,26.444725036621094
2022-05-26,5,1,2,1,0,1,27.01547622680664
2022-05-27,5,1,2,1,0,1,27.18289566040039
2022-05-31,5,1,2,1,0,1,26.825225830078125
2022-06-01,6,1,2,1,0,1,26.71107292175293
2022-06-02,6,1,2,1,0,1,27.045917510986328
2022-06-03,6,1,2,1,0,1,26.81761360168457
2022-06-06,6,1,2,1,0,1,26.53604507446289
2022-06-07,6,1,2,1,0,1,26.09466552734375
2022-06-08,6,1,2,1,0,1,25.508695602416992
2022-06-09,6,1,2,1,0,1,25.07772445678711
2022-06-10,6,1,2,1,0,1,24.32093048095703
2022-06-13,6,1,2,1,0,1,23.11802864074707
2022-06-14,6,1,2,1,0,1,22.942771911621094
2022-06-15,6,1,2,1,0,1,23.564136505126957
2022-06-16,6,1,2,1,0,1,22.52056121826172
2022-06-17,6,1,2,1,0,1,22.24174118041992
2022-06-21,6,1,2,1,0,1,22.21784400939941
2022-06-22,6,1,2,1,0,1,22.09834861755371
2022-06-23,6,1,2,1,0,1,21.6203727722168
2022-06-24,6,1,2,1,0,1,21.668174743652344
2022-06-27,6,1,2,1,0,1,22.225805282592773
2022-06-28,6,1,2,1,0,1,22.034618377685547
2022-06-29,6,1,2,1,0,1,22.13021469116211
2022-06-30,6,1,2,1,0,1,21.819530487060547
2022-07-01,7,2,3,1,0,1,21.56460952758789
2022-07-05,7,2,3,1,0,1,21.054771423339844
2022-07-06,7,2,3,1,0,1,21.00697135925293
2022-07-07,7,2,3,1,0,1,21.75579833984375
2022-07-08,7,2,3,1,0,1,21.939023971557617
2022-07-11,7,2,3,1,0,1,21.07070541381836
2022-07-12,7,2,3,1,0,1,20.823749542236328
2022-07-13,7,2,3,1,0,1,20.911378860473636
2022-07-14,7,2,3,1,0,1,20.377641677856445
2022-07-15,7,2,3,1,0,1,20.65645980834961
2022-07-18,7,2,3,1,0,1,20.68035888671875
2022-07-19,7,2,3,1,0,1,20.91934585571289
2022-07-20,7,2,3,1,0,1,20.704256057739254
2022-07-21,7,2,3,1,0,1,20.7281551361084
2022-07-22,7,2,3,1,0,1,20.75205612182617
2022-07-25,7,2,3,1,0,1,21.57257652282715
2022-07-26,7,2,3,1,0,1,21.56460952758789
2022-07-27,7,2,3,1,0,1,22.32140350341797
2022-07-28,7,2,3,1,0,1,22.96666717529297
2022-07-29,7,2,3,1,0,1,23.11802864074707
2022-08-01,8,2,3,1,0,1,22.83920669555664
2022-08-02,8,2,3,1,0,1,22.67988395690918
2022-08-03,8,2,3,1,0,1,22.703784942626957
2022-08-04,8,2,3,1,0,1,23.349048614501957
2022-08-05,8,2,3,1,0,1,23.699562072753903
2022-08-08,8,2,3,1,0,1,24.432456970214844
2022-08-09,8,2,3,1,0,1,24.472286224365234
2022-08-10,8,2,3,1,0,1,25.021957397460938
2022-08-11,8,2,3,1,0,1,24.575851440429688
2022-08-12,8,2,3,1,0,1,25.48400115966797
2022-08-15,8,2,3,1,0,1,25.50789833068848
2022-08-16,8,2,3,1,0,1,25.412303924560547
2022-08-17,8,2,3,1,0,1,25.30874252319336
2022-08-18,8,2,3,1,0,1,25.38044166564941
2022-08-19,8,2,3,1,0,1,24.83076858520508
2022-08-22,8,2,3,1,0,1,24.671443939208984
2022-08-23,8,2,3,1,0,1,25.57162857055664
2022-08-24,8,2,3,1,0,1,25.539766311645508
2022-08-25,8,2,3,1,0,1,25.659257888793945
2022-08-26,8,2,3,1,0,1,25.49993324279785
2022-08-29,8,2,3,1,0,1,25.72299194335937
2022-08-30,8,2,3,1,0,1,24.8705997467041
2022-08-31,8,2,3,1,0,1,24.312963485717773
2022-09-01,9,2,3,1,0,1,24.26516532897949
2022-09-02,9,2,3,1,0,1,24.59178352355957
2022-09-06,9,2,3,1,0,1,24.097875595092773
2022-09-07,9,2,3,1,0,1,24.32093048095703
2022-09-08,9,2,3,1,0,1,24.29703140258789
2022-09-09,9,2,3,1,0,1,25.0856876373291
2022-09-12,9,2,3,1,0,1,25.61942672729492
2022-09-13,9,2,3,1,0,1,24.551950454711918
2022-09-14,9,2,3,1,0,1,24.575851440429688
2022-09-15,9,2,3,1,0,1,24.161605834960938
2022-09-16,9,2,3,1,0,1,23.898717880249023
2022-09-19,9,2,3,1,0,1,24.91043281555176
2022-09-20,9,2,3,1,0,1,25.101619720458984
2022-09-21,9,2,3,1,0,1,24.886533737182617
2022-09-22,9,2,3,1,0,1,25.65129280090332
2022-09-23,9,2,3,1,0,1,24.48822021484375
2022-09-26,9,2,3,1,0,1,23.33311653137207
2022-09-27,9,2,3,1,0,1,23.23752212524414
2022-09-28,9,2,3,1,0,1,23.349048614501957
2022-09-29,9,2,3,1,0,1,23.07819557189941
2022-09-30,9,2,3,1,0,1,23.603967666625977
2022-10-03,10,2,4,1,0,1,25.930110931396484
2022-10-04,10,2,4,1,0,1,26.03367042541504
2022-10-05,10,2,4,1,0,1,26.145198822021484
2022-10-06,10,2,4,1,0,1,26.17706680297852
2022-10-07,10,2,4,1,0,1,25.858413696289062
2022-10-10,10,2,4,1,0,1,25.85045051574707
2022-10-11,10,2,4,1,0,1,25.22111320495605
2022-10-12,10,2,4,1,0,1,24.990095138549805
2022-10-13,10,2,4,1,0,1,25.157384872436523
2022-10-14,10,2,4,1,0,1,24.384662628173828
2022-10-17,10,2,4,1,0,1,24.9024658203125
2022-10-18,10,2,4,1,0,1,25.57162857055664
2022-10-19,10,2,4,1,0,1,25.71501922607422
2022-10-20,10,2,4,1,0,1,26.17706680297852
2022-10-21,10,2,4,1,0,1,27.156911849975582
2022-10-24,10,2,4,1,0,1,25.476036071777344
2022-10-25,10,2,4,1,0,1,25.04585838317871
2022-10-26,10,2,4,1,0,1,24.456357955932617
2022-10-27,10,2,4,1,0,1,25.197216033935547
2022-10-28,10,2,4,1,0,1,25.053823471069336
2022-10-31,10,2,4,1,0,1,26.02570343017578
2022-11-01,11,2,4,1,0,1,26.4080867767334
2022-11-02,11,2,4,1,0,1,25.627391815185547
2022-11-03,11,2,4,1,0,1,26.32842063903809
2022-11-04,11,2,4,1,0,1,26.981653213500977
2022-11-07,11,2,4,1,0,1,25.77875328063965
2022-11-08,11,2,4,1,0,1,26.02570343017578
2022-11-09,11,2,4,1,0,1,25.23704719543457
2022-11-10,11,2,4,1,0,1,23.588035583496094
2022-11-11,11,2,4,1,0,1,24.408557891845703
2022-11-14,11,2,4,1,0,1,24.543983459472656
2022-11-15,11,2,4,1,0,1,24.63161277770996
2022-11-16,11,2,4,1,0,1,23.683631896972656
2022-11-17,11,2,4,1,0,1,23.484474182128903
2022-11-18,11,2,4,1,0,1,23.47650909423828
2022-11-21,11,2,4,1,0,1,23.994314193725582
2022-11-22,11,2,4,1,0,1,23.47650909423828
2022-11-23,11,2,4,1,0,1,23.58006858825684
2022-11-25,11,2,4,1,0,1,23.564136505126957
2022-11-28,11,2,4,1,0,1,23.61990165710449
2022-11-29,11,2,4,1,0,1,24.36872673034668
2022-11-30,11,2,4,1,0,1,25.07772445678711
2022-12-01,12,2,4,1,0,1,24.8705997467041
2022-12-02,12,2,4,1,0,1,24.95026397705078
2022-12-05,12,2,4,1,0,1,24.097875595092773
2022-12-06,12,2,4,1,0,1,24.48025321960449
2022-12-07,12,2,4,1,0,1,24.312963485717773
2022-12-08,12,2,4,1,0,1,23.874818801879883
2022-12-09,12,2,4,1,0,1,23.850923538208008
2022-12-12,12,2,4,1,0,1,23.197689056396484
2022-12-13,12,2,4,1,0,1,22.685762405395508
2022-12-14,12,2,4,1,0,1,22.66007804870605
2022-12-15,12,2,4,1,0,1,22.56591033935547
2022-12-16,12,2,4,1,0,1,22.437501907348636
2022-12-19,12,2,4,1,0,1,22.925460815429688
2022-12-20,12,2,4,1,0,1,23.798646926879883
2022-12-21,12,2,4,1,0,1,23.978422164916992
2022-12-22,12,2,4,1,0,1,24.149635314941406
2022-12-23,12,2,4,1,0,1,24.646154403686523
2022-12-27,12,2,4,1,0,1,23.824331283569336
2022-12-28,12,2,4,1,0,1,24.32941055297852
2022-12-29,12,2,4,1,0,1,24.106830596923828
2022-12-30,12,2,4,1,0,1,23.94417762756348
2023-01-03,1,1,1,1,0,1,22.163562774658203
2023-01-04,1,1,1,1,0,1,22.548789978027344
2023-01-05,1,1,1,1,0,1,23.327810287475582
2023-01-06,1,1,1,1,0,1,24.226682662963867
2023-01-09,1,1,1,1,0,1,24.04690742492676
2023-01-10,1,1,1,1,0,1,24.671836853027344
2023-01-11,1,1,1,1,0,1,25.23683738708496
2023-01-12,1,1,1,1,0,1,25.450857162475582
2023-01-13,1,1,1,1,0,1,25.26252174377441
2023-01-17,1,1,1,1,0,1,25.33956718444824
2023-01-18,1,1,1,1,0,1,25.142671585083008
2023-01-19,1,1,1,1,0,1,25.27108383178711
2023-01-20,1,1,1,1,0,1,24.98002052307129
2023-01-23,1,1,1,1,0,1,24.98002052307129
2023-01-24,1,1,1,1,0,1,25.44229507446289
2023-01-25,1,1,1,1,0,1,26.092906951904297
2023-01-26,1,1,1,1,0,1,26.18707275390625
2023-01-27,1,1,1,1,0,1,25.52790260314941
2023-01-30,1,1,1,1,0,1,25.38237190246582
2023-01-31,1,1,1,1,0,1,25.973058700561523
2023-02-01,2,1,1,1,0,1,25.673433303833008
2023-02-02,2,1,1,1,0,1,25.21971893310547
2023-02-03,2,1,1,1,0,1,24.50062370300293
2023-02-06,2,1,1,1,0,1,24.406455993652344
2023-02-07,2,1,1,1,0,1,24.04690742492676
2023-02-08,2,1,1,1,0,1,24.440696716308597
2023-02-09,2,1,1,1,0,1,23.80721092224121
2023-02-10,2,1,1,1,0,1,24.05546760559082
2023-02-13,2,1,1,1,0,1,24.440696716308597
2023-02-14,2,1,1,1,0,1,24.235240936279297
2023-02-15,2,1,1,1,0,1,24.42357635498047
2023-02-16,2,1,1,1,0,1,24.517745971679688
2023-02-17,2,1,1,1,0,1,24.560548782348636
2023-02-21,2,1,1,1,0,1,24.149635314941406
2023-02-22,2,1,1,1,0,1,24.141077041625977
2023-02-23,2,1,1,1,0,1,24.440696716308597
2023-02-24,2,1,1,1,0,1,23.70448112487793
2023-02-27,2,1,1,1,0,1,23.66167640686035
2023-02-28,2,1,1,1,0,1,23.344932556152344
2023-03-01,3,1,1,1,0,1,23.53326797485352
2023-03-02,3,1,1,1,0,1,23.165157318115234
2023-03-03,3,1,1,1,0,1,23.327810287475582
2023-03-06,3,1,1,1,0,1,23.695920944213867
2023-03-07,3,1,1,1,0,1,23.40485572814941
2023-03-08,3,1,1,1,0,1,24.13251495361328
2023-03-09,3,1,1,1,0,1,23.72160148620605
2023-03-10,3,1,1,1,0,1,23.130918502807617
2023-03-13,3,1,1,1,0,1,22.77136993408203
2023-03-14,3,1,1,1,0,1,22.814170837402344
2023-03-15,3,1,1,1,0,1,22.51454734802246
2023-03-16,3,1,1,1,0,1,22.98538398742676
2023-03-17,3,1,1,1,0,1,22.58303451538086
2023-03-20,3,1,1,1,0,1,22.42038345336914
2023-03-21,3,1,1,1,0,1,22.47174644470215
2023-03-22,3,1,1,1,0,1,22.34333610534668
2023-03-23,3,1,1,1,0,1,21.624238967895508
2023-03-24,3,1,1,1,0,1,21.97522735595703
2023-03-27,3,1,1,1,0,1,22.32621192932129
2023-03-28,3,1,1,1,0,1,22.8398551940918
2023-03-29,3,1,1,1,0,1,23.12235641479492
2023-03-30,3,1,1,1,0,1,23.68735885620117
2023-03-31,3,1,1,1,0,1,23.43910026550293
2023-04-03,4,1,2,1,0,1,23.36205673217773
2023-04-04,4,1,2,1,0,1,23.38773536682129
2023-04-05,4,1,2,1,0,1,23.293569564819336
2023-04-06,4,1,2,1,0,1,23.19083976745605
2023-04-10,4,1,2,1,0,1,23.41341781616211
2023-04-11,4,1,2,1,0,1,24.654712677001957
2023-04-12,4,1,2,1,0,1,25.15979385375977
2023-04-13,4,1,2,1,0,1,25.09986686706543
2023-04-14,4,1,2,1,0,1,25.134113311767575
2023-04-17,4,1,2,1,0,1,25.00570297241211
2023-04-18,4,1,2,1,0,1,24.834487915039062
2023-04-19,4,1,2,1,0,1,23.772964477539062
2023-04-20,4,1,2,1,0,1,23.961301803588867
2023-04-21,4,1,2,1,0,1,23.713041305541992
2023-04-24,4,1,2,1,0,1,23.978422164916992
2023-04-25,4,1,2,1,0,1,23.635995864868164
2023-04-26,4,1,2,1,0,1,23.49046516418457
2023-04-27,4,1,2,1,0,1,23.96986198425293
2023-04-28,4,1,2,1,0,1,24.201000213623047
2023-05-01,5,1,2,1,0,1,24.004106521606445
2023-05-02,5,1,2,1,0,1,23.396297454833984
2023-05-03,5,1,2,1,0,1,23.61887550354004
2023-05-04,5,1,2,1,0,1,23.68735885620117
2023-05-05,5,1,2,1,0,1,24.620471954345703
2023-05-08,5,1,2,1,0,1,24.53486633300781
2023-05-09,5,1,2,1,0,1,24.86017227172852
2023-05-10,5,1,2,1,0,1,25.125551223754883
2023-05-11,5,1,2,1,0,1,25.30532455444336
2023-05-12,5,1,2,1,0,1,25.510780334472656
2023-05-15,5,1,2,1,0,1,25.810401916503903
2023-05-16,5,1,2,1,0,1,25.313884735107425
2023-05-17,5,1,2,1,0,1,25.673433303833008
2023-05-18,5,1,2,1,0,1,25.6220703125
2023-05-19,5,1,2,1,0,1,25.587825775146484
2023-05-22,5,1,2,1,0,1,25.570707321166992
2023-05-23,5,1,2,1,0,1,25.51933860778809
2023-05-24,5,1,2,1,0,1,25.356689453125
2023-05-25,5,1,2,1,0,1,25.202598571777344
2023-05-26,5,1,2,1,0,1,25.63063240051269
2023-05-30,5,1,2,1,0,1,24.92865753173828
2023-05-31,5,1,2,1,0,1,24.671836853027344
2023-06-01,6,1,2,1,0,1,25.44229507446289
2023-06-02,6,1,2,1,0,1,26.18707275390625
2023-06-05,6,1,2,1,0,1,26.32404518127441
2023-06-06,6,1,2,1,0,1,26.837684631347656
2023-06-07,6,1,2,1,0,1,27.02716445922852
2023-06-08,6,1,2,1,0,1,27.22015190124512
2023-06-09,6,1,2,1,0,1,27.72016716003418
2023-06-12,6,1,2,1,0,1,27.8254337310791
2023-06-13,6,1,2,1,0,1,27.693851470947266
2023-06-14,6,1,2,1,0,1,28.45703125
2023-06-15,6,1,2,1,0,1,28.650022506713867
2023-06-16,6,1,2,1,0,1,28.35176658630371
2023-06-20,6,1,2,1,0,1,28.70265388488769
2023-06-21,6,1,2,1,0,1,29.09740447998047
2023-06-22,6,1,2,1,0,1,28.75528907775879
2023-06-23,6,1,2,1,0,1,28.67633819580078
2023-06-26,6,1,2,1,0,1,28.623706817626957
2023-06-27,6,1,2,1,0,1,28.32545280456543
2023-06-28,6,1,2,1,0,1,27.834205627441406
2023-06-29,6,1,2,1,0,1,28.23773002624512
2023-06-30,6,1,2,1,0,1,28.448261260986328
2023-07-03,7,2,3,1,0,1,28.799150466918945
2023-07-05,7,2,3,1,0,1,28.378082275390625
2023-07-06,7,2,3,1,0,1,27.421913146972656
2023-07-07,7,2,3,1,0,1,28.088600158691406
2023-07-10,7,2,3,1,0,1,27.781574249267575
2023-07-11,7,2,3,1,0,1,27.807891845703125
2023-07-12,7,2,3,1,0,1,28.088600158691406
2023-07-13,7,2,3,1,0,1,28.65879249572754
2023-07-14,7,2,3,1,0,1,28.290361404418945
2023-07-17,7,2,3,1,0,1,28.36054039001465
2023-07-18,7,2,3,1,0,1,28.255271911621094
2023-07-19,7,2,3,1,0,1,28.30790901184082
2023-07-20,7,2,3,1,0,1,28.35176658630371
2023-07-21,7,2,3,1,0,1,28.965822219848636
2023-07-24,7,2,3,1,0,1,29.553560256958008
2023-07-25,7,2,3,1,0,1,29.667598724365234
2023-07-26,7,2,3,1,0,1,29.9219913482666
2023-07-27,7,2,3,1,0,1,29.018455505371094
2023-07-28,7,2,3,1,0,1,29.29039192199707
2023-07-31,7,2,3,1,0,1,29.711456298828125
2023-08-01,8,2,3,1,0,1,29.141265869140625
2023-08-02,8,2,3,1,0,1,28.92196273803711
2023-08-03,8,2,3,1,0,1,28.32545280456543
2023-08-04,8,2,3,1,0,1,28.12369155883789
2023-08-07,8,2,3,1,0,1,28.088600158691406
2023-08-08,8,2,3,1,0,1,27.97456169128418
2023-08-09,8,2,3,1,0,1,27.75525665283203
2023-08-10,8,2,3,1,0,1,27.8868408203125
2023-08-11,8,2,3,1,0,1,27.693851470947266
2023-08-14,8,2,3,1,0,1,27.141202926635746
2023-08-15,8,2,3,1,0,1,26.860492706298828
2023-08-16,8,2,3,1,0,1,26.77276992797852
2023-08-17,8,2,3,1,0,1,26.597326278686523
2023-08-18,8,2,3,1,0,1,26.79031562805176
2023-08-21,8,2,3,1,0,1,26.50960350036621
2023-08-22,8,2,3,1,0,1,27.097341537475582
2023-08-23,8,2,3,1,0,1,28.000879287719727
2023-08-24,8,2,3,1,0,1,27.702625274658203
2023-08-25,8,2,3,1,0,1,27.46577453613281
2023-08-28,8,2,3,1,0,1,27.79911994934082
2023-08-29,8,2,3,1,0,1,28.193866729736328
2023-08-30,8,2,3,1,0,1,27.92192840576172
2023-08-31,8,2,3,1,0,1,27.062253952026367
2023-09-01,9,2,3,1,0,1,27.579814910888672
2023-09-05,9,2,3,1,0,1,27.334190368652344
2023-09-06,9,2,3,1,0,1,26.98330307006836
2023-09-07,9,2,3,1,0,1,26.456972122192383
2023-09-08,9,2,3,1,0,1,26.82540512084961
2023-09-11,9,2,3,1,0,1,27.483318328857425
2023-09-12,9,2,3,1,0,1,27.588584899902344
2023-09-13,9,2,3,1,0,1,27.89561080932617
2023-09-14,9,2,3,1,0,1,28.421947479248047
2023-09-15,9,2,3,1,0,1,28.299131393432617
2023-09-18,9,2,3,1,0,1,28.299131393432617
2023-09-19,9,2,3,1,0,1,28.10614585876465
2023-09-20,9,2,3,1,0,1,28.32545280456543
2023-09-21,9,2,3,1,0,1,27.369279861450195
2023-09-22,9,2,3,1,0,1,27.34296417236328
2023-09-25,9,2,3,1,0,1,27.193836212158203
2023-09-26,9,2,3,1,0,1,26.69382095336914
2023-09-27,9,2,3,1,0,1,26.36924934387207
2023-09-28,9,2,3,1,0,1,26.72013664245605
2023-09-29,9,2,3,1,0,1,26.904354095458984
2023-10-02,10,2,4,1,0,1,26.378019332885746
2023-10-03,10,2,4,1,0,1,25.562204360961918
2023-10-04,10,2,4,1,0,1,25.623611450195312
2023-10-05,10,2,4,1,0,1,25.52711677551269
2023-10-06,10,2,4,1,0,1,25.74642372131348
2023-10-09,10,2,4,1,0,1,26.13239860534668
2023-10-10,10,2,4,1,0,1,26.851720809936523
2023-10-11,10,2,4,1,0,1,26.96575927734375
2023-10-12,10,2,4,1,0,1,26.430652618408203
2023-10-13,10,2,4,1,0,1,26.51837539672852
2023-10-16,10,2,4,1,0,1,26.992076873779297
2023-10-17,10,2,4,1,0,1,26.878034591674805
2023-10-18,10,2,4,1,0,1,26.413110733032227
2023-10-19,10,2,4,1,0,1,26.40433692932129
2023-10-20,10,2,4,1,0,1,26.26398277282715
2023-10-23,10,2,4,1,0,1,26.14994239807129
2023-10-24,10,2,4,1,0,1,26.51837539672852
2023-10-25,10,2,4,1,0,1,26.24643898010254
2023-10-26,10,2,4,1,0,1,26.74645233154297
2023-10-27,10,2,4,1,0,1,26.255210876464844
2023-10-30,10,2,4,1,0,1,25.89554977416992
2023-10-31,10,2,4,1,0,1,26.114856719970703
2023-11-01,11,2,4,1,0,1,26.89558219909668
2023-11-02,11,2,4,1,0,1,27.667537689208984
2023-11-03,11,2,4,1,0,1,27.98333549499512
2023-11-06,11,2,4,1,0,1,28.088600158691406
2023-11-07,11,2,4,1,0,1,28.281591415405277
2023-11-08,11,2,4,1,0,1,28.053512573242188
2023-11-09,11,2,4,1,0,1,27.90438270568848
2023-11-10,11,2,4,1,0,1,28.421947479248047
2023-11-13,11,2,4,1,0,1,28.36054039001465
2023-11-14,11,2,4,1,0,1,29.2816219329834
2023-11-15,11,2,4,1,0,1,29.474609375
2023-11-16,11,2,4,1,0,1,29.536012649536133
2023-11-17,11,2,4,1,0,1,29.378116607666016
2023-11-20,11,2,4,1,0,1,29.96585464477539
2023-11-21,11,2,4,1,0,1,29.641281127929688
2023-11-22,11,2,4,1,0,1,29.61496353149414
2023-11-24,11,2,4,1,0,1,29.62373924255371
2023-11-27,11,2,4,1,0,1,29.60619163513184
2023-11-28,11,2,4,1,0,1,29.93076515197754
2023-11-29,11,2,4,1,0,1,29.641281127929688
2023-11-30,11,2,4,1,0,1,29.83426856994629
2023-12-01,12,2,4,1,0,1,30.19392967224121
2023-12-04,12,2,4,1,0,1,29.51847267150879
2023-12-05,12,2,4,1,0,1,29.597421646118164
2023-12-06,12,2,4,1,0,1,29.50969886779785
2023-12-07,12,2,4,1,0,1,29.474609375
2023-12-08,12,2,4,1,0,1,29.69391441345215
2023-12-11,12,2,4,1,0,1,29.61496353149414
2023-12-12,12,2,4,1,0,1,29.316709518432617
2023-12-13,12,2,4,1,0,1,30.386919021606445
2023-12-14,12,2,4,1,0,1,30.75535011291504
2023-12-15,12,2,4,1,0,1,30.34305953979492
2023-12-18,12,2,4,1,0,1,30.869388580322266
2023-12-19,12,2,4,1,0,1,31.28168296813965
2023-12-20,12,2,4,1,0,1,30.68309783935547
2023-12-21,12,2,4,1,0,1,31.18267822265625
2023-12-22,12,2,4,1,0,1,31.44608688354492
2023-12-26,12,2,4,1,0,1,31.9275016784668
2023-12-27,12,2,4,1,0,1,32.036502838134766
2023-12-28,12,2,4,1,0,1,31.891170501708984
2023-12-29,12,2,4,1,0,1,31.754919052124023
2024-01-02,1,1,1,1,0,1,31.219009399414062
2024-01-03,1,1,1,1,0,1,31.27351188659668
2024-01-04,1,1,1,1,0,1,30.94651222229004
2024-01-05,1,1,1,1,0,1,31.300756454467773
2024-01-08,1,1,1,1,0,1,31.36433982849121
2024-01-09,1,1,1,1,0,1,30.919265747070312
2024-01-10,1,1,1,1,0,1,30.87384796142578
2024-01-11,1,1,1,1,0,1,31.02826499938965
2024-01-12,1,1,1,1,0,1,31.191761016845703
2024-01-16,1,1,1,1,0,1,30.374269485473636
2024-01-17,1,1,1,1,0,1,30.19260597229004
2024-01-18,1,1,1,1,0,1,29.892860412597656
2024-01-19,1,1,1,1,0,1,29.938276290893555
2024-01-22,1,1,1,1,0,1,29.375118255615234
2024-01-23,1,1,1,1,0,1,29.92011070251465
2024-01-24,1,1,1,1,0,1,29.911027908325195
2024-01-25,1,1,1,1,0,1,30.147188186645508
2024-01-26,1,1,1,1,0,1,30.310688018798828
2024-01-29,1,1,1,1,0,1,30.092693328857425
2024-01-30,1,1,1,1,0,1,29.84744644165039
2024-01-31,1,1,1,1,0,1,29.90194320678711
2024-02-01,2,1,1,1,0,1,30.238025665283203
2024-02-02,2,1,1,1,0,1,29.674861907958984
2024-02-05,2,1,1,1,0,1,29.68394660949707
2024-02-06,2,1,1,1,0,1,30.4832706451416
2024-02-07,2,1,1,1,0,1,30.32885360717773
2024-02-08,2,1,1,1,0,1,29.711196899414062
2024-02-09,2,1,1,1,0,1,29.911027908325195
2024-02-12,2,1,1,1,0,1,30.17444229125977
2024-02-13,2,1,1,1,0,1,29.31153678894043
2024-02-14,2,1,1,1,0,1,29.56586456298828
2024-02-15,2,1,1,1,0,1,29.792945861816406
2024-02-16,2,1,1,1,0,1,30.074525833129883
2024-02-20,2,1,1,1,0,1,30.60135078430176
2024-02-21,2,1,1,1,0,1,30.60135078430176
2024-02-22,2,1,1,1,0,1,30.4196891784668
2024-02-23,2,1,1,1,0,1,30.083606719970703
2024-02-26,2,1,1,1,0,1,30.238025665283203
2024-02-27,2,1,1,1,0,1,30.95560073852539
2024-02-28,2,1,1,1,0,1,30.29252052307129
2024-02-29,2,1,1,1,0,1,29.98369026184082
2024-03-01,3,1,1,1,0,1,30.156274795532227
2024-03-04,3,1,1,1,0,1,29.96552848815918
2024-03-05,3,1,1,1,0,1,29.838359832763672
2024-03-06,3,1,1,1,0,1,30.110858917236328
2024-03-07,3,1,1,1,0,1,30.0654411315918
2024-03-08,3,1,1,1,0,1,29.36603546142578
2024-03-11,3,1,1,1,0,1,29.17528533935547
2024-03-12,3,1,1,1,0,1,29.56586456298828
2024-03-13,3,1,1,1,0,1,29.68394660949707
2024-03-14,3,1,1,1,0,1,29.42961883544922
2024-03-15,3,1,1,1,0,1,29.14803695678711
2024-03-18,3,1,1,1,0,1,29.05720329284668
2024-03-19,3,1,1,1,0,1,29.13895606994629
2024-03-20,3,1,1,1,0,1,29.811111450195312
2024-03-21,3,1,1,1,0,1,29.56586456298828
2024-03-22,3,1,1,1,0,1,29.184371948242188
2024-03-25,3,1,1,1,0,1,29.29336929321289
2024-03-26,3,1,1,1,0,1,29.30245018005371
2024-03-27,3,1,1,1,0,1,29.529529571533203
2024-03-28,3,1,1,1,0,1,29.44778060913086
2024-04-01,4,1,2,1,0,1,28.91187286376953
2024-04-02,4,1,2,1,0,1,29.07537078857422
2024-04-03,4,1,2,1,0,1,29.14803695678711
2024-04-04,4,1,2,1,0,1,29.14803695678711
2024-04-05,4,1,2,1,0,1,28.893705368041992
2024-04-08,4,1,2,1,0,1,29.53861618041992
2024-04-09,4,1,2,1,0,1,29.96552848815918
2024-04-10,4,1,2,1,0,1,29.13895606994629
2024-04-11,4,1,2,1,0,1,28.90279006958008
2024-04-12,4,1,2,1,0,1,28.40321350097656
2024-04-15,4,1,2,1,0,1,27.98538589477539
2024-04-16,4,1,2,1,0,1,27.322311401367188
2024-04-17,4,1,2,1,0,1,27.40406036376953
2024-04-18,4,1,2,1,0,1,27.34956169128418
2024-04-19,4,1,2,1,0,1,27.921802520751957
2024-04-22,4,1,2,1,0,1,28.167049407958984
2024-04-23,4,1,2,1,0,1,28.30329704284668
2024-04-24,4,1,2,1,0,1,28.14888381958008
2024-04-25,4,1,2,1,0,1,27.98538589477539
2024-04-26,4,1,2,1,0,1,28.648462295532227
2024-04-29,4,1,2,1,0,1,28.839208602905277
2024-04-30,4,1,2,1,0,1,28.185216903686523
2024-05-01,5,1,2,1,0,1,28.294214248657227
2024-05-02,5,1,2,1,0,1,28.866456985473636
2024-05-03,5,1,2,1,0,1,29.347869873046875
2024-05-06,5,1,2,1,0,1,29.36603546142578
2024-05-07,5,1,2,1,0,1,29.53861618041992
2024-05-08,5,1,2,1,0,1,29.42961883544922
2024-05-09,5,1,2,1,0,1,28.93004035949707
2024-05-10,5,1,2,1,0,1,28.71204376220703
2024-05-13,5,1,2,1,0,1,28.866456985473636
2024-05-14,5,1,2,1,0,1,29.039037704467773
2024-05-15,5,1,2,1,0,1,28.730207443237305
2024-05-16,5,1,2,1,0,1,28.793794631958008
2024-05-17,5,1,2,1,0,1,28.839208602905277
2024-05-20,5,1,2,1,0,1,28.75745964050293
2024-05-21,5,1,2,1,0,1,28.55763053894043
2024-05-22,5,1,2,1,0,1,28.03988647460937
2024-05-23,5,1,2,1,0,1,27.830968856811523
2024-05-24,5,1,2,1,0,1,27.64022445678711
2024-05-28,5,1,2,1,0,1,27.61297416687012
2024-05-29,5,1,2,1,0,1,27.140647888183597
2024-05-30,5,1,2,1,0,1,27.27689552307129
2024-05-31,5,1,2,1,0,1,26.88631629943848
2024-06-03,6,1,2,1,0,1,26.868148803710938
2024-06-04,6,1,2,1,0,1,26.568405151367188
2024-06-05,6,1,2,1,0,1,26.47757148742676
2024-06-06,6,1,2,1,0,1,27.04073143005371
2024-06-07,6,1,2,1,0,1,26.123327255249023
2024-06-10,6,1,2,1,0,1,25.987079620361328
2024-06-11,6,1,2,1,0,1,26.131576538085938
2024-06-12,6,1,2,1,0,1,25.559215545654297
2024-06-13,6,1,2,1,0,1,25.606130599975582
2024-06-14,6,1,2,1,0,1,25.587364196777344
2024-06-17,6,1,2,1,0,1,25.315258026123047
2024-06-18,6,1,2,1,0,1,25.390321731567383
2024-06-20,6,1,2,1,0,1,25.46538543701172
2024-06-21,6,1,2,1,0,1,25.765640258789062
2024-06-24,6,1,2,1,0,1,26.262937545776367
2024-06-25,6,1,2,1,0,1,25.897003173828125
2024-06-26,6,1,2,1,0,1,25.67181205749512
2024-06-27,6,1,2,1,0,1,26.028364181518555
2024-06-28,6,1,2,1,0,1,25.64366149902344
2024-07-01,7,2,3,1,0,1,25.46538543701172
2024-07-02,7,2,3,1,0,1,25.48415184020996
2024-07-03,7,2,3,1,0,1,26.31923484802246
2024-07-05,7,2,3,1,0,1,26.638256072998047
2024-07-08,7,2,3,1,0,1,26.638256072998047
2024-07-09,7,2,3,1,0,1,27.013578414916992
2024-07-10,7,2,3,1,0,1,27.041723251342773
2024-07-11,7,2,3,1,0,1,27.16370391845703
2024-07-12,7,2,3,1,0,1,27.351362228393555
2024-07-15,7,2,3,1,0,1,27.332595825195312
2024-07-16,7,2,3,1,0,1,27.38889503479004
2024-07-17,7,2,3,1,0,1,27.21061897277832
2024-07-18,7,2,3,1,0,1,26.34738540649414
2024-07-19,7,2,3,1,0,1,26.272321701049805
2024-07-22,7,2,3,1,0,1,26.506895065307617
2024-07-23,7,2,3,1,0,1,26.122194290161133
2024-07-24,7,2,3,1,0,1,25.84070587158203
2024-07-25,7,2,3,1,0,1,25.765640258789062
2024-07-26,7,2,3,1,0,1,26.028364181518555
2024-07-29,7,2,3,1,0,1,26.0471305847168
2024-07-30,7,2,3,1,0,1,25.90638542175293
2024-07-31,7,2,3,1,0,1,26.0565128326416
2024-08-01,8,2,3,1,0,1,25.68119430541992
2024-08-02,8,2,3,1,0,1,25.502918243408203
2024-08-05,8,2,3,1,0,1,25.212047576904297
2024-08-06,8,2,3,1,0,1,25.775022506713867
2024-08-07,8,2,3,1,0,1,26.159725189208984
2024-08-08,8,2,3,1,0,1,26.65702247619629
2024-08-09,8,2,3,1,0,1,27.379512786865234
2024-08-12,8,2,3,1,0,1,27.614086151123047
2024-08-13,8,2,3,1,0,1,28.11138153076172
2024-08-14,8,2,3,1,0,1,28.14891624450684
2024-08-15,8,2,3,1,0,1,28.25212860107422
2024-08-16,8,2,3,1,0,1,28.374107360839844
2024-08-19,8,2,3,1,0,1,29.021533966064453
2024-08-20,8,2,3,1,0,1,28.664979934692383
2024-08-21,8,2,3,1,0,1,28.702510833740234
2024-08-22,8,2,3,1,0,1,27.923725128173828
2024-08-23,8,2,3,1,0,1,28.561765670776367
2024-08-26,8,2,3,1,0,1,28.80572509765625
2024-08-27,8,2,3,1,0,1,28.758808135986328
2024-08-28,8,2,3,1,0,1,28.655595779418945
2024-08-29,8,2,3,1,0,1,28.017555236816406
2024-08-30,8,2,3,1,0,1,28.02693748474121
2024-09-03,9,2,3,1,0,1,27.56717109680176
2024-09-04,9,2,3,1,0,1,27.75482940673828
2024-09-05,9,2,3,1,0,1,28.102001190185547
2024-09-06,9,2,3,1,0,1,27.54840660095215
2024-09-09,9,2,3,1,0,1,27.6516170501709
2024-09-10,9,2,3,1,0,1,27.220001220703125
2024-09-11,9,2,3,1,0,1,27.398277282714844
2024-09-12,9,2,3,1,0,1,27.47334289550781
2024-09-13,9,2,3,1,0,1,27.82051086425781
2024-09-16,9,2,3,1,0,1,28.14891624450684
2024-09-17,9,2,3,1,0,1,28.31781005859375
2024-09-18,9,2,3,1,0,1,28.177064895629883
2024-09-19,9,2,3,1,0,1,28.25212860107422
2024-09-20,9,2,3,1,0,1,27.38889503479004
2024-09-23,9,2,3,1,0,1,27.201234817504883
2024-09-24,9,2,3,1,0,1,27.86742782592773
2024-09-25,9,2,3,1,0,1,27.679767608642575
2024-09-26,9,2,3,1,0,1,27.886192321777344
2024-09-27,9,2,3,1,0,1,27.89557456970215
2024-09-30,9,2,3,1,0,1,27.67038345336914
2024-10-01,10,2,4,1,0,1,27.689149856567383
2024-10-02,10,2,4,1,0,1,27.933107376098636
2024-10-03,10,2,4,1,0,1,27.41704368591309
2024-10-04,10,2,4,1,0,1,27.59532165527344
2024-10-07,10,2,4,1,0,1,27.41704368591309
2024-10-08,10,2,4,1,0,1,27.182470321655277
2024-10-09,10,2,4,1,0,1,26.610109329223636
2024-10-10,10,2,4,1,0,1,26.750852584838867
2024-10-11,10,2,4,1,0,1,26.57257652282715
2024-10-14,10,2,4,1,0,1,27.16370391845703
2024-10-15,10,2,4,1,0,1,26.647640228271484
2024-10-16,10,2,4,1,0,1,26.694557189941406
2024-10-17,10,2,4,1,0,1,26.638256072998047
2024-10-18,10,2,4,1,0,1,26.459980010986328
2024-10-21,10,2,4,1,0,1,26.431833267211918
2024-10-22,10,2,4,1,0,1,26.36614990234375
2024-10-23,10,2,4,1,0,1,26.28170394897461
2024-10-24,10,2,4,1,0,1,26.59134101867676
2024-10-25,10,2,4,1,0,1,26.3942985534668
2024-10-28,10,2,4,1,0,1,26.779003143310547
2024-10-29,10,2,4,1,0,1,26.46936416625977
2024-10-30,10,2,4,1,0,1,26.44121551513672
2024-10-31,10,2,4,1,0,1,26.06589698791504
2024-11-01,11,2,4,1,0,1,25.343408584594727
2024-11-04,11,2,4,1,0,1,26.08466148376465
2024-11-05,11,2,4,1,0,1,26.356767654418945
2024-11-06,11,2,4,1,0,1,26.581958770751957
2024-11-07,11,2,4,1,0,1,26.506895065307617
2024-11-08,11,2,4,1,0,1,26.000213623046875
2024-11-11,11,2,4,1,0,1,26.000213623046875
2024-11-12,11,2,4,1,0,1,25.9814510345459
2024-11-13,11,2,4,1,0,1,25.831321716308597
2024-11-14,11,2,4,1,0,1,25.718725204467773
2024-11-15,11,2,4,1,0,1,25.61551284790039
2024-11-18,11,2,4,1,0,1,25.69995880126953
2024-11-19,11,2,4,1,0,1,25.59674835205078
2024-11-20,11,2,4,1,0,1,25.48415184020996
2024-11-21,11,2,4,1,0,1,25.258960723876957
2024-11-22,11,2,4,1,0,1,25.81255531311035
2024-11-25,11,2,4,1,0,1,25.72810935974121
2024-11-26,11,2,4,1,0,1,25.765640258789062
2024-11-27,11,2,4,1,0,1,24.827342987060547
2024-11-29,11,2,4,1,0,1,23.94534492492676
2024-12-02,12,2,4,1,0,1,23.682621002197266
2024-12-03,12,2,4,1,0,1,23.832748413085938
2024-12-04,12,2,4,1,0,1,23.87966537475586
2024-12-05,12,2,4,1,0,1,24.283130645751957
2024-12-06,12,2,4,1,0,1,23.710769653320312
2024-12-09,12,2,4,1,0,1,23.954729080200195
2024-12-10,12,2,4,1,0,1,24.217449188232425
2024-12-11,12,2,4,1,0,1,24.87425804138184
2024-12-12,12,2,4,1,0,1,24.14238739013672
2024-12-13,12,2,4,1,0,1,23.692005157470703
2024-12-16,12,2,4,1,0,1,23.17594146728516
2024-12-17,12,2,4,1,0,1,23.560768127441406
2024-12-18,12,2,4,1,0,1,21.990049362182617
2024-12-19,12,2,4,1,0,1,22.41217994689941
2024-12-20,12,2,4,1,0,1,22.667421340942383
2024-12-23,12,2,4,1,0,1,22.206024169921875
2024-12-24,12,2,4,1,0,1,22.343461990356445
2024-12-26,12,2,4,1,0,1,22.30419158935547
2024-12-27,12,2,4,1,0,1,22.14712142944336
2024-12-30,12,2,4,1,0,1,22.19620704650879
2024-12-31,12,2,4,1,0,1,22.09803581237793
2025-01-02,1,1,1,1,0,1,22.294374465942383
2025-01-03,1,1,1,1,0,1,22.039134979248047
2025-01-06,1,1,1,1,0,1,22.4219970703125
2025-01-07,1,1,1,1,0,1,22.75577545166016
2025-01-08,1,1,1,1,0,1,22.45144844055176
2025-01-10,1,1,1,1,0,1,22.274742126464844
2025-01-13,1,1,1,1,0,1,22.39254570007324
2025-01-14,1,1,1,1,0,1,22.549617767333984
2025-01-15,1,1,1,1,0,1,23.34479331970215
2025-01-16,1,1,1,1,0,1,22.942296981811523
2025-01-17,1,1,1,1,0,1,23.119001388549805
2025-01-21,1,1,1,1,1,1,23.403696060180664
2025-01-22,1,1,1,1,1,1,23.737472534179688
2025-01-23,1,1,1,1,1,1,23.766923904418945
2025-01-24,1,1,1,1,1,1,23.89454460144043
2025-01-27,1,1,1,1,1,1,24.189054489135746
2025-01-28,1,1,1,1,1,1,24.326492309570312
2025-01-29,1,1,1,1,1,1,24.218505859375
2025-01-30,1,1,1,1,1,1,24.90569496154785
2025-01-31,1,1,1,1,1,1,24.866426467895508
2025-02-03,2,1,1,1,1,1,24.915510177612305
2025-02-04,2,1,1,1,1,1,24.984230041503903
2025-02-05,2,1,1,1,1,1,24.96459579467773
2025-02-06,2,1,1,1,1,1,25.29837417602539
2025-02-07,2,1,1,1,1,1,24.75843811035156
2025-02-10,2,1,1,1,1,1,25.11185073852539
2025-02-11,2,1,1,1,1,1,25.31800842285156
2025-02-12,2,1,1,1,1,1,24.876243591308597
2025-02-13,2,1,1,1,1,1,24.994047164916992
2025-02-14,2,1,1,1,1,1,25.887393951416016
2025-02-18,2,1,1,1,1,1,25.907026290893555
2025-02-19,2,1,1,1,1,1,25.612518310546875
2025-02-20,2,1,1,1,1,1,25.720504760742188
2025-02-21,2,1,1,1,1,1,25.00386428833008
2025-02-24,2,1,1,1,1,1,24.601367950439453
2025-02-25,2,1,1,1,1,1,24.81734275817871
2025-02-26,2,1,1,1,1,1,24.42466163635254
2025-02-27,2,1,1,1,1,1,24.25777244567871
2025-02-28,2,1,1,1,1,1,23.66875457763672
2025-03-03,3,1,1,1,1,1,23.698204040527344
2025-03-04,3,1,1,1,1,1,23.472414016723636
2025-03-05,3,1,1,1,1,1,24.130151748657227
2025-03-06,3,1,1,1,1,1,24.12033462524414
2025-03-07,3,1,1,1,1,1,24.365758895874023
2025-03-10,3,1,1,1,1,1,23.85527610778809
2025-03-11,3,1,1,1,1,1,23.93381118774414
2025-03-12,3,1,1,1,1,1,24.031982421875
2025-03-13,3,1,1,1,1,1,24.34612464904785
2025-03-14,3,1,1,1,1,1,25.36709213256836
2025-03-17,3,1,1,1,1,1,25.96592903137207
2025-03-18,3,1,1,1,1,1,26.08373260498047
2025-03-19,3,1,1,1,1,1,26.446962356567383
2025-03-20,3,1,1,1,1,1,26.093549728393555
2025-03-21,3,1,1,1,1,1,26.08373260498047
2025-03-24,3,1,1,1,1,1,25.7106876373291
2025-03-25,3,1,1,1,1,1,25.93647766113281
2025-03-26,3,1,1,1,1,1,25.81867408752441
2025-03-27,3,1,1,1,1,1,25.848125457763672
2025-03-28,3,1,1,1,1,1,25.48489570617676
2025-03-31,3,1,1,1,1,1,25.376909255981445
2025-04-01,4,1,2,1,1,1,25.661602020263672
2025-04-02,4,1,2,1,1,1,25.661602020263672
2025-04-03,4,1,2,1,1,1,25.848125457763672
2025-04-04,4,1,2,1,1,1,24.05161666870117
2025-04-07,4,1,2,1,1,1,23.511682510375977
2025-04-08,4,1,2,1,1,1,23.011016845703125
2025-04-09,4,1,2,1,1,1,24.25777244567871
2025-04-10,4,1,2,1,1,1,23.747289657592773
2025-04-11,4,1,2,1,1,1,24.23814010620117
2025-04-14,4,1,2,1,1,1,24.552282333374023
2025-04-15,4,1,2,1,1,1,24.405029296875
2025-04-16,4,1,2,1,1,1,24.3363094329834
2025-04-17,4,1,2,1,1,1,24.75843811035156
2025-04-21,4,1,2,1,1,1,24.738805770874023
2025-04-22,4,1,2,1,1,1,25.38672637939453
2025-04-23,4,1,2,1,1,1,25.8284912109375
2025-04-24,4,1,2,1,1,1,26.250621795654297
2025-04-25,4,1,2,1,1,1,26.446962356567383
2025-04-28,4,1,2,1,1,1,26.712018966674805
2025-04-29,4,1,2,1,1,1,26.859275817871094
2025-04-30,4,1,2,1,1,1,26.54513168334961
2025-05-01,5,1,2,1,1,1,26.388057708740234
2025-05-02,5,1,2,1,1,1,26.623668670654297
2025-05-05,5,1,2,1,1,1,26.22117042541504
2025-05-06,5,1,2,1,1,1,26.12300109863281
2025-05-07,5,1,2,1,1,1,25.91684341430664
2025-05-08,5,1,2,1,1,1,26.97707748413086
2025-05-09,5,1,2,1,1,1,27.055614471435547
2025-05-12,5,1,2,1,1,1,26.986894607543945
2025-05-13,5,1,2,1,1,1,27.811521530151367
2025-05-14,5,1,2,1,1,1,27.68390274047852
2025-05-15,5,1,2,1,1,1,27.49737930297852
2025-05-16,5,1,2,1,1,1,27.48756217956543
2025-05-19,5,1,2,1,1,1,27.664268493652344
2025-05-20,5,1,2,1,1,1,27.64463424682617
2025-05-21,5,1,2,1,1,1,27.16360092163086
2025-05-22,5,1,2,1,1,1,27.016345977783203
2025-05-23,5,1,2,1,1,1,27.143966674804688
2025-05-27,5,1,2,1,1,1,27.477745056152344
2025-05-28,5,1,2,1,1,1,27.18323516845703
2025-05-29,5,1,2,1,1,1,27.19305229187012
2025-05-30,5,1,2,1,1,1,26.712018966674805
2025-06-02,6,1,2,1,1,1,26.77092170715332
2025-06-03,6,1,2,1,1,1,27.07524871826172
2025-06-04,6,1,2,1,1,1,26.93781089782715
2025-06-05,6,1,2,1,1,1,27.09488296508789
2025-06-06,6,1,2,1,1,1,27.212684631347656
2025-06-09,6,1,2,1,1,1,27.114517211914062
2025-06-10,6,1,2,1,1,1,27.212684631347656
2025-06-11,6,1,2,1,1,1,27.70353507995605
2025-06-12,6,1,2,1,1,1,27.634815216064453
2025-06-13,6,1,2,1,1,1,27.624998092651367
2025-06-16,6,1,2,1,1,1,28.309999465942383
2025-06-17,6,1,2,1,1,1,28.11000061035156
2025-06-18,6,1,2,1,1,1,28.07999992370605
2025-06-20,6,1,2,1,1,1,27.670000076293945
2025-06-23,6,1,2,1,1,1,27.65999984741211
2025-06-24,6,1,2,1,1,1,27.979999542236328
2025-06-25,6,1,2,1,1,1,27.56999969482422
2025-06-26,6,1,2,1,1,1,28.1299991607666
2025-06-27,6,1,2,1,1,1,28.13999938964844
2025-06-30,6,1,2,1,1,1,28.850000381469727
2025-07-01,7,2,3,1,1,1,28.790000915527344
2025-07-02,7,2,3,1,1,1,28.90999984741211
2025-07-03,7,2,3,1,1,1,29.309999465942383
