Date,mes,semestre,quadrimestre,covid,trump,guerra_ucrania,MSCI SOUTH AFRICA
2016-01-04,1,1,1,0,0,0,29.382587432861328
2016-01-05,1,1,1,0,0,0,29.48567008972168
2016-01-06,1,1,1,0,0,0,28.5902156829834
2016-01-07,1,1,1,0,0,0,27.147165298461918
2016-01-08,1,1,1,0,0,0,26.586708068847656
2016-01-11,1,1,1,0,0,0,25.93604850769043
2016-01-12,1,1,1,0,0,0,26.36122703552246
2016-01-13,1,1,1,0,0,0,26.27103805541992
2016-01-14,1,1,1,0,0,0,26.586708068847656
2016-01-15,1,1,1,0,0,0,25.18231201171875
2016-01-19,1,1,1,0,0,0,25.517309188842773
2016-01-20,1,1,1,0,0,0,25.040590286254883
2016-01-21,1,1,1,0,0,0,25.375585556030277
2016-01-22,1,1,1,0,0,0,26.496509552001957
2016-01-25,1,1,1,0,0,0,25.807207107543945
2016-01-26,1,1,1,0,0,0,26.857267379760746
2016-01-27,1,1,1,0,0,0,26.773530960083008
2016-01-28,1,1,1,0,0,0,27.78493309020996
2016-01-29,1,1,1,0,0,0,29.524324417114254
2016-02-01,2,1,1,0,0,0,28.94452476501465
2016-02-02,2,1,1,0,0,0,27.256685256958008
2016-02-03,2,1,1,0,0,0,28.596651077270508
2016-02-04,2,1,1,0,0,0,29.07981300354004
2016-02-05,2,1,1,0,0,0,28.860767364501957
2016-02-08,2,1,1,0,0,0,28.42270851135254
2016-02-09,2,1,1,0,0,0,27.656095504760746
2016-02-10,2,1,1,0,0,0,27.9331111907959
2016-02-11,2,1,1,0,0,0,27.78493309020996
2016-02-12,2,1,1,0,0,0,28.6481876373291
2016-02-16,2,1,1,0,0,0,29.49854278564453
2016-02-17,2,1,1,0,0,0,30.3295841217041
2016-02-18,2,1,1,0,0,0,30.48419952392578
2016-02-19,2,1,1,0,0,0,29.73046875
2016-02-22,2,1,1,0,0,0,30.374679565429688
2016-02-23,2,1,1,0,0,0,29.543642044067383
2016-02-24,2,1,1,0,0,0,29.163555145263672
2016-02-25,2,1,1,0,0,0,29.382587432861328
2016-02-26,2,1,1,0,0,0,28.326080322265625
2016-02-29,2,1,1,0,0,0,28.860767364501957
2016-03-01,3,1,1,0,0,0,30.54217529296875
2016-03-02,3,1,1,0,0,0,31.134849548339844
2016-03-03,3,1,1,0,0,0,31.398983001708984
2016-03-04,3,1,1,0,0,0,31.99809455871582
2016-03-07,3,1,1,0,0,0,32.494140625
2016-03-08,3,1,1,0,0,0,31.83060073852539
2016-03-09,3,1,1,0,0,0,31.824159622192383
2016-03-10,3,1,1,0,0,0,31.41830444335937
2016-03-11,3,1,1,0,0,0,32.04963684082031
2016-03-14,3,1,1,0,0,0,31.41830444335937
2016-03-15,3,1,1,0,0,0,30.67745780944824
2016-03-16,3,1,1,0,0,0,31.79838752746582
2016-03-17,3,1,1,0,0,0,33.106143951416016
2016-03-18,3,1,1,0,0,0,33.50555419921875
2016-03-21,3,1,1,0,0,0,33.73103332519531
2016-03-22,3,1,1,0,0,0,33.827667236328125
2016-03-23,3,1,1,0,0,0,32.84202575683594
2016-03-24,3,1,1,0,0,0,32.53923416137695
2016-03-28,3,1,1,0,0,0,32.59077835083008
2016-03-29,3,1,1,0,0,0,33.28008270263672
2016-03-30,3,1,1,0,0,0,33.76324844360352
2016-03-31,3,1,1,0,0,0,34.14977264404297
2016-04-01,4,1,2,0,0,0,34.05958557128906
2016-04-04,4,1,2,0,0,0,33.87276077270508
2016-04-05,4,1,2,0,0,0,32.700286865234375
2016-04-06,4,1,2,0,0,0,32.912879943847656
2016-04-07,4,1,2,0,0,0,32.13982391357422
2016-04-08,4,1,2,0,0,0,33.086814880371094
2016-04-11,4,1,2,0,0,0,33.685935974121094
2016-04-12,4,1,2,0,0,0,34.53630447387695
2016-04-13,4,1,2,0,0,0,35.315799713134766
2016-04-14,4,1,2,0,0,0,35.07744216918945
2016-04-15,4,1,2,0,0,0,34.967926025390625
2016-04-18,4,1,2,0,0,0,35.34156799316406
2016-04-19,4,1,2,0,0,0,36.14038848876953
2016-04-20,4,1,2,0,0,0,36.507591247558594
2016-04-21,4,1,2,0,0,0,35.92136001586914
2016-04-22,4,1,2,0,0,0,35.25782012939453
2016-04-25,4,1,2,0,0,0,35.05811309814453
2016-04-26,4,1,2,0,0,0,35.50262451171875
2016-04-27,4,1,2,0,0,0,35.72809600830078
2016-04-28,4,1,2,0,0,0,35.715213775634766
2016-04-29,4,1,2,0,0,0,35.88270950317383
2016-05-02,5,1,2,0,0,0,35.59925842285156
2016-05-03,5,1,2,0,0,0,33.55065155029297
2016-05-04,5,1,2,0,0,0,32.29443359375
2016-05-05,5,1,2,0,0,0,32.44905090332031
2016-05-06,5,1,2,0,0,0,32.693851470947266
2016-05-09,5,1,2,0,0,0,31.605127334594727
2016-05-10,5,1,2,0,0,0,32.35885238647461
2016-05-11,5,1,2,0,0,0,32.597206115722656
2016-05-12,5,1,2,0,0,0,32.32020568847656
2016-05-13,5,1,2,0,0,0,31.48273086547852
2016-05-16,5,1,2,0,0,0,31.39253616333008
2016-05-17,5,1,2,0,0,0,31.23148727416992
2016-05-18,5,1,2,0,0,0,30.74832344055176
2016-05-19,5,1,2,0,0,0,30.806303024291992
2016-05-20,5,1,2,0,0,0,31.521371841430664
2016-05-23,5,1,2,0,0,0,31.41830444335937
2016-05-24,5,1,2,0,0,0,31.92723655700684
2016-05-25,5,1,2,0,0,0,32.28799057006836
2016-05-26,5,1,2,0,0,0,33.00307083129883
2016-05-27,5,1,2,0,0,0,32.474822998046875
2016-05-31,5,1,2,0,0,0,32.37818908691406
2016-06-01,6,1,2,0,0,0,32.822696685791016
2016-06-02,6,1,2,0,0,0,33.357383728027344
2016-06-03,6,1,2,0,0,0,34.909942626953125
2016-06-06,6,1,2,0,0,0,35.05167388916016
2016-06-07,6,1,2,0,0,0,35.04522705078125
2016-06-08,6,1,2,0,0,0,35.18051528930664
2016-06-09,6,1,2,0,0,0,34.787540435791016
2016-06-10,6,1,2,0,0,0,33.58931350708008
2016-06-13,6,1,2,0,0,0,33.035282135009766
2016-06-14,6,1,2,0,0,0,32.300880432128906
2016-06-15,6,1,2,0,0,0,32.745384216308594
2016-06-16,6,1,2,0,0,0,32.481258392333984
2016-06-17,6,1,2,0,0,0,33.04172134399414
2016-06-20,6,1,2,0,0,0,34.07246398925781
2016-06-21,6,1,2,0,0,0,34.56207275390625
2016-06-22,6,1,2,0,0,0,34.979732513427734
2016-06-23,6,1,2,0,0,0,36.33429336547852
2016-06-24,6,1,2,0,0,0,32.70219421386719
2016-06-27,6,1,2,0,0,0,31.334341049194336
2016-06-28,6,1,2,0,0,0,32.60923767089844
2016-06-29,6,1,2,0,0,0,34.29581069946289
2016-06-30,6,1,2,0,0,0,35.11916732788086
2016-07-01,7,2,3,0,0,0,35.25196838378906
2016-07-05,7,2,3,0,0,0,33.950531005859375
2016-07-06,7,2,3,0,0,0,33.85092544555664
2016-07-07,7,2,3,0,0,0,33.47907638549805
2016-07-08,7,2,3,0,0,0,34.67428207397461
2016-07-11,7,2,3,0,0,0,35.437889099121094
2016-07-12,7,2,3,0,0,0,36.12845230102539
2016-07-13,7,2,3,0,0,0,35.716766357421875
2016-07-14,7,2,3,0,0,0,36.44053649902344
2016-07-15,7,2,3,0,0,0,36.54677581787109
2016-07-18,7,2,3,0,0,0,37.05142211914063
2016-07-19,7,2,3,0,0,0,36.68621063232422
2016-07-20,7,2,3,0,0,0,36.925254821777344
2016-07-21,7,2,3,0,0,0,37.05805969238281
2016-07-22,7,2,3,0,0,0,37.36350631713867
2016-07-25,7,2,3,0,0,0,37.17757797241211
2016-07-26,7,2,3,0,0,0,37.55606842041016
2016-07-27,7,2,3,0,0,0,38.034141540527344
2016-07-28,7,2,3,0,0,0,37.99430084228516
2016-07-29,7,2,3,0,0,0,38.3595085144043
2016-08-01,8,2,3,0,0,0,38.08062744140625
2016-08-02,8,2,3,0,0,0,37.4697494506836
2016-08-03,8,2,3,0,0,0,37.92789840698242
2016-08-04,8,2,3,0,0,0,38.392704010009766
2016-08-05,8,2,3,0,0,0,38.3595085144043
2016-08-08,8,2,3,0,0,0,38.79109954833984
2016-08-09,8,2,3,0,0,0,39.29575347900391
2016-08-10,8,2,3,0,0,0,39.534793853759766
2016-08-11,8,2,3,0,0,0,39.74728012084961
2016-08-12,8,2,3,0,0,0,39.59456253051758
2016-08-15,8,2,3,0,0,0,39.82695388793945
2016-08-16,8,2,3,0,0,0,39.24927520751953
2016-08-17,8,2,3,0,0,0,39.37543487548828
2016-08-18,8,2,3,0,0,0,40.05271530151367
2016-08-19,8,2,3,0,0,0,39.58127975463867
2016-08-22,8,2,3,0,0,0,39.08327102661133
2016-08-23,8,2,3,0,0,0,37.60918426513672
2016-08-24,8,2,3,0,0,0,37.775184631347656
2016-08-25,8,2,3,0,0,0,37.283817291259766
2016-08-26,8,2,3,0,0,0,36.53349685668945
2016-08-29,8,2,3,0,0,0,36.832305908203125
2016-08-30,8,2,3,0,0,0,36.340938568115234
2016-08-31,8,2,3,0,0,0,34.880130767822266
2016-09-01,9,2,3,0,0,0,35.371490478515625
2016-09-02,9,2,3,0,0,0,36.49365234375
2016-09-06,9,2,3,0,0,0,38.14702224731445
2016-09-07,9,2,3,0,0,0,37.74198913574219
2016-09-08,9,2,3,0,0,0,37.30373764038086
2016-09-09,9,2,3,0,0,0,35.80309295654297
2016-09-12,9,2,3,0,0,0,36.6131706237793
2016-09-13,9,2,3,0,0,0,35.557411193847656
2016-09-14,9,2,3,0,0,0,35.98236846923828
2016-09-15,9,2,3,0,0,0,36.560054779052734
2016-09-16,9,2,3,0,0,0,36.15501403808594
2016-09-19,9,2,3,0,0,0,36.68621063232422
2016-09-20,9,2,3,0,0,0,36.26125717163086
2016-09-21,9,2,3,0,0,0,37.60918426513672
2016-09-22,9,2,3,0,0,0,37.72206878662109
2016-09-23,9,2,3,0,0,0,37.39670181274414
2016-09-26,9,2,3,0,0,0,36.832305908203125
2016-09-27,9,2,3,0,0,0,37.57598114013672
2016-09-28,9,2,3,0,0,0,37.97438049316406
2016-09-29,9,2,3,0,0,0,36.6928596496582
2016-09-30,9,2,3,0,0,0,37.2307014465332
2016-10-03,10,2,4,0,0,0,37.3170280456543
2016-10-04,10,2,4,0,0,0,36.42062377929688
2016-10-05,10,2,4,0,0,0,37.1310920715332
2016-10-06,10,2,4,0,0,0,36.433895111083984
2016-10-07,10,2,4,0,0,0,36.23469161987305
2016-10-10,10,2,4,0,0,0,36.54677581787109
2016-10-11,10,2,4,0,0,0,34.88677215576172
2016-10-12,10,2,4,0,0,0,35.085968017578125
2016-10-13,10,2,4,0,0,0,34.156368255615234
2016-10-14,10,2,4,0,0,0,34.32901382446289
2016-10-17,10,2,4,0,0,0,34.62117385864258
2016-10-18,10,2,4,0,0,0,35.76325607299805
2016-10-19,10,2,4,0,0,0,36.26789093017578
2016-10-20,10,2,4,0,0,0,35.975738525390625
2016-10-21,10,2,4,0,0,0,35.98236846923828
2016-10-24,10,2,4,0,0,0,36.254615783691406
2016-10-25,10,2,4,0,0,0,36.639739990234375
2016-10-26,10,2,4,0,0,0,36.01557159423828
2016-10-27,10,2,4,0,0,0,35.75661087036133
2016-10-28,10,2,4,0,0,0,35.344932556152344
2016-10-31,10,2,4,0,0,0,36.71942138671875
2016-11-01,11,2,4,0,0,0,36.254615783691406
2016-11-02,11,2,4,0,0,0,36.32765197753906
2016-11-03,11,2,4,0,0,0,36.28118133544922
2016-11-04,11,2,4,0,0,0,34.913326263427734
2016-11-07,11,2,4,0,0,0,37.04478073120117
2016-11-08,11,2,4,0,0,0,37.86149597167969
2016-11-09,11,2,4,0,0,0,36.09525680541992
2016-11-10,11,2,4,0,0,0,34.04348373413086
2016-11-11,11,2,4,0,0,0,32.708831787109375
2016-11-14,11,2,4,0,0,0,32.17099380493164
2016-11-15,11,2,4,0,0,0,33.42595291137695
2016-11-16,11,2,4,0,0,0,33.25995635986328
2016-11-17,11,2,4,0,0,0,33.41268539428711
2016-11-18,11,2,4,0,0,0,33.27323913574219
2016-11-21,11,2,4,0,0,0,33.84428024291992
2016-11-22,11,2,4,0,0,0,35.02621078491211
2016-11-23,11,2,4,0,0,0,33.738040924072266
2016-11-25,11,2,4,0,0,0,33.98371887207031
2016-11-28,11,2,4,0,0,0,34.827003479003906
2016-11-29,11,2,4,0,0,0,34.627811431884766
2016-11-30,11,2,4,0,0,0,33.75796127319336
2016-12-01,12,2,4,0,0,0,33.21347427368164
2016-12-02,12,2,4,0,0,0,33.359554290771484
2016-12-05,12,2,4,0,0,0,34.10988235473633
2016-12-06,12,2,4,0,0,0,33.990360260009766
2016-12-07,12,2,4,0,0,0,35.09260177612305
2016-12-08,12,2,4,0,0,0,35.25860977172852
2016-12-09,12,2,4,0,0,0,35.059410095214844
2016-12-12,12,2,4,0,0,0,35.15237045288086
2016-12-13,12,2,4,0,0,0,35.856204986572266
2016-12-14,12,2,4,0,0,0,34.03019714355469
2016-12-15,12,2,4,0,0,0,33.85756301879883
2016-12-16,12,2,4,0,0,0,33.69156265258789
2016-12-19,12,2,4,0,0,0,33.518917083740234
2016-12-20,12,2,4,0,0,0,34.34891891479492
2016-12-21,12,2,4,0,0,0,34.04690933227539
2016-12-22,12,2,4,0,0,0,33.42946243286133
2016-12-23,12,2,4,0,0,0,33.65094375610352
2016-12-27,12,2,4,0,0,0,33.959659576416016
2016-12-28,12,2,4,0,0,0,34.73147201538086
2016-12-29,12,2,4,0,0,0,36.0938835144043
2016-12-30,12,2,4,0,0,0,35.140869140625
2017-01-03,1,1,1,0,0,0,35.4764404296875
2017-01-04,1,1,1,0,0,0,35.90597152709961
2017-01-05,1,1,1,0,0,0,35.75831604003906
2017-01-06,1,1,1,0,0,0,36.154296875
2017-01-09,1,1,1,0,0,0,36.08717346191406
2017-01-10,1,1,1,0,0,0,36.08045959472656
2017-01-11,1,1,1,0,0,0,36.543548583984375
2017-01-12,1,1,1,0,0,0,36.87240982055664
2017-01-13,1,1,1,0,0,0,37.24153518676758
2017-01-17,1,1,1,0,0,0,37.20126724243164
2017-01-18,1,1,1,0,0,0,36.81871795654297
2017-01-19,1,1,1,0,0,0,36.57710647583008
2017-01-20,1,1,1,0,1,0,36.53683853149414
2017-01-23,1,1,1,0,1,0,37.28179931640625
2017-01-24,1,1,1,0,1,0,37.85226821899414
2017-01-25,1,1,1,0,1,0,38.08717346191406
2017-01-26,1,1,1,0,1,0,37.724754333496094
2017-01-27,1,1,1,0,1,0,36.97978591918945
2017-01-30,1,1,1,0,1,0,36.463016510009766
2017-01-31,1,1,1,0,1,0,36.81871795654297
2017-02-01,2,1,1,0,1,0,36.77173614501953
2017-02-02,2,1,1,0,1,0,36.87240982055664
2017-02-03,2,1,1,0,1,0,37.25496292114258
2017-02-06,2,1,1,0,1,0,36.879127502441406
2017-02-07,2,1,1,0,1,0,36.30193710327149
2017-02-08,2,1,1,0,1,0,36.32879257202149
2017-02-09,2,1,1,0,1,0,36.65763854980469
2017-02-10,2,1,1,0,1,0,37.456302642822266
2017-02-13,2,1,1,0,1,0,37.50999069213867
2017-02-14,2,1,1,0,1,0,37.90596771240234
2017-02-15,2,1,1,0,1,0,38.55696868896485
2017-02-16,2,1,1,0,1,0,38.07374954223633
2017-02-17,2,1,1,0,1,0,37.83885192871094
2017-02-21,2,1,1,0,1,0,37.96636581420898
2017-02-22,2,1,1,0,1,0,38.16770935058594
2017-02-23,2,1,1,0,1,0,38.59723281860352
2017-02-24,2,1,1,0,1,0,38.114017486572266
2017-02-27,2,1,1,0,1,0,37.68449020385742
2017-02-28,2,1,1,0,1,0,36.90596771240234
2017-03-01,3,1,1,0,1,0,37.691200256347656
2017-03-02,3,1,1,0,1,0,37.127437591552734
2017-03-03,3,1,1,0,1,0,37.83213806152344
2017-03-06,3,1,1,0,1,0,37.83213806152344
2017-03-07,3,1,1,0,1,0,37.93281555175781
2017-03-08,3,1,1,0,1,0,37.060333251953125
2017-03-09,3,1,1,0,1,0,36.38248443603516
2017-03-10,3,1,1,0,1,0,37.47643661499024
2017-03-13,3,1,1,0,1,0,38.08046340942383
2017-03-14,3,1,1,0,1,0,37.711334228515625
2017-03-15,3,1,1,0,1,0,39.30193328857422
2017-03-16,3,1,1,0,1,0,39.7918701171875
2017-03-17,3,1,1,0,1,0,39.765018463134766
2017-03-20,3,1,1,0,1,0,40.516700744628906
2017-03-21,3,1,1,0,1,0,40.08716583251953
2017-03-22,3,1,1,0,1,0,40.33549118041992
2017-03-23,3,1,1,0,1,0,40.530120849609375
2017-03-24,3,1,1,0,1,0,40.516700744628906
2017-03-27,3,1,1,0,1,0,39.40931701660156
2017-03-28,3,1,1,0,1,0,39.0871696472168
2017-03-29,3,1,1,0,1,0,38.979793548583984
2017-03-30,3,1,1,0,1,0,38.26837921142578
2017-03-31,3,1,1,0,1,0,37.04019927978516
2017-04-03,4,1,2,0,1,0,36.744895935058594
2017-04-04,4,1,2,0,1,0,37.207984924316406
2017-04-05,4,1,2,0,1,0,36.34220886230469
2017-04-06,4,1,2,0,1,0,36.402618408203125
2017-04-07,4,1,2,0,1,0,36.48986053466797
2017-04-10,4,1,2,0,1,0,36.234825134277344
2017-04-11,4,1,2,0,1,0,37.1140251159668
2017-04-12,4,1,2,0,1,0,38.16100311279297
2017-04-13,4,1,2,0,1,0,38.375762939453125
2017-04-17,4,1,2,0,1,0,39.053619384765625
2017-04-18,4,1,2,0,1,0,38.4361686706543
2017-04-19,4,1,2,0,1,0,38.22140502929688
2017-04-20,4,1,2,0,1,0,38.946231842041016
2017-04-21,4,1,2,0,1,0,38.73817825317383
2017-04-24,4,1,2,0,1,0,39.70461654663086
2017-04-25,4,1,2,0,1,0,39.71133041381836
2017-04-26,4,1,2,0,1,0,39.0871696472168
2017-04-27,4,1,2,0,1,0,38.83885192871094
2017-04-28,4,1,2,0,1,0,39.24824523925781
2017-05-01,5,1,2,0,1,0,39.27509307861328
2017-05-02,5,1,2,0,1,0,39.57039642333984
2017-05-03,5,1,2,0,1,0,39.114013671875
2017-05-04,5,1,2,0,1,0,38.08046340942383
2017-05-05,5,1,2,0,1,0,38.84555816650391
2017-05-08,5,1,2,0,1,0,38.31536483764648
2017-05-09,5,1,2,0,1,0,38.852272033691406
2017-05-10,5,1,2,0,1,0,39.530120849609375
2017-05-11,5,1,2,0,1,0,39.68448638916016
2017-05-12,5,1,2,0,1,0,39.73146057128906
2017-05-15,5,1,2,0,1,0,40.42273712158203
2017-05-16,5,1,2,0,1,0,40.8120002746582
2017-05-17,5,1,2,0,1,0,39.88582611083984
2017-05-18,5,1,2,0,1,0,39.26167297363281
2017-05-19,5,1,2,0,1,0,40.32207107543945
2017-05-22,5,1,2,0,1,0,40.469722747802734
2017-05-23,5,1,2,0,1,0,41.33548355102539
2017-05-24,5,1,2,0,1,0,41.78514862060547
2017-05-25,5,1,2,0,1,0,41.45629501342773
2017-05-26,5,1,2,0,1,0,41.67776870727539
2017-05-30,5,1,2,0,1,0,40.73816680908203
2017-05-31,5,1,2,0,1,0,39.91267395019531
2017-06-01,6,1,2,0,1,0,40.617374420166016
2017-06-02,6,1,2,0,1,0,40.704620361328125
2017-06-05,6,1,2,0,1,0,41.07374572753906
2017-06-06,6,1,2,0,1,0,40.114017486572266
2017-06-07,6,1,2,0,1,0,39.82542037963867
2017-06-08,6,1,2,0,1,0,39.36905288696289
2017-06-09,6,1,2,0,1,0,39.42945098876953
2017-06-12,6,1,2,0,1,0,39.4831428527832
2017-06-13,6,1,2,0,1,0,39.62408065795898
2017-06-14,6,1,2,0,1,0,39.89925003051758
2017-06-15,6,1,2,0,1,0,38.73146057128906
2017-06-16,6,1,2,0,1,0,38.852272033691406
2017-06-19,6,1,2,0,1,0,38.852272033691406
2017-06-20,6,1,2,0,1,0,37.89492416381836
2017-06-21,6,1,2,0,1,0,38.32116317749024
2017-06-22,6,1,2,0,1,0,38.53766632080078
2017-06-23,6,1,2,0,1,0,39.1804084777832
2017-06-26,6,1,2,0,1,0,39.396915435791016
2017-06-27,6,1,2,0,1,0,38.60532379150391
2017-06-28,6,1,2,0,1,0,39.01803207397461
2017-06-29,6,1,2,0,1,0,38.13848114013672
2017-06-30,6,1,2,0,1,0,38.375282287597656
2017-07-03,7,2,3,0,1,0,38.42940902709961
2017-07-05,7,2,3,0,1,0,38.05729675292969
2017-07-06,7,2,3,0,1,0,37.576934814453125
2017-07-07,7,2,3,0,1,0,37.51604080200195
2017-07-10,7,2,3,0,1,0,37.54986572265625
2017-07-11,7,2,3,0,1,0,37.35366439819336
2017-07-12,7,2,3,0,1,0,38.84889602661133
2017-07-13,7,2,3,0,1,0,39.1804084777832
2017-07-14,7,2,3,0,1,0,40.2155647277832
2017-07-17,7,2,3,0,1,0,40.38471221923828
2017-07-18,7,2,3,0,1,0,40.40501022338867
2017-07-19,7,2,3,0,1,0,41.02069091796875
2017-07-20,7,2,3,0,1,0,41.000396728515625
2017-07-21,7,2,3,0,1,0,41.2980842590332
2017-07-24,7,2,3,0,1,0,41.3454475402832
2017-07-25,7,2,3,0,1,0,40.7906608581543
2017-07-26,7,2,3,0,1,0,41.5551872253418
2017-07-27,7,2,3,0,1,0,40.9801025390625
2017-07-28,7,2,3,0,1,0,41.4131088256836
2017-07-31,7,2,3,0,1,0,40.6959342956543
2017-08-01,8,2,3,0,1,0,40.62827301025391
2017-08-02,8,2,3,0,1,0,40.83802032470703
2017-08-03,8,2,3,0,1,0,40.38471221923828
2017-08-04,8,2,3,0,1,0,40.540321350097656
2017-08-07,8,2,3,0,1,0,41.30485153198242
2017-08-08,8,2,3,0,1,0,40.83802032470703
2017-08-09,8,2,3,0,1,0,40.54708862304688
2017-08-10,8,2,3,0,1,0,39.89759063720703
2017-08-11,8,2,3,0,1,0,39.76226806640625
2017-08-14,8,2,3,0,1,0,40.52002334594727
2017-08-15,8,2,3,0,1,0,40.3779411315918
2017-08-16,8,2,3,0,1,0,41.21690368652344
2017-08-17,8,2,3,0,1,0,40.60797500610352
2017-08-18,8,2,3,0,1,0,41.18984222412109
2017-08-21,8,2,3,0,1,0,41.33867645263672
2017-08-22,8,2,3,0,1,0,41.5551872253418
2017-08-23,8,2,3,0,1,0,41.9205436706543
2017-08-24,8,2,3,0,1,0,41.94083023071289
2017-08-25,8,2,3,0,1,0,42.67830657958984
2017-08-28,8,2,3,0,1,0,42.4144287109375
2017-08-29,8,2,3,0,1,0,42.43473052978516
2017-08-30,8,2,3,0,1,0,42.06938171386719
2017-08-31,8,2,3,0,1,0,42.29942321777344
2017-09-01,9,2,3,0,1,0,42.74595642089844
2017-09-05,9,2,3,0,1,0,42.258827209472656
2017-09-06,9,2,3,0,1,0,42.1573371887207
2017-09-07,9,2,3,0,1,0,42.4617919921875
2017-09-08,9,2,3,0,1,0,41.72432708740234
2017-09-11,9,2,3,0,1,0,41.92729187011719
2017-09-12,9,2,3,0,1,0,41.839351654052734
2017-09-13,9,2,3,0,1,0,41.2980842590332
2017-09-14,9,2,3,0,1,0,41.176307678222656
2017-09-15,9,2,3,0,1,0,41.04775619506836
2017-09-18,9,2,3,0,1,0,40.60121154785156
2017-09-19,9,2,3,0,1,0,40.70269775390625
2017-09-20,9,2,3,0,1,0,40.662109375
2017-09-21,9,2,3,0,1,0,40.729766845703125
2017-09-22,9,2,3,0,1,0,40.75682830810547
2017-09-25,9,2,3,0,1,0,40.24263000488281
2017-09-26,9,2,3,0,1,0,39.77579116821289
2017-09-27,9,2,3,0,1,0,39.20746994018555
2017-09-28,9,2,3,0,1,0,39.27513122558594
2017-09-29,9,2,3,0,1,0,39.74872970581055
2017-10-02,10,2,4,0,1,0,39.26837158203125
2017-10-03,10,2,4,0,1,0,39.62018585205078
2017-10-04,10,2,4,0,1,0,40.01259613037109
2017-10-05,10,2,4,0,1,0,40.28998565673828
2017-10-06,10,2,4,0,1,0,40.3441162109375
2017-10-09,10,2,4,0,1,0,40.181739807128906
2017-10-10,10,2,4,0,1,0,40.8041877746582
2017-10-11,10,2,4,0,1,0,41.32514953613281
2017-10-12,10,2,4,0,1,0,41.64990234375
2017-10-13,10,2,4,0,1,0,42.522682189941406
2017-10-16,10,2,4,0,1,0,42.47532653808594
2017-10-17,10,2,4,0,1,0,41.92729187011719
2017-10-18,10,2,4,0,1,0,41.69049453735352
2017-10-19,10,2,4,0,1,0,41.59578323364258
2017-10-20,10,2,4,0,1,0,41.36574935913086
2017-10-23,10,2,4,0,1,0,40.9327392578125
2017-10-24,10,2,4,0,1,0,40.66887664794922
2017-10-25,10,2,4,0,1,0,39.96523284912109
2017-10-26,10,2,4,0,1,0,39.44427490234375
2017-10-27,10,2,4,0,1,0,40.28998565673828
2017-10-30,10,2,4,0,1,0,40.229095458984375
2017-10-31,10,2,4,0,1,0,40.53355407714844
2017-11-01,11,2,4,0,1,0,40.56062698364258
2017-11-02,11,2,4,0,1,0,40.94626998901367
2017-11-03,11,2,4,0,1,0,40.45237350463867
2017-11-06,11,2,4,0,1,0,40.87861251831055
2017-11-07,11,2,4,0,1,0,40.50649642944336
2017-11-08,11,2,4,0,1,0,40.78388214111328
2017-11-09,11,2,4,0,1,0,40.62827301025391
2017-11-10,11,2,4,0,1,0,39.94493865966797
2017-11-13,11,2,4,0,1,0,39.81639099121094
2017-11-14,11,2,4,0,1,0,39.82992172241211
2017-11-15,11,2,4,0,1,0,39.843448638916016
2017-11-16,11,2,4,0,1,0,40.953033447265625
2017-11-17,11,2,4,0,1,0,42.238525390625
2017-11-20,11,2,4,0,1,0,42.52944946289063
2017-11-21,11,2,4,0,1,0,43.00305938720703
2017-11-22,11,2,4,0,1,0,42.92186737060547
2017-11-24,11,2,4,0,1,0,42.47532653808594
2017-11-27,11,2,4,0,1,0,42.68506240844727
2017-11-28,11,2,4,0,1,0,43.64580154418945
2017-11-29,11,2,4,0,1,0,43.56461715698242
2017-11-30,11,2,4,0,1,0,43.31428146362305
2017-12-01,12,2,4,0,1,0,42.96245956420898
2017-12-04,12,2,4,0,1,0,43.12483596801758
2017-12-05,12,2,4,0,1,0,43.35487747192383
2017-12-06,12,2,4,0,1,0,42.04908752441406
2017-12-07,12,2,4,0,1,0,41.35221481323242
2017-12-08,12,2,4,0,1,0,41.575477600097656
2017-12-11,12,2,4,0,1,0,41.379276275634766
2017-12-12,12,2,4,0,1,0,40.50649642944336
2017-12-13,12,2,4,0,1,0,41.73109436035156
2017-12-14,12,2,4,0,1,0,41.54165267944336
2017-12-15,12,2,4,0,1,0,42.56328201293945
2017-12-18,12,2,4,0,1,0,44.60653305053711
2017-12-19,12,2,4,0,1,0,45.0142707824707
2017-12-20,12,2,4,0,1,0,45.06207275390625
2017-12-21,12,2,4,0,1,0,45.663082122802734
2017-12-22,12,2,4,0,1,0,46.23678207397461
2017-12-26,12,2,4,0,1,0,46.86510467529297
2017-12-27,12,2,4,0,1,0,47.288536071777344
2017-12-28,12,2,4,0,1,0,47.17243957519531
2017-12-29,12,2,4,0,1,0,47.80076599121094
2018-01-02,1,1,1,0,1,0,47.7666244506836
2018-01-03,1,1,1,0,1,0,47.97150802612305
2018-01-04,1,1,1,0,1,0,47.78711700439453
2018-01-05,1,1,1,0,1,0,48.19004821777344
2018-01-08,1,1,1,0,1,0,47.60270309448242
2018-01-09,1,1,1,0,1,0,47.9305305480957
2018-01-10,1,1,1,0,1,0,47.29537963867188
2018-01-11,1,1,1,0,1,0,46.926570892333984
2018-01-12,1,1,1,0,1,0,47.4934196472168
2018-01-16,1,1,1,0,1,0,47.91004943847656
2018-01-17,1,1,1,0,1,0,48.70227813720703
2018-01-18,1,1,1,0,1,0,49.412559509277344
2018-01-19,1,1,1,0,1,0,49.05742645263672
2018-01-22,1,1,1,0,1,0,50.191139221191406
2018-01-23,1,1,1,0,1,0,50.57361602783203
2018-01-24,1,1,1,0,1,0,51.17461395263672
2018-01-25,1,1,1,0,1,0,51.39316940307617
2018-01-26,1,1,1,0,1,0,51.89173126220703
2018-01-29,1,1,1,0,1,0,49.80186080932617
2018-01-30,1,1,1,0,1,0,48.88668441772461
2018-01-31,1,1,1,0,1,0,49.269142150878906
2018-02-01,2,1,1,0,1,0,48.70227813720703
2018-02-02,2,1,1,0,1,0,46.974388122558594
2018-02-05,2,1,1,0,1,0,44.5771598815918
2018-02-06,2,1,1,0,1,0,47.17243957519531
2018-02-07,2,1,1,0,1,0,45.97724533081055
2018-02-08,2,1,1,0,1,0,44.017127990722656
2018-02-09,2,1,1,0,1,0,45.28744888305664
2018-02-12,2,1,1,0,1,0,46.64655685424805
2018-02-13,2,1,1,0,1,0,47.500267028808594
2018-02-14,2,1,1,0,1,0,49.31695556640625
2018-02-15,2,1,1,0,1,0,51.27707290649414
2018-02-16,2,1,1,0,1,0,50.71019744873047
2018-02-20,2,1,1,0,1,0,49.234989166259766
2018-02-21,2,1,1,0,1,0,49.37841796875
2018-02-22,2,1,1,0,1,0,49.412559509277344
2018-02-23,2,1,1,0,1,0,51.42049026489258
2018-02-26,2,1,1,0,1,0,51.42731094360352
2018-02-27,2,1,1,0,1,0,49.46720504760742
2018-02-28,2,1,1,0,1,0,48.73643112182617
2018-03-01,3,1,1,0,1,0,48.64081573486328
2018-03-02,3,1,1,0,1,0,48.99595260620117
2018-03-05,3,1,1,0,1,0,49.39891052246094
2018-03-06,3,1,1,0,1,0,50.279930114746094
2018-03-07,3,1,1,0,1,0,50.437007904052734
2018-03-08,3,1,1,0,1,0,50.2867546081543
2018-03-09,3,1,1,0,1,0,50.80581283569336
2018-03-12,3,1,1,0,1,0,50.37554168701172
2018-03-13,3,1,1,0,1,0,49.6379508972168
2018-03-14,3,1,1,0,1,0,49.39207458496094
2018-03-15,3,1,1,0,1,0,48.62032318115234
2018-03-16,3,1,1,0,1,0,48.08761596679688
2018-03-19,3,1,1,0,1,0,47.752960205078125
2018-03-20,3,1,1,0,1,0,48.77058410644531
2018-03-21,3,1,1,0,1,0,49.28281021118164
2018-03-22,3,1,1,0,1,0,47.43196487426758
2018-03-23,3,1,1,0,1,0,46.7216796875
2018-03-26,3,1,1,0,1,0,48.75008392333984
2018-03-27,3,1,1,0,1,0,47.35000991821289
2018-03-28,3,1,1,0,1,0,46.26409912109375
2018-03-29,3,1,1,0,1,0,46.91973876953125
2018-04-02,4,1,2,0,1,0,45.792850494384766
2018-04-03,4,1,2,0,1,0,46.250431060791016
2018-04-04,4,1,2,0,1,0,46.45531463623047
2018-04-05,4,1,2,0,1,0,46.51679611206055
2018-04-06,4,1,2,0,1,0,45.54697799682617
2018-04-09,4,1,2,0,1,0,45.717716217041016
2018-04-10,4,1,2,0,1,0,46.64655685424805
2018-04-11,4,1,2,0,1,0,46.42800521850586
2018-04-12,4,1,2,0,1,0,46.15481948852539
2018-04-13,4,1,2,0,1,0,45.90895080566406
2018-04-16,4,1,2,0,1,0,46.47581100463867
2018-04-17,4,1,2,0,1,0,46.81729507446289
2018-04-18,4,1,2,0,1,0,47.73247528076172
2018-04-19,4,1,2,0,1,0,47.34317398071289
2018-04-20,4,1,2,0,1,0,46.7216796875
2018-04-23,4,1,2,0,1,0,45.560638427734375
2018-04-24,4,1,2,0,1,0,45.17818069458008
2018-04-25,4,1,2,0,1,0,44.61814880371094
2018-04-26,4,1,2,0,1,0,45.47867965698242
2018-04-27,4,1,2,0,1,0,45.87479782104492
2018-04-30,4,1,2,0,1,0,44.96645736694336
2018-05-01,5,1,2,0,1,0,44.399600982666016
2018-05-02,5,1,2,0,1,0,44.23567962646485
2018-05-03,5,1,2,0,1,0,44.18104934692383
2018-05-04,5,1,2,0,1,0,44.829864501953125
2018-05-07,5,1,2,0,1,0,44.61131286621094
2018-05-08,5,1,2,0,1,0,44.50204086303711
2018-05-09,5,1,2,0,1,0,44.78205871582031
2018-05-10,5,1,2,0,1,0,46.13433456420898
2018-05-11,5,1,2,0,1,0,46.359710693359375
2018-05-14,5,1,2,0,1,0,46.08652114868164
2018-05-15,5,1,2,0,1,0,44.08543395996094
2018-05-16,5,1,2,0,1,0,45.26696395874024
2018-05-17,5,1,2,0,1,0,44.30398178100586
2018-05-18,5,1,2,0,1,0,43.07464218139648
2018-05-21,5,1,2,0,1,0,42.95854187011719
2018-05-22,5,1,2,0,1,0,44.09909439086914
2018-05-23,5,1,2,0,1,0,44.31764221191406
2018-05-24,5,1,2,0,1,0,44.11274719238281
2018-05-25,5,1,2,0,1,0,44.017127990722656
2018-05-29,5,1,2,0,1,0,41.968238830566406
2018-05-30,5,1,2,0,1,0,42.91756057739258
2018-05-31,5,1,2,0,1,0,42.50094985961914
2018-06-01,6,1,2,0,1,0,43.68931579589844
2018-06-04,6,1,2,0,1,0,44.61131286621094
2018-06-05,6,1,2,0,1,0,43.05415725708008
2018-06-06,6,1,2,0,1,0,43.94884490966797
2018-06-07,6,1,2,0,1,0,42.41899871826172
2018-06-08,6,1,2,0,1,0,42.41217041015625
2018-06-11,6,1,2,0,1,0,41.7906608581543
2018-06-12,6,1,2,0,1,0,41.141849517822266
2018-06-13,6,1,2,0,1,0,41.23746490478516
2018-06-14,6,1,2,0,1,0,41.141849517822266
2018-06-15,6,1,2,0,1,0,40.80720138549805
2018-06-18,6,1,2,0,1,0,39.51639175415039
2018-06-19,6,1,2,0,1,0,38.55072021484375
2018-06-20,6,1,2,0,1,0,39.126102447509766
2018-06-21,6,1,2,0,1,0,39.133033752441406
2018-06-22,6,1,2,0,1,0,40.20062255859375
2018-06-25,6,1,2,0,1,0,39.27168655395508
2018-06-26,6,1,2,0,1,0,38.86267852783203
2018-06-27,6,1,2,0,1,0,37.191986083984375
2018-06-28,6,1,2,0,1,0,38.46060180664063
2018-06-29,6,1,2,0,1,0,39.90252685546875
2018-07-02,7,2,3,0,1,0,39.43806076049805
2018-07-03,7,2,3,0,1,0,39.79853820800781
2018-07-05,7,2,3,0,1,0,40.37392425537109
2018-07-06,7,2,3,0,1,0,40.69281005859375
2018-07-09,7,2,3,0,1,0,41.94063568115234
2018-07-10,7,2,3,0,1,0,41.90596771240234
2018-07-11,7,2,3,0,1,0,40.505638122558594
2018-07-12,7,2,3,0,1,0,41.05329132080078
2018-07-13,7,2,3,0,1,0,40.81759262084961
2018-07-16,7,2,3,0,1,0,40.29766845703125
2018-07-17,7,2,3,0,1,0,41.03942489624024
2018-07-18,7,2,3,0,1,0,40.93544387817383
2018-07-19,7,2,3,0,1,0,39.944114685058594
2018-07-20,7,2,3,0,1,0,40.96317672729492
2018-07-23,7,2,3,0,1,0,40.20754623413086
2018-07-24,7,2,3,0,1,0,41.10874938964844
2018-07-25,7,2,3,0,1,0,41.87130737304688
2018-07-26,7,2,3,0,1,0,41.23353576660156
2018-07-27,7,2,3,0,1,0,41.65639877319336
2018-07-30,7,2,3,0,1,0,41.94063568115234
2018-07-31,7,2,3,0,1,0,42.41896057128906
2018-08-01,8,2,3,0,1,0,41.78118515014648
2018-08-02,8,2,3,0,1,0,40.56803131103516
2018-08-03,8,2,3,0,1,0,41.295928955078125
2018-08-06,8,2,3,0,1,0,40.66508102416992
2018-08-07,8,2,3,0,1,0,41.44843673706055
2018-08-08,8,2,3,0,1,0,41.61481475830078
2018-08-09,8,2,3,0,1,0,40.7760009765625
2018-08-10,8,2,3,0,1,0,38.82801818847656
2018-08-13,8,2,3,0,1,0,37.642574310302734
2018-08-14,8,2,3,0,1,0,38.342750549316406
2018-08-15,8,2,3,0,1,0,36.24918746948242
2018-08-16,8,2,3,0,1,0,36.17985916137695
2018-08-17,8,2,3,0,1,0,36.84537124633789
2018-08-20,8,2,3,0,1,0,37.02560806274414
2018-08-21,8,2,3,0,1,0,38.037723541259766
2018-08-22,8,2,3,0,1,0,39.299407958984375
2018-08-23,8,2,3,0,1,0,38.2664909362793
2018-08-24,8,2,3,0,1,0,39.63216018676758
2018-08-27,8,2,3,0,1,0,40.49869918823242
2018-08-28,8,2,3,0,1,0,40.505638122558594
2018-08-29,8,2,3,0,1,0,40.19369125366211
2018-08-30,8,2,3,0,1,0,37.63564682006836
2018-08-31,8,2,3,0,1,0,38.037723541259766
2018-09-04,9,2,3,0,1,0,35.34104537963867
2018-09-05,9,2,3,0,1,0,34.66168212890625
2018-09-06,9,2,3,0,1,0,35.029090881347656
2018-09-07,9,2,3,0,1,0,35.19547271728516
2018-09-10,9,2,3,0,1,0,35.0429573059082
2018-09-11,9,2,3,0,1,0,35.47969055175781
2018-09-12,9,2,3,0,1,0,35.61833953857422
2018-09-13,9,2,3,0,1,0,36.04121398925781
2018-09-14,9,2,3,0,1,0,35.5975456237793
2018-09-17,9,2,3,0,1,0,35.47276306152344
2018-09-18,9,2,3,0,1,0,35.74312973022461
2018-09-19,9,2,3,0,1,0,36.60966873168945
2018-09-20,9,2,3,0,1,0,37.51780319213867
2018-09-21,9,2,3,0,1,0,38.05852127075195
2018-09-24,9,2,3,0,1,0,37.6079216003418
2018-09-25,9,2,3,0,1,0,37.62178421020508
2018-09-26,9,2,3,0,1,0,37.808963775634766
2018-09-27,9,2,3,0,1,0,37.62178421020508
2018-09-28,9,2,3,0,1,0,37.191986083984375
2018-10-01,10,2,4,0,1,0,37.10186004638672
2018-10-02,10,2,4,0,1,0,36.37396240234375
2018-10-03,10,2,4,0,1,0,35.146934509277344
2018-10-04,10,2,4,0,1,0,34.34279251098633
2018-10-05,10,2,4,0,1,0,34.3774528503418
2018-10-08,10,2,4,0,1,0,34.39131546020508
2018-10-09,10,2,4,0,1,0,34.80032730102539
2018-10-10,10,2,4,0,1,0,33.3930549621582
2018-10-11,10,2,4,0,1,0,33.02565002441406
2018-10-12,10,2,4,0,1,0,34.8419303894043
2018-10-15,10,2,4,0,1,0,34.5784912109375
2018-10-16,10,2,4,0,1,0,36.068939208984375
2018-10-17,10,2,4,0,1,0,35.0429573059082
2018-10-18,10,2,4,0,1,0,33.87139129638672
2018-10-19,10,2,4,0,1,0,34.287330627441406
2018-10-22,10,2,4,0,1,0,34.68247604370117
2018-10-23,10,2,4,0,1,0,34.57155227661133
2018-10-24,10,2,4,0,1,0,32.672096252441406
2018-10-25,10,2,4,0,1,0,33.71887969970703
2018-10-26,10,2,4,0,1,0,33.47624969482422
2018-10-29,10,2,4,0,1,0,32.887001037597656
2018-10-30,10,2,4,0,1,0,33.56636428833008
2018-10-31,10,2,4,0,1,0,33.46238327026367
2018-11-01,11,2,4,0,1,0,35.70846176147461
2018-11-02,11,2,4,0,1,0,36.2283821105957
2018-11-05,11,2,4,0,1,0,37.08799743652344
2018-11-06,11,2,4,0,1,0,37.04640579223633
2018-11-07,11,2,4,0,1,0,38.5992431640625
2018-11-08,11,2,4,0,1,0,36.74137496948242
2018-11-09,11,2,4,0,1,0,35.96495819091797
2018-11-12,11,2,4,0,1,0,34.786468505859375
2018-11-13,11,2,4,0,1,0,35.029090881347656
2018-11-14,11,2,4,0,1,0,34.98749923706055
2018-11-15,11,2,4,0,1,0,36.53341293334961
2018-11-16,11,2,4,0,1,0,36.9146842956543
2018-11-19,11,2,4,0,1,0,36.26997756958008
2018-11-20,11,2,4,0,1,0,35.52821731567383
2018-11-21,11,2,4,0,1,0,36.00654983520508
2018-11-23,11,2,4,0,1,0,35.95109558105469
2018-11-26,11,2,4,0,1,0,37.03946685791016
2018-11-27,11,2,4,0,1,0,37.23357772827149
2018-11-28,11,2,4,0,1,0,38.38434219360352
2018-11-29,11,2,4,0,1,0,38.04466247558594
2018-11-30,11,2,4,0,1,0,36.63045883178711
2018-12-03,12,2,4,0,1,0,37.99613571166992
2018-12-04,12,2,4,0,1,0,37.018672943115234
2018-12-06,12,2,4,0,1,0,36.47795104980469
2018-12-07,12,2,4,0,1,0,35.09841537475586
2018-12-10,12,2,4,0,1,0,34.481441497802734
2018-12-11,12,2,4,0,1,0,34.95977020263672
2018-12-12,12,2,4,0,1,0,36.20065689086914
2018-12-13,12,2,4,0,1,0,36.027347564697266
2018-12-14,12,2,4,0,1,0,35.0706901550293
2018-12-17,12,2,4,0,1,0,34.69633865356445
2018-12-18,12,2,4,0,1,0,34.9917106628418
2018-12-19,12,2,4,0,1,0,34.30463790893555
2018-12-20,12,2,4,0,1,0,35.06254577636719
2018-12-21,12,2,4,0,1,0,34.4463005065918
2018-12-24,12,2,4,0,1,0,34.60213088989258
2018-12-26,12,2,4,0,1,0,35.53712844848633
2018-12-27,12,2,4,0,1,0,35.430877685546875
2018-12-28,12,2,4,0,1,0,35.81338119506836
2018-12-31,12,2,4,0,1,0,35.735469818115234
2019-01-02,1,1,1,0,1,0,35.62213134765625
2019-01-03,1,1,1,0,1,0,35.7283821105957
2019-01-04,1,1,1,0,1,0,37.676300048828125
2019-01-07,1,1,1,0,1,0,37.18755340576172
2019-01-08,1,1,1,0,1,0,37.20171737670898
2019-01-09,1,1,1,0,1,0,38.15797424316406
2019-01-10,1,1,1,0,1,0,38.930057525634766
2019-01-11,1,1,1,0,1,0,38.57588195800781
2019-01-14,1,1,1,0,1,0,38.42713928222656
2019-01-15,1,1,1,0,1,0,38.70339584350586
2019-01-16,1,1,1,0,1,0,39.4400520324707
2019-01-17,1,1,1,0,1,0,39.07172393798828
2019-01-18,1,1,1,0,1,0,38.80964279174805
2019-01-22,1,1,1,0,1,0,38.3988037109375
2019-01-23,1,1,1,0,1,0,38.717552185058594
2019-01-24,1,1,1,0,1,0,39.1638069152832
2019-01-25,1,1,1,0,1,0,39.454219818115234
2019-01-28,1,1,1,0,1,0,39.17797470092773
2019-01-29,1,1,1,0,1,0,39.56047439575195
2019-01-30,1,1,1,0,1,0,40.64422607421875
2019-01-31,1,1,1,0,1,0,40.80005645751953
2019-02-01,2,1,1,0,1,0,40.03505706787109
2019-02-04,2,1,1,0,1,0,39.4258918762207
2019-02-05,2,1,1,0,1,0,40.37505340576172
2019-02-06,2,1,1,0,1,0,39.19922256469727
2019-02-07,2,1,1,0,1,0,38.79547119140625
2019-02-08,2,1,1,0,1,0,38.41297912597656
2019-02-11,2,1,1,0,1,0,37.78963470458984
2019-02-12,2,1,1,0,1,0,38.12963485717773
2019-02-13,2,1,1,0,1,0,37.26547622680664
2019-02-14,2,1,1,0,1,0,37.286720275878906
2019-02-15,2,1,1,0,1,0,37.3079719543457
2019-02-19,2,1,1,0,1,0,38.15797424316406
2019-02-20,2,1,1,0,1,0,38.30672454833984
2019-02-21,2,1,1,0,1,0,38.10838317871094
2019-02-22,2,1,1,0,1,0,38.47672271728516
2019-02-25,2,1,1,0,1,0,39.12838745117188
2019-02-26,2,1,1,0,1,0,39.25588607788086
2019-02-27,2,1,1,0,1,0,38.60422134399414
2019-02-28,2,1,1,0,1,0,38.03046798706055
2019-03-01,3,1,1,0,1,0,37.52047729492188
2019-03-04,3,1,1,0,1,0,37.52047729492188
2019-03-05,3,1,1,0,1,0,37.89588928222656
2019-03-06,3,1,1,0,1,0,37.45672607421875
2019-03-07,3,1,1,0,1,0,36.55713272094727
2019-03-08,3,1,1,0,1,0,36.7838020324707
2019-03-11,3,1,1,0,1,0,37.13796615600586
2019-03-12,3,1,1,0,1,0,37.25130081176758
2019-03-13,3,1,1,0,1,0,36.868797302246094
2019-03-14,3,1,1,0,1,0,36.5713005065918
2019-03-15,3,1,1,0,1,0,37.32213592529297
2019-03-18,3,1,1,0,1,0,37.73296737670898
2019-03-19,3,1,1,0,1,0,37.42130279541016
2019-03-20,3,1,1,0,1,0,37.82505798339844
2019-03-21,3,1,1,0,1,0,37.8675537109375
2019-03-22,3,1,1,0,1,0,36.23838424682617
2019-03-25,3,1,1,0,1,0,36.5642204284668
2019-03-26,3,1,1,0,1,0,36.45797348022461
2019-03-27,3,1,1,0,1,0,36.30921936035156
2019-03-28,3,1,1,0,1,0,36.3162956237793
2019-03-29,3,1,1,0,1,0,37.067138671875
2019-04-01,4,1,2,0,1,0,38.540470123291016
2019-04-02,4,1,2,0,1,0,38.17213439941406
2019-04-03,4,1,2,0,1,0,38.98672103881836
2019-04-04,4,1,2,0,1,0,39.04338455200195
2019-04-05,4,1,2,0,1,0,39.319637298583984
2019-04-08,4,1,2,0,1,0,39.36214065551758
2019-04-09,4,1,2,0,1,0,39.52505493164063
2019-04-10,4,1,2,0,1,0,40.58755874633789
2019-04-11,4,1,2,0,1,0,40.15547180175781
2019-04-12,4,1,2,0,1,0,40.34672164916992
2019-04-15,4,1,2,0,1,0,40.26172637939453
2019-04-16,4,1,2,0,1,0,40.81421661376953
2019-04-17,4,1,2,0,1,0,40.91339111328125
2019-04-18,4,1,2,0,1,0,41.203800201416016
2019-04-22,4,1,2,0,1,0,40.87797164916992
2019-04-23,4,1,2,0,1,0,40.67964172363281
2019-04-24,4,1,2,0,1,0,39.46839141845703
2019-04-25,4,1,2,0,1,0,39.63838958740234
2019-04-26,4,1,2,0,1,0,40.18380355834961
2019-04-29,4,1,2,0,1,0,39.96422576904297
2019-04-30,4,1,2,0,1,0,40.10588836669922
2019-05-01,5,1,2,0,1,0,39.38338470458984
2019-05-02,5,1,2,0,1,0,39.68089294433594
2019-05-03,5,1,2,0,1,0,40.64422607421875
2019-05-06,5,1,2,0,1,0,39.971309661865234
2019-05-07,5,1,2,0,1,0,39.46839141845703
2019-05-08,5,1,2,0,1,0,39.4400520324707
2019-05-09,5,1,2,0,1,0,38.87339019775391
2019-05-10,5,1,2,0,1,0,39.86505126953125
2019-05-13,5,1,2,0,1,0,38.77421951293945
2019-05-14,5,1,2,0,1,0,38.79547119140625
2019-05-15,5,1,2,0,1,0,38.68213653564453
2019-05-16,5,1,2,0,1,0,38.49796676635742
2019-05-17,5,1,2,0,1,0,37.74714279174805
2019-05-20,5,1,2,0,1,0,37.54879379272461
2019-05-21,5,1,2,0,1,0,37.485050201416016
2019-05-22,5,1,2,0,1,0,37.20171737670898
2019-05-23,5,1,2,0,1,0,35.962135314941406
2019-05-24,5,1,2,0,1,0,36.18171691894531
2019-05-28,5,1,2,0,1,0,35.23255157470703
2019-05-29,5,1,2,0,1,0,36.48629760742188
2019-05-30,5,1,2,0,1,0,36.84046936035156
2019-05-31,5,1,2,0,1,0,37.44255447387695
2019-06-03,6,1,2,0,1,0,38.080055236816406
2019-06-04,6,1,2,0,1,0,37.477970123291016
2019-06-05,6,1,2,0,1,0,36.93963623046875
2019-06-06,6,1,2,0,1,0,36.8121337890625
2019-06-07,6,1,2,0,1,0,37.15213394165039
2019-06-10,6,1,2,0,1,0,38.02338409423828
2019-06-11,6,1,2,0,1,0,38.62546920776367
2019-06-12,6,1,2,0,1,0,37.95964050292969
2019-06-13,6,1,2,0,1,0,37.79671859741211
2019-06-14,6,1,2,0,1,0,37.5912971496582
2019-06-17,6,1,2,0,1,0,37.84189224243164
2019-06-18,6,1,2,0,1,0,39.09117889404297
2019-06-19,6,1,2,0,1,0,39.85382461547852
2019-06-20,6,1,2,0,1,0,40.0935173034668
2019-06-21,6,1,2,0,1,0,39.97003555297852
2019-06-24,6,1,2,0,1,0,39.40349960327149
2019-06-25,6,1,2,0,1,0,39.02580261230469
2019-06-26,6,1,2,0,1,0,39.585086822509766
2019-06-27,6,1,2,0,1,0,39.628665924072266
2019-06-28,6,1,2,0,1,0,39.70855712890625
2019-07-01,7,2,3,0,1,0,39.85382461547852
2019-07-02,7,2,3,0,1,0,39.73760986328125
2019-07-03,7,2,3,0,1,0,39.628665924072266
2019-07-05,7,2,3,0,1,0,39.13475799560547
2019-07-08,7,2,3,0,1,0,39.280029296875
2019-07-09,7,2,3,0,1,0,38.63359069824219
2019-07-10,7,2,3,0,1,0,39.577823638916016
2019-07-11,7,2,3,0,1,0,39.316349029541016
2019-07-12,7,2,3,0,1,0,39.468868255615234
2019-07-15,7,2,3,0,1,0,39.788455963134766
2019-07-16,7,2,3,0,1,0,39.81751251220703
2019-07-17,7,2,3,0,1,0,39.38898086547852
2019-07-18,7,2,3,0,1,0,40.31141662597656
2019-07-19,7,2,3,0,1,0,39.88288116455078
2019-07-22,7,2,3,0,1,0,39.875614166259766
2019-07-23,7,2,3,0,1,0,39.96277618408203
2019-07-24,7,2,3,0,1,0,39.904666900634766
2019-07-25,7,2,3,0,1,0,38.902339935302734
2019-07-26,7,2,3,0,1,0,38.50284194946289
2019-07-29,7,2,3,0,1,0,39.08391189575195
2019-07-30,7,2,3,0,1,0,38.56821441650391
2019-07-31,7,2,3,0,1,0,37.53682708740234
2019-08-01,8,2,3,0,1,0,36.636173248291016
2019-08-02,8,2,3,0,1,0,36.381961822509766
2019-08-05,8,2,3,0,1,0,35.25615310668945
2019-08-06,8,2,3,0,1,0,35.5684700012207
2019-08-07,8,2,3,0,1,0,35.37236022949219
2019-08-08,8,2,3,0,1,0,35.32151412963867
2019-08-09,8,2,3,0,1,0,34.48623275756836
2019-08-12,8,2,3,0,1,0,34.166648864746094
2019-08-13,8,2,3,0,1,0,34.48623275756836
2019-08-14,8,2,3,0,1,0,33.062625885009766
2019-08-15,8,2,3,0,1,0,33.6727409362793
2019-08-16,8,2,3,0,1,0,33.78895568847656
2019-08-19,8,2,3,0,1,0,33.38947296142578
2019-08-20,8,2,3,0,1,0,33.483890533447266
2019-08-21,8,2,3,0,1,0,34.36275863647461
2019-08-22,8,2,3,0,1,0,33.86885452270508
2019-08-23,8,2,3,0,1,0,33.2805290222168
2019-08-26,8,2,3,0,1,0,33.6727409362793
2019-08-27,8,2,3,0,1,0,33.30957794189453
2019-08-28,8,2,3,0,1,0,33.7308464050293
2019-08-29,8,2,3,0,1,0,33.85432815551758
2019-08-30,8,2,3,0,1,0,34.77677154541016
2019-09-03,9,2,3,0,1,0,35.01645278930664
2019-09-04,9,2,3,0,1,0,35.69921112060547
2019-09-05,9,2,3,0,1,0,36.033321380615234
2019-09-06,9,2,3,0,1,0,36.12774658203125
2019-09-09,9,2,3,0,1,0,36.171329498291016
2019-09-10,9,2,3,0,1,0,36.374698638916016
2019-09-11,9,2,3,0,1,0,36.88312911987305
2019-09-12,9,2,3,0,1,0,37.471458435058594
2019-09-13,9,2,3,0,1,0,37.95084381103516
2019-09-16,9,2,3,0,1,0,38.24863815307617
2019-09-17,9,2,3,0,1,0,37.667572021484375
2019-09-18,9,2,3,0,1,0,37.333457946777344
2019-09-19,9,2,3,0,1,0,36.7596549987793
2019-09-20,9,2,3,0,1,0,36.40375518798828
2019-09-23,9,2,3,0,1,0,36.251224517822266
2019-09-24,9,2,3,0,1,0,36.207645416259766
2019-09-25,9,2,3,0,1,0,35.51762390136719
2019-09-26,9,2,3,0,1,0,35.57572555541992
2019-09-27,9,2,3,0,1,0,34.79129409790039
2019-09-30,9,2,3,0,1,0,34.46444320678711
2019-10-01,10,2,4,0,1,0,34.304649353027344
2019-10-02,10,2,4,0,1,0,34.12307357788086
2019-10-03,10,2,4,0,1,0,34.566123962402344
2019-10-04,10,2,4,0,1,0,35.19078063964844
2019-10-07,10,2,4,0,1,0,34.958351135253906
2019-10-08,10,2,4,0,1,0,34.646026611328125
2019-10-09,10,2,4,0,1,0,34.81308364868164
2019-10-10,10,2,4,0,1,0,35.51762390136719
2019-10-11,10,2,4,0,1,0,36.59259033203125
2019-10-14,10,2,4,0,1,0,36.3529052734375
2019-10-15,10,2,4,0,1,0,36.381961822509766
2019-10-16,10,2,4,0,1,0,36.57080078125
2019-10-17,10,2,4,0,1,0,36.9630241394043
2019-10-18,10,2,4,0,1,0,37.00660705566406
2019-10-21,10,2,4,0,1,0,37.35524368286133
2019-10-22,10,2,4,0,1,0,37.74020385742188
2019-10-23,10,2,4,0,1,0,37.36977767944336
2019-10-24,10,2,4,0,1,0,36.92671203613281
2019-10-25,10,2,4,0,1,0,37.01386642456055
2019-10-28,10,2,4,0,1,0,37.56587600708008
2019-10-29,10,2,4,0,1,0,37.11554718017578
2019-10-30,10,2,4,0,1,0,36.28753662109375
2019-10-31,10,2,4,0,1,0,36.02605438232422
2019-11-01,11,2,4,0,1,0,36.3238525390625
2019-11-04,11,2,4,0,1,0,37.02113342285156
2019-11-05,11,2,4,0,1,0,37.52230072021485
2019-11-06,11,2,4,0,1,0,37.56587600708008
2019-11-07,11,2,4,0,1,0,37.71841430664063
2019-11-08,11,2,4,0,1,0,37.12281799316406
2019-11-11,11,2,4,0,1,0,36.9484977722168
2019-11-12,11,2,4,0,1,0,36.73786544799805
2019-11-13,11,2,4,0,1,0,36.71607208251953
2019-11-14,11,2,4,0,1,0,36.95576477050781
2019-11-15,11,2,4,0,1,0,37.18819046020508
2019-11-18,11,2,4,0,1,0,37.16639709472656
2019-11-19,11,2,4,0,1,0,37.42061233520508
2019-11-20,11,2,4,0,1,0,37.71114349365234
2019-11-21,11,2,4,0,1,0,37.63851547241211
2019-11-22,11,2,4,0,1,0,37.34798049926758
2019-11-25,11,2,4,0,1,0,37.11554718017578
2019-11-26,11,2,4,0,1,0,36.46912384033203
2019-11-27,11,2,4,0,1,0,36.29479598999024
2019-11-29,11,2,4,0,1,0,35.989742279052734
2019-12-02,12,2,4,0,1,0,35.68467712402344
2019-12-03,12,2,4,0,1,0,35.6411018371582
2019-12-04,12,2,4,0,1,0,35.982479095458984
2019-12-05,12,2,4,0,1,0,35.69194793701172
2019-12-06,12,2,4,0,1,0,35.81542205810547
2019-12-09,12,2,4,0,1,0,35.40141296386719
2019-12-10,12,2,4,0,1,0,35.32151412963867
2019-12-11,12,2,4,0,1,0,36.09869384765625
2019-12-12,12,2,4,0,1,0,36.5853385925293
2019-12-13,12,2,4,0,1,0,37.03566360473633
2019-12-16,12,2,4,0,1,0,37.73580551147461
2019-12-17,12,2,4,0,1,0,38.135887145996094
2019-12-18,12,2,4,0,1,0,39.024070739746094
2019-12-19,12,2,4,0,1,0,38.920047760009766
2019-12-20,12,2,4,0,1,0,38.91204833984375
2019-12-23,12,2,4,0,1,0,38.76802444458008
2019-12-24,12,2,4,0,1,0,38.9360466003418
2019-12-26,12,2,4,0,1,0,39.36813735961914
2019-12-27,12,2,4,0,1,0,39.53617477416992
2019-12-30,12,2,4,0,1,0,39.20011138916016
2019-12-31,12,2,4,0,1,0,39.24811553955078
2020-01-02,1,1,1,0,1,0,39.59218978881836
2020-01-03,1,1,1,0,1,0,38.527976989746094
2020-01-06,1,1,1,0,1,0,38.720008850097656
2020-01-07,1,1,1,0,1,0,38.31193161010742
2020-01-08,1,1,1,0,1,0,38.69600677490234
2020-01-09,1,1,1,0,1,0,38.38394165039063
2020-01-10,1,1,1,0,1,0,38.519962310791016
2020-01-13,1,1,1,0,1,0,38.53596878051758
2020-01-14,1,1,1,0,1,0,38.5999870300293
2020-01-15,1,1,1,0,1,0,38.63999176025391
2020-01-16,1,1,1,0,1,0,38.76802444458008
2020-01-17,1,1,1,0,1,0,38.83203125
2020-01-21,1,1,1,0,0,0,37.99986267089844
2020-01-22,1,1,1,0,0,0,38.60798645019531
2020-01-23,1,1,1,0,0,0,38.031864166259766
2020-01-24,1,1,1,0,0,0,38.09588623046875
2020-01-27,1,1,1,0,0,0,36.543556213378906
2020-01-28,1,1,1,0,0,0,36.4875373840332
2020-01-29,1,1,1,0,0,0,36.95164489746094
2020-01-30,1,1,1,0,0,0,36.823612213134766
2020-01-31,1,1,1,1,0,0,35.73538589477539
2020-02-03,2,1,1,1,0,0,35.975440979003906
2020-02-04,2,1,1,1,0,0,36.81561279296875
2020-02-05,2,1,1,1,0,0,37.30371856689453
2020-02-06,2,1,1,1,0,0,37.10367202758789
2020-02-07,2,1,1,1,0,0,36.36751937866211
2020-02-10,2,1,1,1,0,0,36.53556060791016
2020-02-11,2,1,1,1,0,0,36.99164962768555
2020-02-12,2,1,1,1,0,0,37.68778991699219
2020-02-13,2,1,1,1,0,0,37.12768173217773
2020-02-14,2,1,1,1,0,0,37.39973831176758
2020-02-18,2,1,1,1,0,0,37.183692932128906
2020-02-19,2,1,1,1,0,0,37.31171798706055
2020-02-20,2,1,1,1,0,0,36.39952850341797
2020-02-21,2,1,1,1,0,0,36.4715461730957
2020-02-24,2,1,1,1,0,0,34.65517044067383
2020-02-25,2,1,1,1,0,0,33.79898834228516
2020-02-26,2,1,1,1,0,0,34.57514572143555
2020-02-27,2,1,1,1,0,0,32.55073547363281
2020-02-28,2,1,1,1,0,0,32.23065948486328
2020-03-02,3,1,1,1,0,0,33.17485809326172
2020-03-03,3,1,1,1,0,0,32.87080001831055
2020-03-04,3,1,1,1,0,0,33.5909423828125
2020-03-05,3,1,1,1,0,0,32.43069839477539
2020-03-06,3,1,1,1,0,0,31.974613189697266
2020-03-09,3,1,1,1,0,0,28.79795837402344
2020-03-10,3,1,1,1,0,0,30.91839408874512
2020-03-11,3,1,1,1,0,0,29.1500301361084
2020-03-12,3,1,1,1,0,0,24.829139709472656
2020-03-13,3,1,1,1,0,0,26.845552444458008
2020-03-16,3,1,1,1,0,0,23.340829849243164
2020-03-17,3,1,1,1,0,0,24.501070022583008
2020-03-18,3,1,1,1,0,0,21.12436866760254
2020-03-19,3,1,1,1,0,0,20.532245635986328
2020-03-20,3,1,1,1,0,0,20.508241653442383
2020-03-23,3,1,1,1,0,0,19.58805084228516
2020-03-24,3,1,1,1,0,0,21.5644588470459
2020-03-25,3,1,1,1,0,0,23.516860961914062
2020-03-26,3,1,1,1,0,0,24.741117477416992
2020-03-27,3,1,1,1,0,0,22.524656295776367
2020-03-30,3,1,1,1,0,0,22.35662078857422
2020-03-31,3,1,1,1,0,0,22.70869445800781
2020-04-01,4,1,2,1,0,0,21.828514099121094
2020-04-02,4,1,2,1,0,0,22.340620040893555
2020-04-03,4,1,2,1,0,0,21.172378540039062
2020-04-06,4,1,2,1,0,0,23.13278579711914
2020-04-07,4,1,2,1,0,0,23.86093521118164
2020-04-08,4,1,2,1,0,0,23.84493064880371
2020-04-09,4,1,2,1,0,0,24.37303924560547
2020-04-13,4,1,2,1,0,0,24.40504646301269
2020-04-14,4,1,2,1,0,0,25.32523727416992
2020-04-15,4,1,2,1,0,0,24.14899444580078
2020-04-16,4,1,2,1,0,0,23.70890235900879
2020-04-17,4,1,2,1,0,0,24.181001663208008
2020-04-20,4,1,2,1,0,0,23.74890899658203
2020-04-21,4,1,2,1,0,0,23.26081085205078
2020-04-22,4,1,2,1,0,0,23.64488983154297
2020-04-23,4,1,2,1,0,0,23.876937866210938
2020-04-24,4,1,2,1,0,0,24.37303924560547
2020-04-27,4,1,2,1,0,0,25.22121810913086
2020-04-28,4,1,2,1,0,0,25.061180114746094
2020-04-29,4,1,2,1,0,0,26.41345977783203
2020-04-30,4,1,2,1,0,0,25.06918334960937
2020-05-01,5,1,2,1,0,0,24.33302879333496
2020-05-04,5,1,2,1,0,0,24.997169494628903
2020-05-05,5,1,2,1,0,0,25.14119911193848
2020-05-06,5,1,2,1,0,0,24.91715431213379
2020-05-07,5,1,2,1,0,0,25.38124656677246
2020-05-08,5,1,2,1,0,0,26.1494083404541
2020-05-11,5,1,2,1,0,0,25.757326126098636
2020-05-12,5,1,2,1,0,0,25.37324523925781
2020-05-13,5,1,2,1,0,0,25.47726821899414
2020-05-14,5,1,2,1,0,0,25.42926025390625
2020-05-15,5,1,2,1,0,0,25.165206909179688
2020-05-18,5,1,2,1,0,0,26.3094425201416
2020-05-19,5,1,2,1,0,0,26.38145637512207
2020-05-20,5,1,2,1,0,0,27.07760238647461
2020-05-21,5,1,2,1,0,0,27.349653244018555
2020-05-22,5,1,2,1,0,0,26.885560989379883
2020-05-26,5,1,2,1,0,0,27.085603713989254
2020-05-27,5,1,2,1,0,0,27.5176944732666
2020-05-28,5,1,2,1,0,0,27.16561508178711
2020-05-29,5,1,2,1,0,0,26.861555099487305
2020-06-01,6,1,2,1,0,0,27.32565116882324
2020-06-02,6,1,2,1,0,0,28.517894744873047
2020-06-03,6,1,2,1,0,0,29.974197387695312
2020-06-04,6,1,2,1,0,0,29.430086135864254
2020-06-05,6,1,2,1,0,0,30.74234962463379
2020-06-08,6,1,2,1,0,0,31.086427688598636
2020-06-09,6,1,2,1,0,0,30.97440719604492
2020-06-10,6,1,2,1,0,0,30.63833999633789
2020-06-11,6,1,2,1,0,0,28.26184463500977
2020-06-12,6,1,2,1,0,0,29.230043411254883
2020-06-15,6,1,2,1,0,0,28.663936614990234
2020-06-16,6,1,2,1,0,0,28.517316818237305
2020-06-17,6,1,2,1,0,0,29.054914474487305
2020-06-18,6,1,2,1,0,0,28.5417537689209
2020-06-19,6,1,2,1,0,0,28.786115646362305
2020-06-22,6,1,2,1,0,0,29.2015323638916
2020-06-23,6,1,2,1,0,0,29.73098945617676
2020-06-24,6,1,2,1,0,0,28.777973175048828
2020-06-25,6,1,2,1,0,0,29.291133880615234
2020-06-26,6,1,2,1,0,0,28.83498954772949
2020-06-29,6,1,2,1,0,0,29.03862953186035
2020-06-30,6,1,2,1,0,0,28.70466041564941
2020-07-01,7,2,3,1,0,0,29.20968246459961
2020-07-02,7,2,3,1,0,0,29.88575553894043
2020-07-06,7,2,3,1,0,0,29.983503341674805
2020-07-07,7,2,3,1,0,0,29.67397689819336
2020-07-08,7,2,3,1,0,0,30.912086486816406
2020-07-09,7,2,3,1,0,0,30.99354362487793
2020-07-10,7,2,3,1,0,0,30.773611068725582
2020-07-13,7,2,3,1,0,0,30.765464782714844
2020-07-14,7,2,3,1,0,0,31.351945877075195
2020-07-15,7,2,3,1,0,0,31.539287567138672
2020-07-16,7,2,3,1,0,0,31.48226928710937
2020-07-17,7,2,3,1,0,0,31.522998809814453
2020-07-20,7,2,3,1,0,0,31.88139915466309
2020-07-21,7,2,3,1,0,0,32.304962158203125
2020-07-22,7,2,3,1,0,0,32.1664924621582
2020-07-23,7,2,3,1,0,0,31.433395385742188
2020-07-24,7,2,3,1,0,0,31.63703727722168
2020-07-27,7,2,3,1,0,0,32.565616607666016
2020-07-28,7,2,3,1,0,0,32.370121002197266
2020-07-29,7,2,3,1,0,0,32.85071563720703
2020-07-30,7,2,3,1,0,0,31.441537857055664
2020-07-31,7,2,3,1,0,0,30.569976806640625
2020-08-03,8,2,3,1,0,0,30.105684280395508
2020-08-04,8,2,3,1,0,0,30.284883499145508
2020-08-05,8,2,3,1,0,0,30.74103355407715
2020-08-06,8,2,3,1,0,0,30.70844841003418
2020-08-07,8,2,3,1,0,0,29.722850799560547
2020-08-10,8,2,3,1,0,0,29.584373474121094
2020-08-11,8,2,3,1,0,0,29.68212127685547
2020-08-12,8,2,3,1,0,0,30.14640998840332
2020-08-13,8,2,3,1,0,0,30.35004234313965
2020-08-14,8,2,3,1,0,0,30.504812240600582
2020-08-17,8,2,3,1,0,0,30.35004234313965
2020-08-18,8,2,3,1,0,0,30.553686141967773
2020-08-19,8,2,3,1,0,0,30.1301212310791
2020-08-20,8,2,3,1,0,0,30.04051971435547
2020-08-21,8,2,3,1,0,0,30.61884880065918
2020-08-24,8,2,3,1,0,0,31.40081214904785
2020-08-25,8,2,3,1,0,0,31.384523391723636
2020-08-26,8,2,3,1,0,0,31.360084533691406
2020-08-27,8,2,3,1,0,0,31.083147048950195
2020-08-28,8,2,3,1,0,0,31.604448318481445
2020-08-31,8,2,3,1,0,0,30.27673721313477
2020-09-01,9,2,3,1,0,0,31.24605178833008
2020-09-02,9,2,3,1,0,0,30.61071014404297
2020-09-03,9,2,3,1,0,0,29.85317611694336
2020-09-04,9,2,3,1,0,0,30.29302215576172
2020-09-08,9,2,3,1,0,0,29.76357650756836
2020-09-09,9,2,3,1,0,0,31.327505111694336
2020-09-10,9,2,3,1,0,0,30.903942108154297
2020-09-11,9,2,3,1,0,0,31.17274284362793
2020-09-14,9,2,3,1,0,0,31.677759170532227
2020-09-15,9,2,3,1,0,0,31.91398048400879
2020-09-16,9,2,3,1,0,0,31.79994010925293
2020-09-17,9,2,3,1,0,0,31.710344314575195
2020-09-18,9,2,3,1,0,0,30.96095848083496
2020-09-21,9,2,3,1,0,0,29.551795959472656
2020-09-22,9,2,3,1,0,0,29.5273551940918
2020-09-23,9,2,3,1,0,0,28.900150299072266
2020-09-24,9,2,3,1,0,0,29.250411987304688
2020-09-25,9,2,3,1,0,0,28.76982688903809
2020-09-28,9,2,3,1,0,0,29.54364776611328
2020-09-29,9,2,3,1,0,0,29.9183406829834
2020-09-30,9,2,3,1,0,0,30.08124542236328
2020-10-01,10,2,4,1,0,0,30.675865173339844
2020-10-02,10,2,4,1,0,0,30.553686141967773
2020-10-05,10,2,4,1,0,0,30.716590881347656
2020-10-06,10,2,4,1,0,0,30.236013412475582
2020-10-07,10,2,4,1,0,0,30.578126907348636
2020-10-08,10,2,4,1,0,0,30.732885360717773
2020-10-09,10,2,4,1,0,0,31.22976493835449
2020-10-12,10,2,4,1,0,0,31.343799591064453
2020-10-13,10,2,4,1,0,0,31.066850662231445
2020-10-14,10,2,4,1,0,0,30.952816009521484
2020-10-15,10,2,4,1,0,0,30.871360778808597
2020-10-16,10,2,4,1,0,0,30.912086486816406
2020-10-19,10,2,4,1,0,0,30.879499435424805
2020-10-20,10,2,4,1,0,0,31.40896415710449
2020-10-21,10,2,4,1,0,0,31.783655166625977
2020-10-22,10,2,4,1,0,0,32.01987075805664
2020-10-23,10,2,4,1,0,0,32.73667526245117
2020-10-26,10,2,4,1,0,0,32.0443115234375
2020-10-27,10,2,4,1,0,0,31.734777450561523
2020-10-28,10,2,4,1,0,0,30.04051971435547
2020-10-29,10,2,4,1,0,0,29.926483154296875
2020-10-30,10,2,4,1,0,0,30.17085075378418
2020-11-02,11,2,4,1,0,0,30.765464782714844
2020-11-03,11,2,4,1,0,0,31.531145095825195
2020-11-04,11,2,4,1,0,0,32.370121002197266
2020-11-05,11,2,4,1,0,0,33.868892669677734
2020-11-06,11,2,4,1,0,0,34.19470977783203
2020-11-09,11,2,4,1,0,0,34.72417449951172
2020-11-10,11,2,4,1,0,0,34.67530059814453
2020-11-11,11,2,4,1,0,0,34.83820343017578
2020-11-12,11,2,4,1,0,0,33.934059143066406
2020-11-13,11,2,4,1,0,0,34.577545166015625
2020-11-16,11,2,4,1,0,0,35.10700607299805
2020-11-17,11,2,4,1,0,0,34.789337158203125
2020-11-18,11,2,4,1,0,0,34.520538330078125
2020-11-19,11,2,4,1,0,0,34.49609375
2020-11-20,11,2,4,1,0,0,34.430931091308594
2020-11-23,11,2,4,1,0,0,34.12955093383789
2020-11-24,11,2,4,1,0,0,35.09886169433594
2020-11-25,11,2,4,1,0,0,35.28620529174805
2020-11-27,11,2,4,1,0,0,34.94409942626953
2020-11-30,11,2,4,1,0,0,33.46976852416992
2020-12-01,12,2,4,1,0,0,34.65085983276367
2020-12-02,12,2,4,1,0,0,34.99296569824219
2020-12-03,12,2,4,1,0,0,35.47355270385742
2020-12-04,12,2,4,1,0,0,35.75865173339844
2020-12-07,12,2,4,1,0,0,35.91341018676758
2020-12-08,12,2,4,1,0,0,36.14963150024414
2020-12-09,12,2,4,1,0,0,35.92155456542969
2020-12-10,12,2,4,1,0,0,35.9622802734375
2020-12-11,12,2,4,1,0,0,35.75049591064453
2020-12-14,12,2,4,1,0,0,36.08237457275391
2020-12-15,12,2,4,1,0,0,37.134891510009766
2020-12-16,12,2,4,1,0,0,37.29615783691406
2020-12-17,12,2,4,1,0,0,37.8818359375
2020-12-18,12,2,4,1,0,0,38.33169555664063
2020-12-21,12,2,4,1,0,0,37.34708786010742
2020-12-22,12,2,4,1,0,0,36.718971252441406
2020-12-23,12,2,4,1,0,0,37.54231262207031
2020-12-24,12,2,4,1,0,0,37.24523162841797
2020-12-28,12,2,4,1,0,0,37.12640380859375
2020-12-29,12,2,4,1,0,0,37.36406707763672
2020-12-30,12,2,4,1,0,0,37.75450897216797
2020-12-31,12,2,4,1,0,0,37.21128463745117
2021-01-04,1,1,1,1,0,0,37.38104248046875
2021-01-05,1,1,1,1,0,0,37.14337539672852
2021-01-06,1,1,1,1,0,0,36.69351196289063
2021-01-07,1,1,1,1,0,0,36.27760696411133
2021-01-08,1,1,1,1,0,0,37.66114044189453
2021-01-11,1,1,1,1,0,0,36.498291015625
2021-01-12,1,1,1,1,0,0,37.36406707763672
2021-01-13,1,1,1,1,0,0,37.41499328613281
2021-01-14,1,1,1,1,0,0,37.76300048828125
2021-01-15,1,1,1,1,0,0,37.28767395019531
2021-01-19,1,1,1,1,0,0,38.28925323486328
2021-01-20,1,1,1,1,0,0,38.97677230834961
2021-01-21,1,1,1,1,0,0,39.06165313720703
2021-01-22,1,1,1,1,0,0,38.39959335327149
2021-01-25,1,1,1,1,0,0,38.29773712158203
2021-01-26,1,1,1,1,0,0,38.314720153808594
2021-01-27,1,1,1,1,0,0,37.23674774169922
2021-01-28,1,1,1,1,0,0,38.14495468139648
2021-01-29,1,1,1,1,0,0,37.28767395019531
2021-02-01,2,1,1,1,0,0,38.085540771484375
2021-02-02,2,1,1,1,0,0,38.314720153808594
2021-02-03,2,1,1,1,0,0,38.51842498779297
2021-02-04,2,1,1,1,0,0,39.16350936889648
2021-02-05,2,1,1,1,0,0,40.31787872314453
2021-02-08,2,1,1,1,0,0,40.114166259765625
2021-02-09,2,1,1,1,0,0,40.84413528442383
2021-02-10,2,1,1,1,0,0,40.82715606689453
2021-02-11,2,1,1,1,0,0,41.30248260498047
2021-02-12,2,1,1,1,0,0,41.92210388183594
2021-02-16,2,1,1,1,0,0,41.429805755615234
2021-02-17,2,1,1,1,0,0,41.4128303527832
2021-02-18,2,1,1,1,0,0,41.47224426269531
2021-02-19,2,1,1,1,0,0,41.47224426269531
2021-02-22,2,1,1,1,0,0,41.12424087524414
2021-02-23,2,1,1,1,0,0,41.36189651489258
2021-02-24,2,1,1,1,0,0,41.514686584472656
2021-02-25,2,1,1,1,0,0,39.3926887512207
2021-02-26,2,1,1,1,0,0,39.25688171386719
2021-03-01,3,1,1,1,0,0,40.75925064086914
2021-03-02,3,1,1,1,0,0,41.21760940551758
2021-03-03,3,1,1,1,0,0,40.76773834228516
2021-03-04,3,1,1,1,0,0,40.10568237304688
2021-03-05,3,1,1,1,0,0,40.71681594848633
2021-03-08,3,1,1,1,0,0,39.952903747558594
2021-03-09,3,1,1,1,0,0,41.005401611328125
2021-03-10,3,1,1,1,0,0,41.82024765014648
2021-03-11,3,1,1,1,0,0,42.8133430480957
2021-03-12,3,1,1,1,0,0,41.514686584472656
2021-03-15,3,1,1,1,0,0,41.87118148803711
2021-03-16,3,1,1,1,0,0,41.68444061279297
2021-03-17,3,1,1,1,0,0,42.36347961425781
2021-03-18,3,1,1,1,0,0,41.21760940551758
2021-03-19,3,1,1,1,0,0,41.42131042480469
2021-03-22,3,1,1,1,0,0,41.26852416992188
2021-03-23,3,1,1,1,0,0,40.03777694702149
2021-03-24,3,1,1,1,0,0,39.5879135131836
2021-03-25,3,1,1,1,0,0,39.89347839355469
2021-03-26,3,1,1,1,0,0,41.82024765014648
2021-03-29,3,1,1,1,0,0,41.777809143066406
2021-03-30,3,1,1,1,0,0,41.523170471191406
2021-03-31,3,1,1,1,0,0,41.91361999511719
2021-04-01,4,1,2,1,0,0,42.7030029296875
2021-04-05,4,1,2,1,0,0,43.12739562988281
2021-04-06,4,1,2,1,0,0,43.602725982666016
2021-04-07,4,1,2,1,0,0,42.66904830932617
2021-04-08,4,1,2,1,0,0,42.575679779052734
2021-04-09,4,1,2,1,0,0,42.21070098876953
2021-04-12,4,1,2,1,0,0,41.91361999511719
2021-04-13,4,1,2,1,0,0,42.567195892333984
2021-04-14,4,1,2,1,0,0,43.05101013183594
2021-04-15,4,1,2,1,0,0,44.29025650024414
2021-04-16,4,1,2,1,0,0,44.26478576660156
2021-04-19,4,1,2,1,0,0,44.01863479614258
2021-04-20,4,1,2,1,0,0,42.87275314331055
2021-04-21,4,1,2,1,0,0,43.69609069824219
2021-04-22,4,1,2,1,0,0,42.76240921020508
2021-04-23,4,1,2,1,0,0,43.27169418334961
2021-04-26,4,1,2,1,0,0,43.07646942138672
2021-04-27,4,1,2,1,0,0,42.770904541015625
2021-04-28,4,1,2,1,0,0,43.73853302001953
2021-04-29,4,1,2,1,0,0,43.36505889892578
2021-04-30,4,1,2,1,0,0,41.87118148803711
2021-05-03,5,1,2,1,0,0,42.03245162963867
2021-05-04,5,1,2,1,0,0,41.5910758972168
2021-05-05,5,1,2,1,0,0,42.40592193603516
2021-05-06,5,1,2,1,0,0,43.39052200317383
2021-05-07,5,1,2,1,0,0,44.29025650024414
2021-05-10,5,1,2,1,0,0,43.69609069824219
2021-05-11,5,1,2,1,0,0,43.85736846923828
2021-05-12,5,1,2,1,0,0,42.73694610595703
2021-05-13,5,1,2,1,0,0,42.15127944946289
2021-05-14,5,1,2,1,0,0,43.144378662109375
2021-05-17,5,1,2,1,0,0,43.63667678833008
2021-05-18,5,1,2,1,0,0,43.84038925170898
2021-05-19,5,1,2,1,0,0,43.348087310791016
2021-05-20,5,1,2,1,0,0,43.670631408691406
2021-05-21,5,1,2,1,0,0,43.2122802734375
2021-05-24,5,1,2,1,0,0,43.339599609375
2021-05-25,5,1,2,1,0,0,43.848876953125
2021-05-26,5,1,2,1,0,0,44.34967422485352
2021-05-27,5,1,2,1,0,0,44.56186294555664
2021-05-28,5,1,2,1,0,0,45.06265258789063
2021-06-01,6,1,2,1,0,0,46.140625
2021-06-02,6,1,2,1,0,0,46.9979133605957
2021-06-03,6,1,2,1,0,0,45.76716232299805
2021-06-04,6,1,2,1,0,0,46.4292221069336
2021-06-07,6,1,2,1,0,0,45.9199447631836
2021-06-08,6,1,2,1,0,0,45.47856903076172
2021-06-09,6,1,2,1,0,0,45.232421875
2021-06-10,6,1,2,1,0,0,45.73015213012695
2021-06-11,6,1,2,1,0,0,44.79636001586914
2021-06-14,6,1,2,1,0,0,44.84775924682617
2021-06-15,6,1,2,1,0,0,44.27378082275391
2021-06-16,6,1,2,1,0,0,43.48562240600586
2021-06-17,6,1,2,1,0,0,42.85166931152344
2021-06-18,6,1,2,1,0,0,41.64373779296875
2021-06-21,6,1,2,1,0,0,42.11491775512695
2021-06-22,6,1,2,1,0,0,41.37816619873047
2021-06-23,6,1,2,1,0,0,41.64373779296875
2021-06-24,6,1,2,1,0,0,42.17488479614258
2021-06-25,6,1,2,1,0,0,42.49185562133789
2021-06-28,6,1,2,1,0,0,41.50667190551758
2021-06-29,6,1,2,1,0,0,42.12348556518555
2021-06-30,6,1,2,1,0,0,41.85791015625
2021-07-01,7,2,3,1,0,0,41.66086959838867
2021-07-02,7,2,3,1,0,0,42.063514709472656
2021-07-06,7,2,3,1,0,0,41.40386581420898
2021-07-07,7,2,3,1,0,0,41.97784805297852
2021-07-08,7,2,3,1,0,0,41.12115478515625
2021-07-09,7,2,3,1,0,0,41.866477966308594
2021-07-12,7,2,3,1,0,0,41.703704833984375
2021-07-13,7,2,3,1,0,0,40.230201721191406
2021-07-14,7,2,3,1,0,0,41.69514083862305
2021-07-15,7,2,3,1,0,0,41.36959838867188
2021-07-16,7,2,3,1,0,0,41.11259078979492
2021-07-19,7,2,3,1,0,0,40.07598876953125
2021-07-20,7,2,3,1,0,0,40.29016876220703
2021-07-21,7,2,3,1,0,0,40.847015380859375
2021-07-22,7,2,3,1,0,0,40.86415100097656
2021-07-23,7,2,3,1,0,0,40.392974853515625
2021-07-26,7,2,3,1,0,0,39.93891906738281
2021-07-27,7,2,3,1,0,0,39.92179107666016
2021-07-28,7,2,3,1,0,0,40.761348724365234
2021-07-29,7,2,3,1,0,0,41.65230178833008
2021-07-30,7,2,3,1,0,0,41.47240447998047
2021-08-02,8,2,3,1,0,0,41.77224349975586
2021-08-03,8,2,3,1,0,0,42.35478973388672
2021-08-04,8,2,3,1,0,0,42.02925109863281
2021-08-05,8,2,3,1,0,0,41.66943740844727
2021-08-06,8,2,3,1,0,0,41.28393173217773
2021-08-09,8,2,3,1,0,0,40.97552108764648
2021-08-10,8,2,3,1,0,0,40.94981384277344
2021-08-11,8,2,3,1,0,0,41.71227264404297
2021-08-12,8,2,3,1,0,0,41.19825744628906
2021-08-13,8,2,3,1,0,0,41.50667190551758
2021-08-16,8,2,3,1,0,0,41.489540100097656
2021-08-17,8,2,3,1,0,0,40.572872161865234
2021-08-18,8,2,3,1,0,0,40.35013198852539
2021-08-19,8,2,3,1,0,0,39.193603515625
2021-08-20,8,2,3,1,0,0,38.59392547607422
2021-08-23,8,2,3,1,0,0,39.76758575439453
2021-08-24,8,2,3,1,0,0,40.42723846435547
2021-08-25,8,2,3,1,0,0,40.230201721191406
2021-08-26,8,2,3,1,0,0,40.27303314208984
2021-08-27,8,2,3,1,0,0,41.361026763916016
2021-08-30,8,2,3,1,0,0,41.02692413330078
2021-08-31,8,2,3,1,0,0,42.33765411376953
2021-09-01,9,2,3,1,0,0,42.48329925537109
2021-09-02,9,2,3,1,0,0,41.40386581420898
2021-09-03,9,2,3,1,0,0,42.1491813659668
2021-09-07,9,2,3,1,0,0,41.87504577636719
2021-09-08,9,2,3,1,0,0,41.72084045410156
2021-09-09,9,2,3,1,0,0,40.82131576538086
2021-09-10,9,2,3,1,0,0,40.538604736328125
2021-09-13,9,2,3,1,0,0,41.37816619873047
2021-09-14,9,2,3,1,0,0,41.12115478515625
2021-09-15,9,2,3,1,0,0,41.26679229736328
2021-09-16,9,2,3,1,0,0,39.93891906738281
2021-09-17,9,2,3,1,0,0,39.536277770996094
2021-09-20,9,2,3,1,0,0,38.7224235534668
2021-09-21,9,2,3,1,0,0,39.59624862670898
2021-09-22,9,2,3,1,0,0,40.02459335327149
2021-09-23,9,2,3,1,0,0,40.667110443115234
2021-09-24,9,2,3,1,0,0,39.776153564453125
2021-09-27,9,2,3,1,0,0,40.05885314941406
2021-09-28,9,2,3,1,0,0,39.59624862670898
2021-09-29,9,2,3,1,0,0,39.69048690795898
2021-09-30,9,2,3,1,0,0,40.29016876220703
2021-10-01,10,2,4,1,0,0,40.40153503417969
2021-10-04,10,2,4,1,0,0,40.084564208984375
2021-10-05,10,2,4,1,0,0,40.41010284423828
2021-10-06,10,2,4,1,0,0,40.61570739746094
2021-10-07,10,2,4,1,0,0,41.01835632324219
2021-10-08,10,2,4,1,0,0,41.30962753295898
2021-10-11,10,2,4,1,0,0,40.94125747680664
2021-10-12,10,2,4,1,0,0,41.34388732910156
2021-10-13,10,2,4,1,0,0,41.96070861816406
2021-10-14,10,2,4,1,0,0,42.046382904052734
2021-10-15,10,2,4,1,0,0,42.78313446044922
2021-10-18,10,2,4,1,0,0,42.1920166015625
2021-10-19,10,2,4,1,0,0,42.920204162597656
2021-10-20,10,2,4,1,0,0,43.39995574951172
2021-10-21,10,2,4,1,0,0,41.90074920654297
2021-10-22,10,2,4,1,0,0,41.72940444946289
2021-10-25,10,2,4,1,0,0,42.11491775512695
2021-10-26,10,2,4,1,0,0,41.82364273071289
2021-10-27,10,2,4,1,0,0,41.19825744628906
2021-10-28,10,2,4,1,0,0,41.08687973022461
2021-10-29,10,2,4,1,0,0,40.29016876220703
2021-11-01,11,2,4,1,0,0,40.31586837768555
2021-11-02,11,2,4,1,0,0,40.144527435302734
2021-11-03,11,2,4,1,0,0,41.16399383544922
2021-11-04,11,2,4,1,0,0,41.18112182617188
2021-11-05,11,2,4,1,0,0,41.47240447998047
2021-11-08,11,2,4,1,0,0,41.68656921386719
2021-11-09,11,2,4,1,0,0,41.2325325012207
2021-11-10,11,2,4,1,0,0,40.238765716552734
2021-11-11,11,2,4,1,0,0,41.27535629272461
2021-11-12,11,2,4,1,0,0,40.906986236572266
2021-11-15,11,2,4,1,0,0,41.48096084594727
2021-11-16,11,2,4,1,0,0,40.94125747680664
2021-11-17,11,2,4,1,0,0,40.85558319091797
2021-11-18,11,2,4,1,0,0,40.41010284423828
2021-11-19,11,2,4,1,0,0,39.65621948242188
2021-11-22,11,2,4,1,0,0,39.27070617675781
2021-11-23,11,2,4,1,0,0,39.37350845336914
2021-11-24,11,2,4,1,0,0,38.7224235534668
2021-11-26,11,2,4,1,0,0,36.34939193725586
2021-11-29,11,2,4,1,0,0,37.42881393432617
2021-11-30,11,2,4,1,0,0,38.45685195922852
2021-12-01,12,2,4,1,0,0,38.30264663696289
2021-12-02,12,2,4,1,0,0,39.1507682800293
2021-12-03,12,2,4,1,0,0,39.20216751098633
2021-12-06,12,2,4,1,0,0,39.613380432128906
2021-12-07,12,2,4,1,0,0,40.21306610107422
2021-12-08,12,2,4,1,0,0,40.43581008911133
2021-12-09,12,2,4,1,0,0,39.41633987426758
2021-12-10,12,2,4,1,0,0,38.93659591674805
2021-12-13,12,2,4,1,0,0,38.35503768920898
2021-12-14,12,2,4,1,0,0,38.58870315551758
2021-12-15,12,2,4,1,0,0,39.06467819213867
2021-12-16,12,2,4,1,0,0,39.52334213256836
2021-12-17,12,2,4,1,0,0,39.34160614013672
2021-12-20,12,2,4,1,0,0,39.07332992553711
2021-12-21,12,2,4,1,0,0,39.48872375488281
2021-12-22,12,2,4,1,0,0,40.16374969482422
2021-12-23,12,2,4,1,0,0,40.33683013916016
2021-12-27,12,2,4,1,0,0,40.786842346191406
2021-12-28,12,2,4,1,0,0,39.95604705810547
2021-12-29,12,2,4,1,0,0,40.05989837646485
2021-12-30,12,2,4,1,0,0,40.6743392944336
2021-12-31,12,2,4,1,0,0,40.15509796142578
2022-01-03,1,1,1,1,0,0,40.74357223510742
2022-01-04,1,1,1,1,0,0,40.53587341308594
2022-01-05,1,1,1,1,0,0,40.553184509277344
2022-01-06,1,1,1,1,0,0,40.830116271972656
2022-01-07,1,1,1,1,0,0,40.94261932373047
2022-01-10,1,1,1,1,0,0,41.306095123291016
2022-01-11,1,1,1,1,0,0,42.36189651489258
2022-01-12,1,1,1,1,0,0,44.00616836547852
2022-01-13,1,1,1,1,0,0,42.61286163330078
2022-01-14,1,1,1,1,0,0,42.87248992919922
2022-01-18,1,1,1,1,0,0,41.67821502685547
2022-01-19,1,1,1,1,0,0,42.88980102539063
2022-01-20,1,1,1,1,0,0,43.166725158691406
2022-01-21,1,1,1,1,0,0,43.26192474365234
2022-01-24,1,1,1,1,0,0,42.0763053894043
2022-01-25,1,1,1,1,0,0,42.22343063354492
2022-01-26,1,1,1,1,0,0,41.6003303527832
2022-01-27,1,1,1,1,0,0,41.48782730102539
2022-01-28,1,1,1,1,0,0,41.7647590637207
2022-01-31,1,1,1,1,0,0,43.90232467651367
2022-02-01,2,1,1,1,0,0,43.910980224609375
2022-02-02,2,1,1,1,0,0,43.331153869628906
2022-02-03,2,1,1,1,0,0,43.49558639526367
2022-02-04,2,1,1,1,0,0,43.192684173583984
2022-02-07,2,1,1,1,0,0,43.08884048461914
2022-02-08,2,1,1,1,0,0,44.3004150390625
2022-02-09,2,1,1,1,0,0,44.66389083862305
2022-02-10,2,1,1,1,0,0,44.36099243164063
2022-02-11,2,1,1,1,0,0,44.29176330566406
2022-02-14,2,1,1,1,0,0,44.74178314208984
2022-02-15,2,1,1,1,0,0,45.01005172729492
2022-02-16,2,1,1,1,0,0,46.204322814941406
2022-02-17,2,1,1,1,0,0,45.68507766723633
2022-02-18,2,1,1,1,0,0,45.23506164550781
2022-02-22,2,1,1,1,0,0,44.5427360534668
2022-02-23,2,1,1,1,0,0,44.75908279418945
2022-02-24,2,1,1,1,0,0,44.43887710571289
2022-02-25,2,1,1,1,0,1,45.16582489013672
2022-02-28,2,1,1,1,0,1,45.57257080078125
2022-03-01,3,1,1,1,0,1,45.633148193359375
2022-03-02,3,1,1,1,0,1,46.4985580444336
2022-03-03,3,1,1,1,0,1,46.68894958496094
2022-03-04,3,1,1,1,0,1,45.079288482666016
2022-03-07,3,1,1,1,0,1,43.6513557434082
2022-03-08,3,1,1,1,0,1,43.87636566162109
2022-03-09,3,1,1,1,0,1,45.20909881591797
2022-03-10,3,1,1,1,0,1,45.78892517089844
2022-03-11,3,1,1,1,0,1,45.33891296386719
2022-03-14,3,1,1,1,0,1,44.02348327636719
2022-03-15,3,1,1,1,0,1,44.45619201660156
2022-03-16,3,1,1,1,0,1,47.87456893920898
2022-03-17,3,1,1,1,0,1,47.32070159912109
2022-03-18,3,1,1,1,0,1,47.26877975463867
2022-03-21,3,1,1,1,0,1,47.18223571777344
2022-03-22,3,1,1,1,0,1,47.64955520629883
2022-03-23,3,1,1,1,0,1,47.5889778137207
2022-03-24,3,1,1,1,0,1,48.36784362792969
2022-03-25,3,1,1,1,0,1,47.83995056152344
2022-03-28,3,1,1,1,0,1,47.640899658203125
2022-03-29,3,1,1,1,0,1,48.26399993896485
2022-03-30,3,1,1,1,0,1,48.67939758300781
2022-03-31,3,1,1,1,0,1,48.05630111694336
2022-04-01,4,1,2,1,0,1,48.87844467163086
2022-04-04,4,1,2,1,0,1,48.60151290893555
2022-04-05,4,1,2,1,0,1,47.29474258422852
2022-04-06,4,1,2,1,0,1,47.30339431762695
2022-04-07,4,1,2,1,0,1,47.06972885131836
2022-04-08,4,1,2,1,0,1,47.51109313964844
2022-04-11,4,1,2,1,0,1,47.47647476196289
2022-04-12,4,1,2,1,0,1,47.06108093261719
2022-04-13,4,1,2,1,0,1,46.55048751831055
2022-04-14,4,1,2,1,0,1,45.59852981567383
2022-04-18,4,1,2,1,0,1,45.71104049682617
2022-04-19,4,1,2,1,0,1,44.92351150512695
2022-04-20,4,1,2,1,0,1,44.43022537231445
2022-04-21,4,1,2,1,0,1,43.03691864013672
2022-04-22,4,1,2,1,0,1,42.18016052246094
2022-04-25,4,1,2,1,0,1,41.470516204833984
2022-04-26,4,1,2,1,0,1,40.76953887939453
2022-04-27,4,1,2,1,0,1,41.055118560791016
2022-04-28,4,1,2,1,0,1,41.36666870117188
2022-04-29,4,1,2,1,0,1,41.48782730102539
2022-05-02,5,1,2,1,0,1,40.527225494384766
2022-05-03,5,1,2,1,0,1,41.38397979736328
2022-05-04,5,1,2,1,0,1,42.3272819519043
2022-05-05,5,1,2,1,0,1,39.7829704284668
2022-05-06,5,1,2,1,0,1,38.79640197753906
2022-05-09,5,1,2,1,0,1,37.53289794921875
2022-05-10,5,1,2,1,0,1,37.97426223754883
2022-05-11,5,1,2,1,0,1,38.07810974121094
2022-05-12,5,1,2,1,0,1,38.207916259765625
2022-05-13,5,1,2,1,0,1,39.27237319946289
2022-05-16,5,1,2,1,0,1,39.60988998413086
2022-05-17,5,1,2,1,0,1,40.22432327270508
2022-05-18,5,1,2,1,0,1,38.9608268737793
2022-05-19,5,1,2,1,0,1,39.80027770996094
2022-05-20,5,1,2,1,0,1,39.49737548828125
2022-05-23,5,1,2,1,0,1,40.57914352416992
2022-05-24,5,1,2,1,0,1,40.20701599121094
2022-05-25,5,1,2,1,0,1,39.46276473999024
2022-05-26,5,1,2,1,0,1,40.63107299804688
2022-05-27,5,1,2,1,0,1,41.44456100463867
2022-05-31,5,1,2,1,0,1,41.859954833984375
2022-06-01,6,1,2,1,0,1,41.1762809753418
2022-06-02,6,1,2,1,0,1,42.08496475219727
2022-06-03,6,1,2,1,0,1,41.38397979736328
2022-06-06,6,1,2,1,0,1,41.262821197509766
2022-06-07,6,1,2,1,0,1,40.90800094604492
2022-06-08,6,1,2,1,0,1,41.020503997802734
2022-06-09,6,1,2,1,0,1,39.39213562011719
2022-06-10,6,1,2,1,0,1,38.62302780151367
2022-06-13,6,1,2,1,0,1,37.23511505126953
2022-06-14,6,1,2,1,0,1,37.02294921875
2022-06-15,6,1,2,1,0,1,38.70259094238281
2022-06-16,6,1,2,1,0,1,37.3411979675293
2022-06-17,6,1,2,1,0,1,37.3588752746582
2022-06-21,6,1,2,1,0,1,38.304786682128906
2022-06-22,6,1,2,1,0,1,37.75668716430664
2022-06-23,6,1,2,1,0,1,37.606407165527344
2022-06-24,6,1,2,1,0,1,39.10040283203125
2022-06-27,6,1,2,1,0,1,39.36560821533203
2022-06-28,6,1,2,1,0,1,38.19869995117188
2022-06-29,6,1,2,1,0,1,38.0572509765625
2022-06-30,6,1,2,1,0,1,37.56220245361328
2022-07-01,7,2,3,1,0,1,37.45612335205078
2022-07-05,7,2,3,1,0,1,37.075984954833984
2022-07-06,7,2,3,1,0,1,36.63397216796875
2022-07-07,7,2,3,1,0,1,37.93349456787109
2022-07-08,7,2,3,1,0,1,37.51800155639648
2022-07-11,7,2,3,1,0,1,36.53673553466797
2022-07-12,7,2,3,1,0,1,36.42181396484375
2022-07-13,7,2,3,1,0,1,36.02400207519531
2022-07-14,7,2,3,1,0,1,34.75984191894531
2022-07-15,7,2,3,1,0,1,35.325618743896484
2022-07-18,7,2,3,1,0,1,35.58198928833008
2022-07-19,7,2,3,1,0,1,36.147762298583984
2022-07-20,7,2,3,1,0,1,35.94443893432617
2022-07-21,7,2,3,1,0,1,36.73122024536133
2022-07-22,7,2,3,1,0,1,36.84614181518555
2022-07-25,7,2,3,1,0,1,36.81078338623047
2022-07-26,7,2,3,1,0,1,36.69585800170898
2022-07-27,7,2,3,1,0,1,37.54452133178711
2022-07-28,7,2,3,1,0,1,37.89813232421875
2022-07-29,7,2,3,1,0,1,37.52684020996094
2022-08-01,8,2,3,1,0,1,37.403079986572266
2022-08-02,8,2,3,1,0,1,36.23616790771485
2022-08-03,8,2,3,1,0,1,37.040626525878906
2022-08-04,8,2,3,1,0,1,37.26163482666016
2022-08-05,8,2,3,1,0,1,37.51800155639648
2022-08-08,8,2,3,1,0,1,38.463905334472656
2022-08-09,8,2,3,1,0,1,38.304786682128906
2022-08-10,8,2,3,1,0,1,39.49821472167969
2022-08-11,8,2,3,1,0,1,39.85182571411133
2022-08-12,8,2,3,1,0,1,40.62092971801758
2022-08-15,8,2,3,1,0,1,39.701541900634766
2022-08-16,8,2,3,1,0,1,40.1877555847168
2022-08-17,8,2,3,1,0,1,39.16228485107422
2022-08-18,8,2,3,1,0,1,38.41970443725586
2022-08-19,8,2,3,1,0,1,37.075984954833984
2022-08-22,8,2,3,1,0,1,37.040626525878906
2022-08-23,8,2,3,1,0,1,37.26163482666016
2022-08-24,8,2,3,1,0,1,37.28815460205078
2022-08-25,8,2,3,1,0,1,38.56114959716797
2022-08-26,8,2,3,1,0,1,37.659446716308594
2022-08-29,8,2,3,1,0,1,37.56220245361328
2022-08-30,8,2,3,1,0,1,36.37760925292969
2022-08-31,8,2,3,1,0,1,35.21953582763672
2022-09-01,9,2,3,1,0,1,35.078094482421875
2022-09-02,9,2,3,1,0,1,35.025047302246094
2022-09-06,9,2,3,1,0,1,35.36097717285156
2022-09-07,9,2,3,1,0,1,35.43170166015625
2022-09-08,9,2,3,1,0,1,35.078094482421875
2022-09-09,9,2,3,1,0,1,36.24501037597656
2022-09-12,9,2,3,1,0,1,37.05830764770508
2022-09-13,9,2,3,1,0,1,35.1664924621582
2022-09-14,9,2,3,1,0,1,35.33446502685547
2022-09-15,9,2,3,1,0,1,34.89244842529297
2022-09-16,9,2,3,1,0,1,34.10567092895508
2022-09-19,9,2,3,1,0,1,34.16754913330078
2022-09-20,9,2,3,1,0,1,34.07030487060547
2022-09-21,9,2,3,1,0,1,33.760894775390625
2022-09-22,9,2,3,1,0,1,33.83161926269531
2022-09-23,9,2,3,1,0,1,32.346458435058594
2022-09-26,9,2,3,1,0,1,31.877927780151367
2022-09-27,9,2,3,1,0,1,32.31993865966797
2022-09-28,9,2,3,1,0,1,33.06251907348633
2022-09-29,9,2,3,1,0,1,32.240379333496094
2022-09-30,9,2,3,1,0,1,31.860248565673828
2022-10-03,10,2,4,1,0,1,32.77078628540039
2022-10-04,10,2,4,1,0,1,34.30899429321289
2022-10-05,10,2,4,1,0,1,33.72553634643555
2022-10-06,10,2,4,1,0,1,33.50453186035156
2022-10-07,10,2,4,1,0,1,33.09788131713867
2022-10-10,10,2,4,1,0,1,32.99179458618164
2022-10-11,10,2,4,1,0,1,32.73543167114258
2022-10-12,10,2,4,1,0,1,32.426021575927734
2022-10-13,10,2,4,1,0,1,32.806148529052734
2022-10-14,10,2,4,1,0,1,31.798364639282227
2022-10-17,10,2,4,1,0,1,33.575252532958984
2022-10-18,10,2,4,1,0,1,33.3984489440918
2022-10-19,10,2,4,1,0,1,32.89455032348633
2022-10-20,10,2,4,1,0,1,32.549781799316406
2022-10-21,10,2,4,1,0,1,33.59293365478516
2022-10-24,10,2,4,1,0,1,32.10776901245117
2022-10-25,10,2,4,1,0,1,32.87687301635742
2022-10-26,10,2,4,1,0,1,34.29130935668945
2022-10-27,10,2,4,1,0,1,34.220584869384766
2022-10-28,10,2,4,1,0,1,34.034942626953125
2022-10-31,10,2,4,1,0,1,33.5840950012207
2022-11-01,11,2,4,1,0,1,33.928863525390625
2022-11-02,11,2,4,1,0,1,33.681331634521484
2022-11-03,11,2,4,1,0,1,33.19512176513672
2022-11-04,11,2,4,1,0,1,36.006317138671875
2022-11-07,11,2,4,1,0,1,36.23616790771485
2022-11-08,11,2,4,1,0,1,36.563255310058594
2022-11-09,11,2,4,1,0,1,36.006317138671875
2022-11-10,11,2,4,1,0,1,38.24290084838867
2022-11-11,11,2,4,1,0,1,38.76447296142578
2022-11-14,11,2,4,1,0,1,38.26942443847656
2022-11-15,11,2,4,1,0,1,38.304786682128906
2022-11-16,11,2,4,1,0,1,38.29594039916992
2022-11-17,11,2,4,1,0,1,38.48158645629883
2022-11-18,11,2,4,1,0,1,38.41087341308594
2022-11-21,11,2,4,1,0,1,38.030738830566406
2022-11-22,11,2,4,1,0,1,38.54346466064453
2022-11-23,11,2,4,1,0,1,39.55126190185547
2022-11-25,11,2,4,1,0,1,39.08272552490234
2022-11-28,11,2,4,1,0,1,38.70259094238281
2022-11-29,11,2,4,1,0,1,39.02968215942383
2022-11-30,11,2,4,1,0,1,39.29489135742188
2022-12-01,12,2,4,1,0,1,37.45612335205078
2022-12-02,12,2,4,1,0,1,38.0395736694336
2022-12-05,12,2,4,1,0,1,38.0395736694336
2022-12-06,12,2,4,1,0,1,38.41087341308594
2022-12-07,12,2,4,1,0,1,38.85288238525391
2022-12-08,12,2,4,1,0,1,38.81752014160156
2022-12-09,12,2,4,1,0,1,38.119136810302734
2022-12-12,12,2,4,1,0,1,37.83625030517578
2022-12-13,12,2,4,1,0,1,38.62363052368164
2022-12-14,12,2,4,1,0,1,38.71340560913086
2022-12-15,12,2,4,1,0,1,36.8280143737793
2022-12-16,12,2,4,1,0,1,36.73822784423828
2022-12-19,12,2,4,1,0,1,37.91436004638672
2022-12-20,12,2,4,1,0,1,37.81560134887695
2022-12-21,12,2,4,1,0,1,38.758296966552734
2022-12-22,12,2,4,1,0,1,38.30938720703125
2022-12-23,12,2,4,1,0,1,38.91093063354492
2022-12-27,12,2,4,1,0,1,39.35085678100586
2022-12-28,12,2,4,1,0,1,38.44406127929688
2022-12-29,12,2,4,1,0,1,39.17128753662109
2022-12-30,12,2,4,1,0,1,38.07596206665039
2023-01-03,1,1,1,1,0,1,39.270050048828125
2023-01-04,1,1,1,1,0,1,40.73347091674805
2023-01-05,1,1,1,1,0,1,39.63814926147461
2023-01-06,1,1,1,1,0,1,40.58084487915039
2023-01-09,1,1,1,1,0,1,41.06565856933594
2023-01-10,1,1,1,1,0,1,41.20930862426758
2023-01-11,1,1,1,1,0,1,41.59536743164063
2023-01-12,1,1,1,1,0,1,42.50214767456055
2023-01-13,1,1,1,1,0,1,42.79842376708984
2023-01-17,1,1,1,1,0,1,41.146461486816406
2023-01-18,1,1,1,1,0,1,41.03872299194336
2023-01-19,1,1,1,1,0,1,40.87711715698242
2023-01-20,1,1,1,1,0,1,41.45171356201172
2023-01-23,1,1,1,1,0,1,41.48762893676758
2023-01-24,1,1,1,1,0,1,41.56843185424805
2023-01-25,1,1,1,1,0,1,41.604339599609375
2023-01-26,1,1,1,1,0,1,41.74799346923828
2023-01-27,1,1,1,1,0,1,41.38887023925781
2023-01-30,1,1,1,1,0,1,40.50004577636719
2023-01-31,1,1,1,1,0,1,40.55390930175781
2023-02-01,2,1,1,1,0,1,41.58638381958008
2023-02-02,2,1,1,1,0,1,41.80186080932617
2023-02-03,2,1,1,1,0,1,40.53595352172852
2023-02-06,2,1,1,1,0,1,39.871578216552734
2023-02-07,2,1,1,1,0,1,40.06909942626953
2023-02-08,2,1,1,1,0,1,39.60223388671875
2023-02-09,2,1,1,1,0,1,39.30595779418945
2023-02-10,2,1,1,1,0,1,38.74931335449219
2023-02-13,2,1,1,1,0,1,39.29698181152344
2023-02-14,2,1,1,1,0,1,39.3957405090332
2023-02-15,2,1,1,1,0,1,38.86603546142578
2023-02-16,2,1,1,1,0,1,38.59669494628906
2023-02-17,2,1,1,1,0,1,38.35428237915039
2023-02-21,2,1,1,1,0,1,37.31282806396485
2023-02-22,2,1,1,1,0,1,37.12428665161133
2023-02-23,2,1,1,1,0,1,37.59114456176758
2023-02-24,2,1,1,1,0,1,36.55867385864258
2023-02-27,2,1,1,1,0,1,36.72027587890625
2023-02-28,2,1,1,1,0,1,36.7921028137207
2023-03-01,3,1,1,1,0,1,37.95027160644531
2023-03-02,3,1,1,1,0,1,37.54626083374024
2023-03-03,3,1,1,1,0,1,37.86946868896485
2023-03-06,3,1,1,1,0,1,37.61808395385742
2023-03-07,3,1,1,1,0,1,36.50480651855469
2023-03-08,3,1,1,1,0,1,36.3521728515625
2023-03-09,3,1,1,1,0,1,35.89429473876953
2023-03-10,3,1,1,1,0,1,36.406044006347656
2023-03-13,3,1,1,1,0,1,36.28932571411133
2023-03-14,3,1,1,1,0,1,36.23546600341797
2023-03-15,3,1,1,1,0,1,35.05933380126953
2023-03-16,3,1,1,1,0,1,35.355613708496094
2023-03-17,3,1,1,1,0,1,35.185028076171875
2023-03-20,3,1,1,1,0,1,35.14911651611328
2023-03-21,3,1,1,1,0,1,35.274810791015625
2023-03-22,3,1,1,1,0,1,36.09181213378906
2023-03-23,3,1,1,1,0,1,36.73822784423828
2023-03-24,3,1,1,1,0,1,36.76516342163086
2023-03-27,3,1,1,1,0,1,36.63947296142578
2023-03-28,3,1,1,1,0,1,37.70786666870117
2023-03-29,3,1,1,1,0,1,37.56421661376953
2023-03-30,3,1,1,1,0,1,38.33633041381836
2023-03-31,3,1,1,1,0,1,37.9053840637207
2023-04-03,4,1,2,1,0,1,38.36326217651367
2023-04-04,4,1,2,1,0,1,38.901947021484375
2023-04-05,4,1,2,1,0,1,38.17472076416016
2023-04-06,4,1,2,1,0,1,38.13881301879883
2023-04-10,4,1,2,1,0,1,37.609107971191406
2023-04-11,4,1,2,1,0,1,37.91436004638672
2023-04-12,4,1,2,1,0,1,37.64501953125
2023-04-13,4,1,2,1,0,1,39.18924331665039
2023-04-14,4,1,2,1,0,1,38.91093063354492
2023-04-17,4,1,2,1,0,1,38.45304107666016
2023-04-18,4,1,2,1,0,1,38.91093063354492
2023-04-19,4,1,2,1,0,1,38.68647384643555
2023-04-20,4,1,2,1,0,1,38.94683456420898
2023-04-21,4,1,2,1,0,1,38.65953826904297
2023-04-24,4,1,2,1,0,1,38.39019393920898
2023-04-25,4,1,2,1,0,1,37.7258186340332
2023-04-26,4,1,2,1,0,1,37.92333984375
2023-04-27,4,1,2,1,0,1,38.51588821411133
2023-04-28,4,1,2,1,0,1,38.5607795715332
2023-05-01,5,1,2,1,0,1,38.300418853759766
2023-05-02,5,1,2,1,0,1,37.91436004638672
2023-05-03,5,1,2,1,0,1,38.07596206665039
2023-05-04,5,1,2,1,0,1,37.67195129394531
2023-05-05,5,1,2,1,0,1,38.07596206665039
2023-05-08,5,1,2,1,0,1,38.10289764404297
2023-05-09,5,1,2,1,0,1,37.02553176879883
2023-05-10,5,1,2,1,0,1,36.60356140136719
2023-05-11,5,1,2,1,0,1,35.12218475341797
2023-05-12,5,1,2,1,0,1,35.185028076171875
2023-05-15,5,1,2,1,0,1,36.04692077636719
2023-05-16,5,1,2,1,0,1,35.571083068847656
2023-05-17,5,1,2,1,0,1,35.481300354003906
2023-05-18,5,1,2,1,0,1,34.807945251464844
2023-05-19,5,1,2,1,0,1,34.75407791137695
2023-05-22,5,1,2,1,0,1,35.194000244140625
2023-05-23,5,1,2,1,0,1,34.66429901123047
2023-05-24,5,1,2,1,0,1,34.52064895629883
2023-05-25,5,1,2,1,0,1,33.407371520996094
2023-05-26,5,1,2,1,0,1,33.67671203613281
2023-05-30,5,1,2,1,0,1,33.04825210571289
2023-05-31,5,1,2,1,0,1,33.25474548339844
2023-06-01,6,1,2,1,0,1,34.18846893310547
2023-06-02,6,1,2,1,0,1,34.84386444091797
2023-06-05,6,1,2,1,0,1,35.12218475341797
2023-06-06,6,1,2,1,0,1,35.373565673828125
2023-06-07,6,1,2,1,0,1,35.840415954589844
2023-06-08,6,1,2,1,0,1,36.4525260925293
2023-06-09,6,1,2,1,0,1,37.037227630615234
2023-06-12,6,1,2,1,0,1,37.01895904541016
2023-06-13,6,1,2,1,0,1,37.48488998413086
2023-06-14,6,1,2,1,0,1,38.29798889160156
2023-06-15,6,1,2,1,0,1,38.69083786010742
2023-06-16,6,1,2,1,0,1,38.5994758605957
2023-06-20,6,1,2,1,0,1,37.64933776855469
2023-06-21,6,1,2,1,0,1,37.07377243041992
2023-06-22,6,1,2,1,0,1,36.60783767700195
2023-06-23,6,1,2,1,0,1,35.73078536987305
2023-06-26,6,1,2,1,0,1,35.61201477050781
2023-06-27,6,1,2,1,0,1,36.141902923583984
2023-06-28,6,1,2,1,0,1,36.141902923583984
2023-06-29,6,1,2,1,0,1,35.86782455444336
2023-06-30,6,1,2,1,0,1,36.342891693115234
2023-07-03,7,2,3,1,0,1,36.44338607788086
2023-07-05,7,2,3,1,0,1,36.16017532348633
2023-07-06,7,2,3,1,0,1,34.74409866333008
2023-07-07,7,2,3,1,0,1,35.602882385253906
2023-07-10,7,2,3,1,0,1,35.575469970703125
2023-07-11,7,2,3,1,0,1,36.4525260925293
2023-07-12,7,2,3,1,0,1,38.18836212158203
2023-07-13,7,2,3,1,0,1,39.19331741333008
2023-07-14,7,2,3,1,0,1,38.73651885986328
2023-07-17,7,2,3,1,0,1,39.001461029052734
2023-07-18,7,2,3,1,0,1,39.26640319824219
2023-07-19,7,2,3,1,0,1,39.18417739868164
2023-07-20,7,2,3,1,0,1,39.04713821411133
2023-07-21,7,2,3,1,0,1,38.81874465942383
2023-07-24,7,2,3,1,0,1,39.54048156738281
2023-07-25,7,2,3,1,0,1,40.18914413452149
2023-07-26,7,2,3,1,0,1,40.34445190429688
2023-07-27,7,2,3,1,0,1,39.80542755126953
2023-07-28,7,2,3,1,0,1,41.10273361206055
2023-07-31,7,2,3,1,0,1,40.74643325805664
2023-08-01,8,2,3,1,0,1,39.403446197509766
2023-08-02,8,2,3,1,0,1,37.92341613769531
2023-08-03,8,2,3,1,0,1,37.41180038452149
2023-08-04,8,2,3,1,0,1,37.88687896728516
2023-08-07,8,2,3,1,0,1,37.70415496826172
2023-08-08,8,2,3,1,0,1,37.256492614746094
2023-08-09,8,2,3,1,0,1,37.07377243041992
2023-08-10,8,2,3,1,0,1,37.58538436889648
2023-08-11,8,2,3,1,0,1,37.17426300048828
2023-08-14,8,2,3,1,0,1,36.69005584716797
2023-08-15,8,2,3,1,0,1,36.15103912353516
2023-08-16,8,2,3,1,0,1,35.72164535522461
2023-08-17,8,2,3,1,0,1,35.44757080078125
2023-08-18,8,2,3,1,0,1,35.273983001708984
2023-08-21,8,2,3,1,0,1,35.66683578491211
2023-08-22,8,2,3,1,0,1,35.52065658569336
2023-08-23,8,2,3,1,0,1,36.78142166137695
2023-08-24,8,2,3,1,0,1,36.141902923583984
2023-08-25,8,2,3,1,0,1,36.63524627685547
2023-08-28,8,2,3,1,0,1,37.10118103027344
2023-08-29,8,2,3,1,0,1,37.28389739990234
2023-08-30,8,2,3,1,0,1,36.78142166137695
2023-08-31,8,2,3,1,0,1,35.73078536987305
2023-09-01,9,2,3,1,0,1,35.9957275390625
2023-09-05,9,2,3,1,0,1,35.24658203125
2023-09-06,9,2,3,1,0,1,35.13694381713867
2023-09-07,9,2,3,1,0,1,34.734962463378906
2023-09-08,9,2,3,1,0,1,35.10953903198242
2023-09-11,9,2,3,1,0,1,35.840415954589844
2023-09-12,9,2,3,1,0,1,35.73078536987305
2023-09-13,9,2,3,1,0,1,35.63029098510742
2023-09-14,9,2,3,1,0,1,35.328800201416016
2023-09-15,9,2,3,1,0,1,35.24658203125
2023-09-18,9,2,3,1,0,1,35.0090446472168
2023-09-19,9,2,3,1,0,1,35.16435623168945
2023-09-20,9,2,3,1,0,1,35.80387115478516
2023-09-21,9,2,3,1,0,1,34.92681884765625
2023-09-22,9,2,3,1,0,1,35.36534118652344
2023-09-25,9,2,3,1,0,1,35.054718017578125
2023-09-26,9,2,3,1,0,1,34.47001647949219
2023-09-27,9,2,3,1,0,1,34.11371612548828
2023-09-28,9,2,3,1,0,1,34.552242279052734
2023-09-29,9,2,3,1,0,1,34.36952209472656
2023-10-02,10,2,4,1,0,1,33.41938400268555
2023-10-03,10,2,4,1,0,1,33.136165618896484
2023-10-04,10,2,4,1,0,1,33.02654266357422
2023-10-05,10,2,4,1,0,1,33.02654266357422
2023-10-06,10,2,4,1,0,1,33.77568817138672
2023-10-09,10,2,4,1,0,1,33.8030891418457
2023-10-10,10,2,4,1,0,1,35.273983001708984
2023-10-11,10,2,4,1,0,1,35.85868453979492
2023-10-12,10,2,4,1,0,1,35.027313232421875
2023-10-13,10,2,4,1,0,1,35.14608383178711
2023-10-16,10,2,4,1,0,1,35.776466369628906
2023-10-17,10,2,4,1,0,1,35.63941955566406
2023-10-18,10,2,4,1,0,1,34.71669387817383
2023-10-19,10,2,4,1,0,1,34.45174789428711
2023-10-20,10,2,4,1,0,1,33.930999755859375
2023-10-23,10,2,4,1,0,1,34.15939712524414
2023-10-24,10,2,4,1,0,1,34.086307525634766
2023-10-25,10,2,4,1,0,1,33.62037658691406
2023-10-26,10,2,4,1,0,1,33.839637756347656
2023-10-27,10,2,4,1,0,1,33.839637756347656
2023-10-30,10,2,4,1,0,1,34.049766540527344
2023-10-31,10,2,4,1,0,1,34.15939712524414
2023-11-01,11,2,4,1,0,1,34.57051467895508
2023-11-02,11,2,4,1,0,1,35.69424057006836
2023-11-03,11,2,4,1,0,1,37.02809143066406
2023-11-06,11,2,4,1,0,1,36.75401306152344
2023-11-07,11,2,4,1,0,1,35.95917892456055
2023-11-08,11,2,4,1,0,1,35.91350555419922
2023-11-09,11,2,4,1,0,1,35.24658203125
2023-11-10,11,2,4,1,0,1,35.34707260131836
2023-11-13,11,2,4,1,0,1,35.23744201660156
2023-11-14,11,2,4,1,0,1,37.256492614746094
2023-11-15,11,2,4,1,0,1,37.82292556762695
2023-11-16,11,2,4,1,0,1,36.77228546142578
2023-11-17,11,2,4,1,0,1,36.85451126098633
2023-11-20,11,2,4,1,0,1,37.12858581542969
2023-11-21,11,2,4,1,0,1,36.47993469238281
2023-11-22,11,2,4,1,0,1,36.11449813842773
2023-11-24,11,2,4,1,0,1,36.78142166137695
2023-11-27,11,2,4,1,0,1,37.07377243041992
2023-11-28,11,2,4,1,0,1,37.512298583984375
2023-11-29,11,2,4,1,0,1,37.00068664550781
2023-11-30,11,2,4,1,0,1,36.94586944580078
2023-12-01,12,2,4,1,0,1,37.27475738525391
2023-12-04,12,2,4,1,0,1,36.77228546142578
2023-12-05,12,2,4,1,0,1,36.26980972290039
2023-12-06,12,2,4,1,0,1,36.2789421081543
2023-12-07,12,2,4,1,0,1,36.41598510742188
2023-12-08,12,2,4,1,0,1,35.83128356933594
2023-12-11,12,2,4,1,0,1,35.94091033935547
2023-12-12,12,2,4,1,0,1,35.657691955566406
2023-12-13,12,2,4,1,0,1,36.58956146240234
2023-12-14,12,2,4,1,0,1,38.41676330566406
2023-12-15,12,2,4,1,0,1,38.21576690673828
2023-12-18,12,2,4,1,0,1,37.07377243041992
2023-12-19,12,2,4,1,0,1,37.93255233764648
2023-12-20,12,2,4,1,0,1,37.503414154052734
2023-12-21,12,2,4,1,0,1,38.20631790161133
2023-12-22,12,2,4,1,0,1,37.68838882446289
2023-12-26,12,2,4,1,0,1,37.8918571472168
2023-12-27,12,2,4,1,0,1,38.81673049926758
2023-12-28,12,2,4,1,0,1,37.86411285400391
2023-12-29,12,2,4,1,0,1,38.65024948120117
2024-01-02,1,1,1,1,0,1,37.76238250732422
2024-01-03,1,1,1,1,0,1,36.78201675415039
2024-01-04,1,1,1,1,0,1,36.569297790527344
2024-01-05,1,1,1,1,0,1,36.68952560424805
2024-01-08,1,1,1,1,0,1,36.8652572631836
2024-01-09,1,1,1,1,0,1,36.39356994628906
2024-01-10,1,1,1,1,0,1,36.10686492919922
2024-01-11,1,1,1,1,0,1,36.36582565307617
2024-01-12,1,1,1,1,0,1,36.61553955078125
2024-01-16,1,1,1,1,0,1,35.14500045776367
2024-01-17,1,1,1,1,0,1,34.51608657836914
2024-01-18,1,1,1,1,0,1,35.02476501464844
2024-01-19,1,1,1,1,0,1,35.246734619140625
2024-01-22,1,1,1,1,0,1,34.56233215332031
2024-01-23,1,1,1,1,0,1,35.47795486450195
2024-01-24,1,1,1,1,0,1,35.968135833740234
2024-01-25,1,1,1,1,0,1,36.03287506103516
2024-01-26,1,1,1,1,0,1,36.65253448486328
2024-01-29,1,1,1,1,0,1,36.37507629394531
2024-01-30,1,1,1,1,0,1,36.34732818603516
2024-01-31,1,1,1,1,0,1,36.27334213256836
2024-02-01,2,1,1,1,0,1,36.93924331665039
2024-02-02,2,1,1,1,0,1,36.0791130065918
2024-02-05,2,1,1,1,0,1,35.6536750793457
2024-02-06,2,1,1,1,0,1,36.61553955078125
2024-02-07,2,1,1,1,0,1,36.17160415649414
2024-02-08,2,1,1,1,0,1,35.561187744140625
2024-02-09,2,1,1,1,0,1,35.46870422363281
2024-02-12,2,1,1,1,0,1,35.69991683959961
2024-02-13,2,1,1,1,0,1,34.68256378173828
2024-02-14,2,1,1,1,0,1,35.04326248168945
2024-02-15,2,1,1,1,0,1,35.30222702026367
2024-02-16,2,1,1,1,0,1,35.75541305541992
2024-02-20,2,1,1,1,0,1,35.39471435546875
2024-02-21,2,1,1,1,0,1,35.39471435546875
2024-02-22,2,1,1,1,0,1,35.45945358276367
2024-02-23,2,1,1,1,0,1,35.228240966796875
2024-02-26,2,1,1,1,0,1,34.89528274536133
2024-02-27,2,1,1,1,0,1,34.88603591918945
2024-02-28,2,1,1,1,0,1,34.127647399902344
2024-02-29,2,1,1,1,0,1,34.35886001586914
2024-03-01,3,1,1,1,0,1,35.19124221801758
2024-03-04,3,1,1,1,0,1,35.126502990722656
2024-03-05,3,1,1,1,0,1,34.90453338623047
2024-03-06,3,1,1,1,0,1,36.08836364746094
2024-03-07,3,1,1,1,0,1,36.19934844970703
2024-03-08,3,1,1,1,0,1,36.014373779296875
2024-03-11,3,1,1,1,0,1,36.22709274291992
2024-03-12,3,1,1,1,0,1,36.06062316894531
2024-03-13,3,1,1,1,0,1,36.67103576660156
2024-03-14,3,1,1,1,0,1,35.847896575927734
2024-03-15,3,1,1,1,0,1,35.44095993041992
2024-03-18,3,1,1,1,0,1,34.71955871582031
2024-03-19,3,1,1,1,0,1,34.756553649902344
2024-03-20,3,1,1,1,0,1,35.88489532470703
2024-03-21,3,1,1,1,0,1,35.81090545654297
2024-03-22,3,1,1,1,0,1,35.35771942138672
2024-03-25,3,1,1,1,0,1,35.4502067565918
2024-03-26,3,1,1,1,0,1,35.533443450927734
2024-03-27,3,1,1,1,0,1,36.06986999511719
2024-03-28,3,1,1,1,0,1,36.22709274291992
2024-04-01,4,1,2,1,0,1,36.09761047363281
2024-04-02,4,1,2,1,0,1,36.476806640625
2024-04-03,4,1,2,1,0,1,36.64328384399414
2024-04-04,4,1,2,1,0,1,36.69877624511719
2024-04-05,4,1,2,1,0,1,37.23520278930664
2024-04-08,4,1,2,1,0,1,37.36468505859375
2024-04-09,4,1,2,1,0,1,38.07683181762695
2024-04-10,4,1,2,1,0,1,37.12421798706055
2024-04-11,4,1,2,1,0,1,37.64214324951172
2024-04-12,4,1,2,1,0,1,36.624786376953125
2024-04-15,4,1,2,1,0,1,36.04212188720703
2024-04-16,4,1,2,1,0,1,35.4502067565918
2024-04-17,4,1,2,1,0,1,35.43170928955078
2024-04-18,4,1,2,1,0,1,35.38546371459961
2024-04-19,4,1,2,1,0,1,35.514949798583984
2024-04-22,4,1,2,1,0,1,35.44095993041992
2024-04-23,4,1,2,1,0,1,35.92189025878906
2024-04-24,4,1,2,1,0,1,35.857147216796875
2024-04-25,4,1,2,1,0,1,36.08836364746094
2024-04-26,4,1,2,1,0,1,37.03173065185547
2024-04-29,4,1,2,1,0,1,38.00284576416016
2024-04-30,4,1,2,1,0,1,37.10572052001953
2024-05-01,5,1,2,1,0,1,37.4664192199707
2024-05-02,5,1,2,1,0,1,38.07683181762695
2024-05-03,5,1,2,1,0,1,38.44678115844727
2024-05-06,5,1,2,1,0,1,38.61325454711914
2024-05-07,5,1,2,1,0,1,38.35429763793945
2024-05-08,5,1,2,1,0,1,38.32654571533203
2024-05-09,5,1,2,1,0,1,38.8814697265625
2024-05-10,5,1,2,1,0,1,39.33465194702149
2024-05-13,5,1,2,1,0,1,39.72309875488281
2024-05-14,5,1,2,1,0,1,39.778587341308594
2024-05-15,5,1,2,1,0,1,40.4999885559082
2024-05-16,5,1,2,1,0,1,40.416748046875
2024-05-17,5,1,2,1,0,1,40.592472076416016
2024-05-20,5,1,2,1,0,1,40.823692321777344
2024-05-21,5,1,2,1,0,1,41.054908752441406
2024-05-22,5,1,2,1,0,1,40.15778732299805
2024-05-23,5,1,2,1,0,1,39.306907653808594
2024-05-24,5,1,2,1,0,1,39.65835952758789
2024-05-28,5,1,2,1,0,1,39.58436965942383
2024-05-29,5,1,2,1,0,1,39.18667602539063
2024-05-30,5,1,2,1,0,1,37.62364959716797
2024-05-31,5,1,2,1,0,1,37.540409088134766
2024-06-03,6,1,2,1,0,1,38.567012786865234
2024-06-04,6,1,2,1,0,1,37.64214324951172
2024-06-05,6,1,2,1,0,1,37.216705322265625
2024-06-06,6,1,2,1,0,1,37.32769012451172
2024-06-07,6,1,2,1,0,1,36.87450408935547
2024-06-10,6,1,2,1,0,1,37.18895721435547
2024-06-11,6,1,2,1,0,1,37.49618148803711
2024-06-12,6,1,2,1,0,1,38.36993408203125
2024-06-13,6,1,2,1,0,1,37.93775177001953
2024-06-14,6,1,2,1,0,1,38.81150436401367
2024-06-17,6,1,2,1,0,1,39.23428726196289
2024-06-18,6,1,2,1,0,1,41.4609489440918
2024-06-20,6,1,2,1,0,1,41.49852752685547
2024-06-21,6,1,2,1,0,1,41.58308410644531
2024-06-24,6,1,2,1,0,1,41.32001876831055
2024-06-25,6,1,2,1,0,1,40.605987548828125
2024-06-26,6,1,2,1,0,1,40.73751831054688
2024-06-27,6,1,2,1,0,1,39.64767837524414
2024-06-28,6,1,2,1,0,1,40.69993591308594
2024-07-01,7,2,3,1,0,1,40.56840515136719
2024-07-02,7,2,3,1,0,1,39.910743713378906
2024-07-03,7,2,3,1,0,1,40.83147048950195
2024-07-05,7,2,3,1,0,1,41.63945770263672
2024-07-08,7,2,3,1,0,1,41.63945770263672
2024-07-09,7,2,3,1,0,1,41.44215774536133
2024-07-10,7,2,3,1,0,1,41.686431884765625
2024-07-11,7,2,3,1,0,1,42.0340576171875
2024-07-12,7,2,3,1,0,1,42.37228012084961
2024-07-15,7,2,3,1,0,1,41.66764068603516
2024-07-16,7,2,3,1,0,1,42.34409713745117
2024-07-17,7,2,3,1,0,1,41.28243637084961
2024-07-18,7,2,3,1,0,1,40.72812271118164
2024-07-19,7,2,3,1,0,1,40.65296173095703
2024-07-22,7,2,3,1,0,1,41.21667098999024
2024-07-23,7,2,3,1,0,1,40.9254264831543
2024-07-24,7,2,3,1,0,1,40.65296173095703
2024-07-25,7,2,3,1,0,1,40.869049072265625
2024-07-26,7,2,3,1,0,1,41.21667098999024
2024-07-29,7,2,3,1,0,1,40.859657287597656
2024-07-30,7,2,3,1,0,1,41.47034454345703
2024-07-31,7,2,3,1,0,1,42.75748062133789
2024-08-01,8,2,3,1,0,1,41.808570861816406
2024-08-02,8,2,3,1,0,1,41.23546600341797
2024-08-05,8,2,3,1,0,1,40.136226654052734
2024-08-06,8,2,3,1,0,1,40.01409149169922
2024-08-07,8,2,3,1,0,1,40.06106185913086
2024-08-08,8,2,3,1,0,1,41.19788360595703
2024-08-09,8,2,3,1,0,1,41.479740142822266
2024-08-12,8,2,3,1,0,1,41.25425338745117
2024-08-13,8,2,3,1,0,1,42.10921859741211
2024-08-14,8,2,3,1,0,1,42.53199768066406
2024-08-15,8,2,3,1,0,1,43.21784973144531
2024-08-16,8,2,3,1,0,1,44.06341552734375
2024-08-19,8,2,3,1,0,1,45.03112030029297
2024-08-20,8,2,3,1,0,1,44.42042922973633
2024-08-21,8,2,3,1,0,1,44.66470718383789
2024-08-22,8,2,3,1,0,1,43.57486343383789
2024-08-23,8,2,3,1,0,1,44.89958572387695
2024-08-26,8,2,3,1,0,1,44.674102783203125
2024-08-27,8,2,3,1,0,1,44.95595550537109
2024-08-28,8,2,3,1,0,1,44.23252868652344
2024-08-29,8,2,3,1,0,1,44.44861602783203
2024-08-30,8,2,3,1,0,1,44.11978530883789
2024-09-03,9,2,3,1,0,1,42.73869323730469
2024-09-04,9,2,3,1,0,1,42.87961959838867
2024-09-05,9,2,3,1,0,1,43.452728271484375
2024-09-06,9,2,3,1,0,1,42.635345458984375
2024-09-09,9,2,3,1,0,1,42.8608283996582
2024-09-10,9,2,3,1,0,1,42.73869323730469
2024-09-11,9,2,3,1,0,1,43.01115417480469
2024-09-12,9,2,3,1,0,1,43.452728271484375
2024-09-13,9,2,3,1,0,1,43.565467834472656
2024-09-16,9,2,3,1,0,1,43.94127655029297
2024-09-17,9,2,3,1,0,1,44.34526824951172
2024-09-18,9,2,3,1,0,1,44.36406326293945
2024-09-19,9,2,3,1,0,1,45.22841644287109
2024-09-20,9,2,3,1,0,1,45.5196647644043
2024-09-23,9,2,3,1,0,1,46.421607971191406
2024-09-24,9,2,3,1,0,1,47.61479187011719
2024-09-25,9,2,3,1,0,1,47.1732177734375
2024-09-26,9,2,3,1,0,1,48.35701370239258
2024-09-27,9,2,3,1,0,1,48.43217468261719
2024-09-30,9,2,3,1,0,1,47.35173034667969
2024-10-01,10,2,4,1,0,1,47.126243591308594
2024-10-02,10,2,4,1,0,1,47.34233093261719
2024-10-03,10,2,4,1,0,1,46.75043487548828
2024-10-04,10,2,4,1,0,1,46.78801727294922
2024-10-07,10,2,4,1,0,1,46.67527389526367
2024-10-08,10,2,4,1,0,1,46.03640365600586
2024-10-09,10,2,4,1,0,1,45.763938903808594
2024-10-10,10,2,4,1,0,1,46.30886459350586
2024-10-11,10,2,4,1,0,1,47.03229522705078
2024-10-14,10,2,4,1,0,1,46.57192611694336
2024-10-15,10,2,4,1,0,1,46.11156463623047
2024-10-16,10,2,4,1,0,1,46.71285629272461
2024-10-17,10,2,4,1,0,1,46.694068908691406
2024-10-18,10,2,4,1,0,1,47.48326110839844
2024-10-21,10,2,4,1,0,1,47.36112594604492
2024-10-22,10,2,4,1,0,1,47.520843505859375
2024-10-23,10,2,4,1,0,1,46.45918655395508
2024-10-24,10,2,4,1,0,1,47.126243591308594
2024-10-25,10,2,4,1,0,1,46.67527389526367
2024-10-28,10,2,4,1,0,1,47.20140838623047
2024-10-29,10,2,4,1,0,1,47.107452392578125
2024-10-30,10,2,4,1,0,1,46.67527389526367
2024-10-31,10,2,4,1,0,1,46.374629974365234
2024-11-01,11,2,4,1,0,1,46.45918655395508
2024-11-04,11,2,4,1,0,1,46.75983428955078
2024-11-05,11,2,4,1,0,1,47.61479187011719
2024-11-06,11,2,4,1,0,1,46.421607971191406
2024-11-07,11,2,4,1,0,1,47.51144409179688
2024-11-08,11,2,4,1,0,1,46.04579544067383
2024-11-11,11,2,4,1,0,1,44.79623794555664
2024-11-12,11,2,4,1,0,1,44.17615509033203
2024-11-13,11,2,4,1,0,1,43.52789306640625
2024-11-14,11,2,4,1,0,1,43.46212387084961
2024-11-15,11,2,4,1,0,1,43.593658447265625
2024-11-18,11,2,4,1,0,1,44.7586555480957
2024-11-19,11,2,4,1,0,1,44.56135940551758
2024-11-20,11,2,4,1,0,1,44.58014678955078
2024-11-21,11,2,4,1,0,1,45.18143844604492
2024-11-22,11,2,4,1,0,1,44.9841423034668
2024-11-25,11,2,4,1,0,1,44.382850646972656
2024-11-26,11,2,4,1,0,1,44.401641845703125
2024-11-27,11,2,4,1,0,1,44.00704193115234
2024-11-29,11,2,4,1,0,1,44.58014678955078
2024-12-02,12,2,4,1,0,1,44.589542388916016
2024-12-03,12,2,4,1,0,1,44.589542388916016
2024-12-04,12,2,4,1,0,1,44.862003326416016
2024-12-05,12,2,4,1,0,1,45.54785537719727
2024-12-06,12,2,4,1,0,1,45.42571258544922
2024-12-09,12,2,4,1,0,1,46.25249099731445
2024-12-10,12,2,4,1,0,1,46.24309921264648
2024-12-11,12,2,4,1,0,1,46.562530517578125
2024-12-12,12,2,4,1,0,1,46.00821685791016
2024-12-13,12,2,4,1,0,1,46.05519485473633
2024-12-16,12,2,4,1,0,1,46.00821685791016
2024-12-17,12,2,4,1,0,1,44.748191833496094
2024-12-18,12,2,4,1,0,1,42.81121063232422
2024-12-19,12,2,4,1,0,1,42.910037994384766
2024-12-20,12,2,4,1,0,1,43.19663238525391
2024-12-23,12,2,4,1,0,1,42.860626220703125
2024-12-24,12,2,4,1,0,1,42.732154846191406
2024-12-26,12,2,4,1,0,1,42.34673309326172
2024-12-27,12,2,4,1,0,1,42.29731750488281
2024-12-30,12,2,4,1,0,1,41.65495681762695
2024-12-31,12,2,4,1,0,1,41.41777420043945
2025-01-02,1,1,1,1,0,1,41.83284378051758
2025-01-03,1,1,1,1,0,1,42.27755355834961
2025-01-06,1,1,1,1,0,1,41.93166732788086
2025-01-07,1,1,1,1,0,1,41.47706985473633
2025-01-08,1,1,1,1,0,1,41.21023941040039
2025-01-10,1,1,1,1,0,1,40.646934509277344
2025-01-13,1,1,1,1,0,1,40.35046005249024
2025-01-14,1,1,1,1,0,1,40.69634628295898
2025-01-15,1,1,1,1,0,1,41.92177963256836
2025-01-16,1,1,1,1,0,1,41.53636169433594
2025-01-17,1,1,1,1,0,1,42.16884613037109
2025-01-21,1,1,1,1,1,1,43.03850936889648
2025-01-22,1,1,1,1,1,1,42.860626220703125
2025-01-23,1,1,1,1,1,1,42.63332748413086
2025-01-24,1,1,1,1,1,1,42.87051010131836
2025-01-27,1,1,1,1,1,1,42.208377838134766
2025-01-28,1,1,1,1,1,1,42.65309143066406
2025-01-29,1,1,1,1,1,1,43.16698455810547
2025-01-30,1,1,1,1,1,1,44.086063385009766
2025-01-31,1,1,1,1,1,1,43.23616409301758
2025-02-03,2,1,1,1,1,1,43.24604415893555
2025-02-04,2,1,1,1,1,1,44.10582733154297
2025-02-05,2,1,1,1,1,1,44.31336212158203
2025-02-06,2,1,1,1,1,1,45.074317932128906
2025-02-07,2,1,1,1,1,1,44.89643096923828
2025-02-10,2,1,1,1,1,1,45.50914764404297
2025-02-11,2,1,1,1,1,1,45.12372970581055
2025-02-12,2,1,1,1,1,1,45.34114837646485
2025-02-13,2,1,1,1,1,1,45.53879928588867
2025-02-14,2,1,1,1,1,1,45.66727066040039
2025-02-18,2,1,1,1,1,1,46.1811637878418
2025-02-19,2,1,1,1,1,1,45.677154541015625
2025-02-20,2,1,1,1,1,1,46.27999114990234
2025-02-21,2,1,1,1,1,1,46.03292465209961
2025-02-24,2,1,1,1,1,1,45.5190315246582
2025-02-25,2,1,1,1,1,1,45.58821105957031
2025-02-26,2,1,1,1,1,1,45.55855941772461
2025-02-27,2,1,1,1,1,1,44.679012298583984
2025-02-28,2,1,1,1,1,1,43.8785285949707
2025-03-03,3,1,1,1,1,1,44.016883850097656
2025-03-04,3,1,1,1,1,1,44.5406608581543
2025-03-05,3,1,1,1,1,1,45.84515380859375
2025-03-06,3,1,1,1,1,1,46.023040771484375
2025-03-07,3,1,1,1,1,1,46.28987121582031
2025-03-10,3,1,1,1,1,1,45.23243713378906
2025-03-11,3,1,1,1,1,1,45.76609802246094
2025-03-12,3,1,1,1,1,1,45.43009185791016
2025-03-13,3,1,1,1,1,1,45.321380615234375
2025-03-14,3,1,1,1,1,1,46.44799041748047
2025-03-17,3,1,1,1,1,1,47.17930221557617
2025-03-18,3,1,1,1,1,1,47.12988662719727
2025-03-19,3,1,1,1,1,1,48.19720458984375
2025-03-20,3,1,1,1,1,1,47.46589279174805
2025-03-21,3,1,1,1,1,1,47.04094314575195
2025-03-24,3,1,1,1,1,1,47.14965057373047
2025-03-25,3,1,1,1,1,1,47.367069244384766
2025-03-26,3,1,1,1,1,1,47.59436798095703
2025-03-27,3,1,1,1,1,1,47.64377975463867
2025-03-28,3,1,1,1,1,1,47.04094314575195
2025-03-31,3,1,1,1,1,1,47.564720153808594
2025-04-01,4,1,2,1,1,1,47.53507232666016
2025-04-02,4,1,2,1,1,1,46.10210418701172
2025-04-03,4,1,2,1,1,1,44.35289001464844
2025-04-04,4,1,2,1,1,1,40.805057525634766
2025-04-07,4,1,2,1,1,1,40.29116439819336
2025-04-08,4,1,2,1,1,1,40.06386566162109
2025-04-09,4,1,2,1,1,1,43.75005722045898
2025-04-10,4,1,2,1,1,1,43.42393112182617
2025-04-11,4,1,2,1,1,1,45.08419799804688
2025-04-14,4,1,2,1,1,1,46.665409088134766
2025-04-15,4,1,2,1,1,1,46.54681396484375
2025-04-16,4,1,2,1,1,1,46.87294006347656
2025-04-17,4,1,2,1,1,1,47.33742141723633
2025-04-21,4,1,2,1,1,1,47.04094314575195
2025-04-22,4,1,2,1,1,1,47.59436798095703
2025-04-23,4,1,2,1,1,1,46.99153137207031
2025-04-24,4,1,2,1,1,1,47.3967170715332
2025-04-25,4,1,2,1,1,1,47.81178665161133
2025-04-28,4,1,2,1,1,1,48.51344680786133
2025-04-29,4,1,2,1,1,1,48.56285858154297
2025-04-30,4,1,2,1,1,1,48.93839645385742
2025-05-01,5,1,2,1,1,1,48.69132995605469
2025-05-02,5,1,2,1,1,1,49.60052490234375
2025-05-05,5,1,2,1,1,1,49.84758758544922
2025-05-06,5,1,2,1,1,1,50.11441802978516
2025-05-07,5,1,2,1,1,1,49.64005661010742
2025-05-08,5,1,2,1,1,1,49.26451873779297
2025-05-09,5,1,2,1,1,1,50.04523849487305
2025-05-12,5,1,2,1,1,1,49.60052490234375
2025-05-13,5,1,2,1,1,1,49.81793975830078
2025-05-14,5,1,2,1,1,1,49.63017272949219
2025-05-15,5,1,2,1,1,1,50.48995590209961
2025-05-16,5,1,2,1,1,1,50.6381950378418
2025-05-19,5,1,2,1,1,1,50.48007583618164
2025-05-20,5,1,2,1,1,1,51.003849029541016
2025-05-21,5,1,2,1,1,1,50.8457260131836
2025-05-22,5,1,2,1,1,1,50.82596206665039
2025-05-23,5,1,2,1,1,1,51.90316009521485
2025-05-27,5,1,2,1,1,1,51.300323486328125
2025-05-28,5,1,2,1,1,1,51.41891479492188
2025-05-29,5,1,2,1,1,1,52.42693328857422
2025-05-30,5,1,2,1,1,1,51.5968017578125
2025-06-02,6,1,2,1,1,1,52.64435195922852
2025-06-03,6,1,2,1,1,1,52.50599670410156
2025-06-04,6,1,2,1,1,1,52.83211898803711
2025-06-05,6,1,2,1,1,1,53.39542388916016
2025-06-06,6,1,2,1,1,1,53.30648040771485
2025-06-09,6,1,2,1,1,1,53.80060958862305
2025-06-10,6,1,2,1,1,1,54.01802444458008
2025-06-11,6,1,2,1,1,1,53.44483947753906
2025-06-12,6,1,2,1,1,1,54.12673568725586
2025-06-13,6,1,2,1,1,1,52.67399978637695
2025-06-16,6,1,2,1,1,1,53.040000915527344
2025-06-17,6,1,2,1,1,1,51.560001373291016
2025-06-18,6,1,2,1,1,1,51.79999923706055
2025-06-20,6,1,2,1,1,1,51.72999954223633
2025-06-23,6,1,2,1,1,1,52.34999847412109
2025-06-24,6,1,2,1,1,1,53.459999084472656
2025-06-25,6,1,2,1,1,1,52.88999938964844
2025-06-26,6,1,2,1,1,1,52.97999954223633
2025-06-27,6,1,2,1,1,1,52.63999938964844
2025-06-30,6,1,2,1,1,1,53.75
2025-07-01,7,2,3,1,1,1,54.209999084472656
2025-07-02,7,2,3,1,1,1,54.310001373291016
2025-07-03,7,2,3,1,1,1,54.790000915527344
