Date,mes,semestre,quadrimestre,covid,trump,guerra_ucrania,MSCI INDIA
2016-01-04,1,1,1,0,0,0,23.988008499145508
2016-01-05,1,1,1,0,0,0,24.219690322875977
2016-01-06,1,1,1,0,0,0,23.86325454711914
2016-01-07,1,1,1,0,0,0,23.105833053588867
2016-01-08,1,1,1,0,0,0,23.0078125
2016-01-11,1,1,1,0,0,0,23.248409271240234
2016-01-12,1,1,1,0,0,0,23.1414794921875
2016-01-13,1,1,1,0,0,0,22.9365291595459
2016-01-14,1,1,1,0,0,0,23.1236515045166
2016-01-15,1,1,1,0,0,0,22.437519073486328
2016-01-19,1,1,1,0,0,0,22.428607940673828
2016-01-20,1,1,1,0,0,0,22.13455390930176
2016-01-21,1,1,1,0,0,0,22.018709182739254
2016-01-22,1,1,1,0,0,0,22.597909927368164
2016-01-25,1,1,1,0,0,0,22.26821517944336
2016-01-26,1,1,1,0,0,0,22.51771545410156
2016-01-27,1,1,1,0,0,0,22.32167625427246
2016-01-28,1,1,1,0,0,0,22.45533943176269
2016-01-29,1,1,1,0,0,0,23.150388717651367
2016-02-01,2,1,1,0,0,0,23.061277389526367
2016-02-02,2,1,1,0,0,0,22.410783767700195
2016-02-03,2,1,1,0,0,0,22.69593048095703
2016-02-04,2,1,1,0,0,0,22.704843521118164
2016-02-05,2,1,1,0,0,0,22.66920280456543
2016-02-08,2,1,1,0,0,0,22.44643211364746
2016-02-09,2,1,1,0,0,0,22.054349899291992
2016-02-10,2,1,1,0,0,0,21.76029586791992
2016-02-11,2,1,1,0,0,0,21.10980033874512
2016-02-12,2,1,1,0,0,0,21.421680450439453
2016-02-16,2,1,1,0,0,0,21.35039520263672
2016-02-17,2,1,1,0,0,0,21.795936584472656
2016-02-18,2,1,1,0,0,0,21.64445304870605
2016-02-19,2,1,1,0,0,0,21.689008712768555
2016-02-22,2,1,1,0,0,0,22.09890365600586
2016-02-23,2,1,1,0,0,0,21.47515106201172
2016-02-24,2,1,1,0,0,0,21.466238021850582
2016-02-25,2,1,1,0,0,0,21.421680450439453
2016-02-26,2,1,1,0,0,0,21.181093215942383
2016-02-29,2,1,1,0,0,0,21.403858184814453
2016-03-01,3,1,1,0,0,0,22.464252471923828
2016-03-02,3,1,1,0,0,0,22.86524200439453
2016-03-03,3,1,1,0,0,0,23.070188522338867
2016-03-04,3,1,1,0,0,0,23.390979766845703
2016-03-07,3,1,1,0,0,0,23.248409271240234
2016-03-08,3,1,1,0,0,0,22.97216796875
2016-03-09,3,1,1,0,0,0,23.23949813842773
2016-03-10,3,1,1,0,0,0,23.016725540161133
2016-03-11,3,1,1,0,0,0,23.44444465637207
2016-03-14,3,1,1,0,0,0,23.30187225341797
2016-03-15,3,1,1,0,0,0,22.954349517822266
2016-03-16,3,1,1,0,0,0,23.426624298095703
2016-03-17,3,1,1,0,0,0,23.41771507263184
2016-03-18,3,1,1,0,0,0,23.622663497924805
2016-03-21,3,1,1,0,0,0,23.97018814086914
2016-03-22,3,1,1,0,0,0,23.80978775024414
2016-03-23,3,1,1,0,0,0,23.774145126342773
2016-03-24,3,1,1,0,0,0,23.756322860717773
2016-03-28,3,1,1,0,0,0,23.67612648010254
2016-03-29,3,1,1,0,0,0,23.86325454711914
2016-03-30,3,1,1,0,0,0,24.06820297241211
2016-03-31,3,1,1,0,0,0,24.166221618652344
2016-04-01,4,1,2,0,0,0,24.07711601257324
2016-04-04,4,1,2,0,0,0,24.032560348510746
2016-04-05,4,1,2,0,0,0,23.542465209960938
2016-04-06,4,1,2,0,0,0,23.720680236816406
2016-04-07,4,1,2,0,0,0,23.1592960357666
2016-04-08,4,1,2,0,0,0,23.30187225341797
2016-04-11,4,1,2,0,0,0,23.756322860717773
2016-04-12,4,1,2,0,0,0,24.094940185546875
2016-04-13,4,1,2,0,0,0,24.36225891113281
2016-04-14,4,1,2,0,0,0,24.397905349731445
2016-04-15,4,1,2,0,0,0,24.45137023925781
2016-04-18,4,1,2,0,0,0,24.56721305847168
2016-04-19,4,1,2,0,0,0,24.896913528442383
2016-04-20,4,1,2,0,0,0,24.58503150939941
2016-04-21,4,1,2,0,0,0,24.29097557067871
2016-04-22,4,1,2,0,0,0,24.23751449584961
2016-04-25,4,1,2,0,0,0,24.07711601257324
2016-04-26,4,1,2,0,0,0,24.593944549560547
2016-04-27,4,1,2,0,0,0,24.72760963439941
2016-04-28,4,1,2,0,0,0,24.14840507507324
2016-04-29,4,1,2,0,0,0,24.112756729125977
2016-05-02,5,1,2,0,0,0,24.19295692443848
2016-05-03,5,1,2,0,0,0,23.685039520263672
2016-05-04,5,1,2,0,0,0,23.542465209960938
2016-05-05,5,1,2,0,0,0,23.738506317138672
2016-05-06,5,1,2,0,0,0,23.83652114868164
2016-05-09,5,1,2,0,0,0,23.96127319335937
2016-05-10,5,1,2,0,0,0,24.23751449584961
2016-05-11,5,1,2,0,0,0,24.050382614135746
2016-05-12,5,1,2,0,0,0,24.094940185546875
2016-05-13,5,1,2,0,0,0,23.649394989013672
2016-05-16,5,1,2,0,0,0,24.01473999023437
2016-05-17,5,1,2,0,0,0,23.988008499145508
2016-05-18,5,1,2,0,0,0,23.84543228149414
2016-05-19,5,1,2,0,0,0,23.453353881835938
2016-05-20,5,1,2,0,0,0,23.44444465637207
2016-05-23,5,1,2,0,0,0,23.33751678466797
2016-05-24,5,1,2,0,0,0,23.453353881835938
2016-05-25,5,1,2,0,0,0,24.041465759277344
2016-05-26,5,1,2,0,0,0,24.47810173034668
2016-05-27,5,1,2,0,0,0,24.77216148376465
2016-05-31,5,1,2,0,0,0,24.620677947998047
2016-06-01,6,1,2,0,0,0,24.67414283752441
2016-06-02,6,1,2,0,0,0,24.941469192504883
2016-06-03,6,1,2,0,0,0,25.092952728271484
2016-06-06,6,1,2,0,0,0,25.057308197021484
2016-06-07,6,1,2,0,0,0,25.19096946716309
2016-06-08,6,1,2,0,0,0,25.33354759216309
2016-06-09,6,1,2,0,0,0,24.941469192504883
2016-06-10,6,1,2,0,0,0,24.620677947998047
2016-06-13,6,1,2,0,0,0,24.36225891113281
2016-06-14,6,1,2,0,0,0,24.353349685668945
2016-06-15,6,1,2,0,0,0,24.77216148376465
2016-06-16,6,1,2,0,0,0,24.593944549560547
2016-06-17,6,1,2,0,0,0,24.647409439086918
2016-06-20,6,1,2,0,0,0,24.74542999267578
2016-06-21,6,1,2,0,0,0,24.74542999267578
2016-06-22,6,1,2,0,0,0,24.663841247558597
2016-06-23,6,1,2,0,0,0,25.130046844482425
2016-06-24,6,1,2,0,0,0,23.982471466064453
2016-06-27,6,1,2,0,0,0,23.946609497070312
2016-06-28,6,1,2,0,0,0,24.4397087097168
2016-06-29,6,1,2,0,0,0,24.887977600097656
2016-06-30,6,1,2,0,0,0,25.03142738342285
2016-07-01,7,2,3,0,0,0,25.35418128967285
2016-07-05,7,2,3,0,0,0,25.022459030151367
2016-07-06,7,2,3,0,0,0,25.076255798339844
2016-07-07,7,2,3,0,0,0,25.06728744506836
2016-07-08,7,2,3,0,0,0,25.51555633544922
2016-07-11,7,2,3,0,0,0,25.721759796142575
2016-07-12,7,2,3,0,0,0,25.936931610107425
2016-07-13,7,2,3,0,0,0,25.901065826416016
2016-07-14,7,2,3,0,0,0,26.107276916503903
2016-07-15,7,2,3,0,0,0,25.865205764770508
2016-07-18,7,2,3,0,0,0,25.82038307189941
2016-07-19,7,2,3,0,0,0,25.784521102905277
2016-07-20,7,2,3,0,0,0,25.838314056396484
2016-07-21,7,2,3,0,0,0,25.67693519592285
2016-07-22,7,2,3,0,0,0,25.99072265625
2016-07-25,7,2,3,0,0,0,26.035552978515625
2016-07-26,7,2,3,0,0,0,25.96382713317871
2016-07-27,7,2,3,0,0,0,26.2327938079834
2016-07-28,7,2,3,0,0,0,26.41209602355957
2016-07-29,7,2,3,0,0,0,26.49279022216797
2016-08-01,8,2,3,0,0,0,26.40312957763672
2016-08-02,8,2,3,0,0,0,26.385204315185547
2016-08-03,8,2,3,0,0,0,26.331409454345703
2016-08-04,8,2,3,0,0,0,26.2327938079834
2016-08-05,8,2,3,0,0,0,26.60934066772461
2016-08-08,8,2,3,0,0,0,26.60934066772461
2016-08-09,8,2,3,0,0,0,26.618303298950195
2016-08-10,8,2,3,0,0,0,26.277618408203125
2016-08-11,8,2,3,0,0,0,26.528648376464844
2016-08-12,8,2,3,0,0,0,26.60037422180176
2016-08-15,8,2,3,0,0,0,26.645198822021484
2016-08-16,8,2,3,0,0,0,26.39416885375977
2016-08-17,8,2,3,0,0,0,26.36727333068848
2016-08-18,8,2,3,0,0,0,26.519685745239254
2016-08-19,8,2,3,0,0,0,26.42105865478516
2016-08-22,8,2,3,0,0,0,26.098308563232425
2016-08-23,8,2,3,0,0,0,26.116241455078125
2016-08-24,8,2,3,0,0,0,26.39416885375977
2016-08-25,8,2,3,0,0,0,26.187963485717773
2016-08-26,8,2,3,0,0,0,25.97279167175293
2016-08-29,8,2,3,0,0,0,26.295551300048828
2016-08-30,8,2,3,0,0,0,26.43899345397949
2016-08-31,8,2,3,0,0,0,26.501752853393555
2016-09-01,9,2,3,0,0,0,26.645198822021484
2016-09-02,9,2,3,0,0,0,27.03071403503418
2016-09-06,9,2,3,0,0,0,27.416221618652344
2016-09-07,9,2,3,0,0,0,27.24588203430176
2016-09-08,9,2,3,0,0,0,27.156227111816406
2016-09-09,9,2,3,0,0,0,26.39416885375977
2016-09-12,9,2,3,0,0,0,26.645198822021484
2016-09-13,9,2,3,0,0,0,26.107276916503903
2016-09-14,9,2,3,0,0,0,26.331409454345703
2016-09-15,9,2,3,0,0,0,26.591407775878903
2016-09-16,9,2,3,0,0,0,26.40312957763672
2016-09-19,9,2,3,0,0,0,26.447959899902344
2016-09-20,9,2,3,0,0,0,26.36727333068848
2016-09-21,9,2,3,0,0,0,26.815542221069336
2016-09-22,9,2,3,0,0,0,27.04864501953125
2016-09-23,9,2,3,0,0,0,26.672096252441406
2016-09-26,9,2,3,0,0,0,26.385204315185547
2016-09-27,9,2,3,0,0,0,26.537612915039062
2016-09-28,9,2,3,0,0,0,26.90519905090332
2016-09-29,9,2,3,0,0,0,25.874174118041992
2016-09-30,9,2,3,0,0,0,26.36727333068848
2016-10-03,10,2,4,0,0,0,26.887264251708984
2016-10-04,10,2,4,0,0,0,26.725887298583984
2016-10-05,10,2,4,0,0,0,26.815542221069336
2016-10-06,10,2,4,0,0,0,26.707956314086918
2016-10-07,10,2,4,0,0,0,26.69899177551269
2016-10-10,10,2,4,0,0,0,26.806575775146484
2016-10-11,10,2,4,0,0,0,26.537612915039062
2016-10-12,10,2,4,0,0,0,26.49279022216797
2016-10-13,10,2,4,0,0,0,26.16106414794922
2016-10-14,10,2,4,0,0,0,26.16106414794922
2016-10-17,10,2,4,0,0,0,25.954864501953125
2016-10-18,10,2,4,0,0,0,26.510719299316406
2016-10-19,10,2,4,0,0,0,26.501752853393555
2016-10-20,10,2,4,0,0,0,26.447959899902344
2016-10-21,10,2,4,0,0,0,26.447959899902344
2016-10-24,10,2,4,0,0,0,26.4748592376709
2016-10-25,10,2,4,0,0,0,26.36727333068848
2016-10-26,10,2,4,0,0,0,26.14313697814941
2016-10-27,10,2,4,0,0,0,25.91003799438477
2016-10-28,10,2,4,0,0,0,25.99072265625
2016-10-31,10,2,4,0,0,0,26.035552978515625
2016-11-01,11,2,4,0,0,0,26.008657455444336
2016-11-02,11,2,4,0,0,0,25.62314224243164
2016-11-03,11,2,4,0,0,0,25.614177703857425
2016-11-04,11,2,4,0,0,0,25.17487144470215
2016-11-07,11,2,4,0,0,0,25.82038307189941
2016-11-08,11,2,4,0,0,0,25.32728385925293
2016-11-09,11,2,4,0,0,0,25.36314392089844
2016-11-10,11,2,4,0,0,0,24.9238395690918
2016-11-11,11,2,4,0,0,0,23.794198989868164
2016-11-14,11,2,4,0,0,0,23.830062866210938
2016-11-15,11,2,4,0,0,0,23.919713973999023
2016-11-16,11,2,4,0,0,0,23.56110000610352
2016-11-17,11,2,4,0,0,0,23.63282012939453
2016-11-18,11,2,4,0,0,0,23.40869140625
2016-11-21,11,2,4,0,0,0,23.166622161865234
2016-11-22,11,2,4,0,0,0,23.363859176635746
2016-11-23,11,2,4,0,0,0,23.184551239013672
2016-11-25,11,2,4,0,0,0,23.713510513305664
2016-11-28,11,2,4,0,0,0,23.830062866210938
2016-11-29,11,2,4,0,0,0,23.90178108215332
2016-11-30,11,2,4,0,0,0,24.14385414123535
2016-12-01,12,2,4,0,0,0,24.036266326904297
2016-12-02,12,2,4,0,0,0,23.794198989868164
2016-12-05,12,2,4,0,0,0,24.00040054321289
2016-12-06,12,2,4,0,0,0,24.197641372680664
2016-12-07,12,2,4,0,0,0,24.430742263793945
2016-12-08,12,2,4,0,0,0,24.699705123901367
2016-12-09,12,2,4,0,0,0,24.61005210876465
2016-12-12,12,2,4,0,0,0,24.350053787231445
2016-12-13,12,2,4,0,0,0,24.52936363220215
2016-12-14,12,2,4,0,0,0,23.991436004638672
2016-12-15,12,2,4,0,0,0,24.11695671081543
2016-12-16,12,2,4,0,0,0,24.054197311401367
2016-12-19,12,2,4,0,0,0,23.93764305114746
2016-12-20,12,2,4,0,0,0,23.892822265625
2016-12-21,12,2,4,0,0,0,23.761558532714844
2016-12-22,12,2,4,0,0,0,23.43790626525879
2016-12-23,12,2,4,0,0,0,23.4738712310791
2016-12-27,12,2,4,0,0,0,23.65367126464844
2016-12-28,12,2,4,0,0,0,23.5727596282959
2016-12-29,12,2,4,0,0,0,23.97732734680176
2016-12-30,12,2,4,0,0,0,24.10319328308105
2017-01-03,1,1,1,0,0,0,24.211082458496094
2017-01-04,1,1,1,0,0,0,24.345935821533203
2017-01-05,1,1,1,0,0,0,24.678577423095703
2017-01-06,1,1,1,0,0,0,24.37290573120117
2017-01-09,1,1,1,0,0,0,24.28300094604492
2017-01-10,1,1,1,0,0,0,24.444826126098636
2017-01-11,1,1,1,0,0,0,24.81343460083008
2017-01-12,1,1,1,0,0,0,24.86737632751465
2017-01-13,1,1,1,0,0,0,24.86737632751465
2017-01-17,1,1,1,0,0,0,24.74150848388672
2017-01-18,1,1,1,0,0,0,24.76848030090332
2017-01-19,1,1,1,0,0,0,24.78646469116211
2017-01-20,1,1,1,0,1,0,24.552711486816406
2017-01-23,1,1,1,0,1,0,24.849395751953125
2017-01-24,1,1,1,0,1,0,25.10112762451172
2017-01-25,1,1,1,0,1,0,25.532663345336918
2017-01-26,1,1,1,0,1,0,25.37083625793457
2017-01-27,1,1,1,0,1,0,25.424781799316406
2017-01-30,1,1,1,0,1,0,25.52367210388184
2017-01-31,1,1,1,0,1,0,25.496702194213867
2017-02-01,2,1,1,0,1,0,25.757423400878903
2017-02-02,2,1,1,0,1,0,25.928241729736328
2017-02-03,2,1,1,0,1,0,26.11703872680664
2017-02-06,2,1,1,0,1,0,26.14400863647461
2017-02-07,2,1,1,0,1,0,26.009151458740234
2017-02-08,2,1,1,0,1,0,26.260883331298828
2017-02-09,2,1,1,0,1,0,26.413719177246094
2017-02-10,2,1,1,0,1,0,26.494630813598636
2017-02-13,2,1,1,0,1,0,26.413719177246094
2017-02-14,2,1,1,0,1,0,26.35078811645508
2017-02-15,2,1,1,0,1,0,26.09905815124512
2017-02-16,2,1,1,0,1,0,26.21592903137207
2017-02-17,2,1,1,0,1,0,26.242904663085938
2017-02-21,2,1,1,0,1,0,26.665451049804688
2017-02-22,2,1,1,0,1,0,26.629487991333008
2017-02-23,2,1,1,0,1,0,26.854248046875
2017-02-24,2,1,1,0,1,0,26.629487991333008
2017-02-27,2,1,1,0,1,0,26.6744441986084
2017-02-28,2,1,1,0,1,0,26.6744441986084
2017-03-01,3,1,1,0,1,0,27.087995529174805
2017-03-02,3,1,1,0,1,0,26.57554626464844
2017-03-03,3,1,1,0,1,0,26.845260620117188
2017-03-06,3,1,1,0,1,0,26.91718101501465
2017-03-07,3,1,1,0,1,0,26.881216049194336
2017-03-08,3,1,1,0,1,0,26.6744441986084
2017-03-09,3,1,1,0,1,0,26.854248046875
2017-03-10,3,1,1,0,1,0,27.01607322692871
2017-03-13,3,1,1,0,1,0,27.753286361694336
2017-03-14,3,1,1,0,1,0,27.66338539123535
2017-03-15,3,1,1,0,1,0,28.166841506958008
2017-03-16,3,1,1,0,1,0,28.11290168762207
2017-03-17,3,1,1,0,1,0,27.978046417236328
2017-03-20,3,1,1,0,1,0,28.13987159729004
2017-03-21,3,1,1,0,1,0,27.672372817993164
2017-03-22,3,1,1,0,1,0,27.744295120239254
2017-03-23,3,1,1,0,1,0,27.89713287353516
2017-03-24,3,1,1,0,1,0,27.852174758911133
2017-03-27,3,1,1,0,1,0,27.978046417236328
2017-03-28,3,1,1,0,1,0,28.15785217285156
2017-03-29,3,1,1,0,1,0,28.40958023071289
2017-03-30,3,1,1,0,1,0,28.37362098693848
2017-03-31,3,1,1,0,1,0,28.31068992614746
2017-04-03,4,1,2,0,1,0,28.60736656188965
2017-04-04,4,1,2,0,1,0,28.517465591430664
2017-04-05,4,1,2,0,1,0,28.43655204772949
2017-04-06,4,1,2,0,1,0,28.769195556640625
2017-04-07,4,1,2,0,1,0,28.733232498168945
2017-04-10,4,1,2,0,1,0,28.553430557250977
2017-04-11,4,1,2,0,1,0,28.59837913513184
2017-04-12,4,1,2,0,1,0,28.445541381835938
2017-04-13,4,1,2,0,1,0,28.27472496032715
2017-04-17,4,1,2,0,1,0,28.481502532958984
2017-04-18,4,1,2,0,1,0,28.022994995117188
2017-04-19,4,1,2,0,1,0,28.01400375366211
2017-04-20,4,1,2,0,1,0,28.301700592041016
2017-04-21,4,1,2,0,1,0,27.987035751342773
2017-04-24,4,1,2,0,1,0,28.544437408447266
2017-04-25,4,1,2,0,1,0,28.91304397583008
2017-04-26,4,1,2,0,1,0,29.011934280395508
2017-04-27,4,1,2,0,1,0,28.8501091003418
2017-04-28,4,1,2,0,1,0,28.841127395629883
2017-05-01,5,1,2,0,1,0,28.87708282470703
2017-05-02,5,1,2,0,1,0,29.074871063232425
2017-05-03,5,1,2,0,1,0,28.8501091003418
2017-05-04,5,1,2,0,1,0,28.805160522460938
2017-05-05,5,1,2,0,1,0,28.814149856567383
2017-05-08,5,1,2,0,1,0,28.643333435058597
2017-05-09,5,1,2,0,1,0,28.751218795776367
2017-05-10,5,1,2,0,1,0,29.15578269958496
2017-05-11,5,1,2,0,1,0,29.22770500183105
2017-05-12,5,1,2,0,1,0,29.254682540893555
2017-05-15,5,1,2,0,1,0,29.47943878173828
2017-05-16,5,1,2,0,1,0,29.58732414245605
2017-05-17,5,1,2,0,1,0,29.128814697265625
2017-05-18,5,1,2,0,1,0,28.78717994689941
2017-05-19,5,1,2,0,1,0,29.002944946289062
2017-05-22,5,1,2,0,1,0,28.8501091003418
2017-05-23,5,1,2,0,1,0,28.42756462097168
2017-05-24,5,1,2,0,1,0,28.526456832885746
2017-05-25,5,1,2,0,1,0,28.823143005371094
2017-05-26,5,1,2,0,1,0,29.074871063232425
2017-05-30,5,1,2,0,1,0,29.272661209106445
2017-05-31,5,1,2,0,1,0,29.26366806030273
2017-06-01,6,1,2,0,1,0,29.54237365722656
2017-06-02,6,1,2,0,1,0,29.623279571533203
2017-06-05,6,1,2,0,1,0,29.641263961791992
2017-06-06,6,1,2,0,1,0,29.53338050842285
2017-06-07,6,1,2,0,1,0,29.569339752197266
2017-06-08,6,1,2,0,1,0,29.623279571533203
2017-06-09,6,1,2,0,1,0,29.41650390625
2017-06-12,6,1,2,0,1,0,29.371551513671875
2017-06-13,6,1,2,0,1,0,29.47044944763184
2017-06-14,6,1,2,0,1,0,29.56035423278809
2017-06-15,6,1,2,0,1,0,29.20073127746582
2017-06-16,6,1,2,0,1,0,29.317609786987305
2017-06-19,6,1,2,0,1,0,29.47044944763184
2017-06-20,6,1,2,0,1,0,29.23128700256348
2017-06-21,6,1,2,0,1,0,29.339588165283203
2017-06-22,6,1,2,0,1,0,29.23128700256348
2017-06-23,6,1,2,0,1,0,29.05079841613769
2017-06-26,6,1,2,0,1,0,29.339588165283203
2017-06-27,6,1,2,0,1,0,28.84322166442871
2017-06-28,6,1,2,0,1,0,29.02372169494629
2017-06-29,6,1,2,0,1,0,28.68077850341797
2017-06-30,6,1,2,0,1,0,28.96957015991211
2017-07-03,7,2,3,0,1,0,29.249343872070312
2017-07-05,7,2,3,0,1,0,29.465938568115234
2017-07-06,7,2,3,0,1,0,29.3215389251709
2017-07-07,7,2,3,0,1,0,29.438859939575195
2017-07-10,7,2,3,0,1,0,29.935216903686523
2017-07-11,7,2,3,0,1,0,29.90814971923828
2017-07-12,7,2,3,0,1,0,30.332313537597656
2017-07-13,7,2,3,0,1,0,30.41353988647461
2017-07-14,7,2,3,0,1,0,30.63915634155273
2017-07-17,7,2,3,0,1,0,30.494760513305664
2017-07-18,7,2,3,0,1,0,30.350364685058597
2017-07-19,7,2,3,0,1,0,30.6211051940918
2017-07-20,7,2,3,0,1,0,30.47671127319336
2017-07-21,7,2,3,0,1,0,30.494760513305664
2017-07-24,7,2,3,0,1,0,30.77452850341797
2017-07-25,7,2,3,0,1,0,30.747455596923828
2017-07-26,7,2,3,0,1,0,31.09941864013672
2017-07-27,7,2,3,0,1,0,30.80160522460937
2017-07-28,7,2,3,0,1,0,30.955028533935547
2017-07-31,7,2,3,0,1,0,31.009174346923828
2017-08-01,8,2,3,0,1,0,31.32503890991211
2017-08-02,8,2,3,0,1,0,31.32503890991211
2017-08-03,8,2,3,0,1,0,31.20772171020508
2017-08-04,8,2,3,0,1,0,31.4333438873291
2017-08-07,8,2,3,0,1,0,31.343090057373047
2017-08-08,8,2,3,0,1,0,31.108448028564453
2017-08-09,8,2,3,0,1,0,30.594032287597656
2017-08-10,8,2,3,0,1,0,29.718629837036133
2017-08-11,8,2,3,0,1,0,29.935216903686523
2017-08-14,8,2,3,0,1,0,30.30524063110352
2017-08-15,8,2,3,0,1,0,30.205968856811523
2017-08-16,8,2,3,0,1,0,30.63013458251953
2017-08-17,8,2,3,0,1,0,30.296215057373047
2017-08-18,8,2,3,0,1,0,30.41353988647461
2017-08-21,8,2,3,0,1,0,30.11571884155273
2017-08-22,8,2,3,0,1,0,30.242067337036133
2017-08-23,8,2,3,0,1,0,30.503782272338867
2017-08-24,8,2,3,0,1,0,30.585004806518555
2017-08-25,8,2,3,0,1,0,30.729412078857425
2017-08-28,8,2,3,0,1,0,30.89185333251953
2017-08-29,8,2,3,0,1,0,30.494760513305664
2017-08-30,8,2,3,0,1,0,30.63915634155273
2017-08-31,8,2,3,0,1,0,30.783557891845703
2017-09-01,9,2,3,0,1,0,31.16259002685547
2017-09-05,9,2,3,0,1,0,30.729412078857425
2017-09-06,9,2,3,0,1,0,30.89185333251953
2017-09-07,9,2,3,0,1,0,30.955028533935547
2017-09-08,9,2,3,0,1,0,30.82868003845215
2017-09-11,9,2,3,0,1,0,31.054298400878903
2017-09-12,9,2,3,0,1,0,31.189666748046875
2017-09-13,9,2,3,0,1,0,30.92795181274414
2017-09-14,9,2,3,0,1,0,31.04527282714844
2017-09-15,9,2,3,0,1,0,31.126495361328125
2017-09-18,9,2,3,0,1,0,31.20772171020508
2017-09-19,9,2,3,0,1,0,31.20772171020508
2017-09-20,9,2,3,0,1,0,30.936973571777344
2017-09-21,9,2,3,0,1,0,30.70233154296875
2017-09-22,9,2,3,0,1,0,30.214998245239254
2017-09-25,9,2,3,0,1,0,29.57423210144043
2017-09-26,9,2,3,0,1,0,29.64643096923828
2017-09-27,9,2,3,0,1,0,29.14104461669922
2017-09-28,9,2,3,0,1,0,29.38471221923828
2017-09-29,9,2,3,0,1,0,29.64643096923828
2017-10-02,10,2,4,0,1,0,29.493013381958008
2017-10-03,10,2,4,0,1,0,29.78179931640625
2017-10-04,10,2,4,0,1,0,30.097671508789062
2017-10-05,10,2,4,0,1,0,30.07059860229492
2017-10-06,10,2,4,0,1,0,30.106693267822266
2017-10-09,10,2,4,0,1,0,30.242067337036133
2017-10-10,10,2,4,0,1,0,30.57598876953125
2017-10-11,10,2,4,0,1,0,30.440608978271484
2017-10-12,10,2,4,0,1,0,30.77452850341797
2017-10-13,10,2,4,0,1,0,31.243816375732425
2017-10-16,10,2,4,0,1,0,31.36113739013672
2017-10-17,10,2,4,0,1,0,31.1445426940918
2017-10-18,10,2,4,0,1,0,31.072349548339844
2017-10-19,10,2,4,0,1,0,30.86478042602539
2017-10-20,10,2,4,0,1,0,30.955028533935547
2017-10-23,10,2,4,0,1,0,31.0272216796875
2017-10-24,10,2,4,0,1,0,31.234798431396484
2017-10-25,10,2,4,0,1,0,31.243816375732425
2017-10-26,10,2,4,0,1,0,31.37919235229492
2017-10-27,10,2,4,0,1,0,31.695053100585938
2017-10-30,10,2,4,0,1,0,31.613842010498047
2017-10-31,10,2,4,0,1,0,31.803354263305664
2017-11-01,11,2,4,0,1,0,32.13727188110352
2017-11-02,11,2,4,0,1,0,32.20044708251953
2017-11-03,11,2,4,0,1,0,32.13727188110352
2017-11-06,11,2,4,0,1,0,32.29972076416016
2017-11-07,11,2,4,0,1,0,31.559688568115234
2017-11-08,11,2,4,0,1,0,31.6679801940918
2017-11-09,11,2,4,0,1,0,31.40626716613769
2017-11-10,11,2,4,0,1,0,31.297969818115234
2017-11-13,11,2,4,0,1,0,30.90087127685547
2017-11-14,11,2,4,0,1,0,30.756488800048828
2017-11-15,11,2,4,0,1,0,30.53086471557617
2017-11-16,11,2,4,0,1,0,31.1535701751709
2017-11-17,11,2,4,0,1,0,31.451391220092773
2017-11-20,11,2,4,0,1,0,31.424318313598636
2017-11-21,11,2,4,0,1,0,31.722131729125977
2017-11-22,11,2,4,0,1,0,31.64993667602539
2017-11-24,11,2,4,0,1,0,31.965805053710938
2017-11-27,11,2,4,0,1,0,31.830427169799805
2017-11-28,11,2,4,0,1,0,31.99287986755371
2017-11-29,11,2,4,0,1,0,31.640914916992188
2017-11-30,11,2,4,0,1,0,31.388214111328125
2017-12-01,12,2,4,0,1,0,30.90087127685547
2017-12-04,12,2,4,0,1,0,31.009174346923828
2017-12-05,12,2,4,0,1,0,31.081377029418945
2017-12-06,12,2,4,0,1,0,30.79257583618164
2017-12-07,12,2,4,0,1,0,31.36113739013672
2017-12-08,12,2,4,0,1,0,31.740182876586918
2017-12-11,12,2,4,0,1,0,31.91165542602539
2017-12-12,12,2,4,0,1,0,31.514558792114254
2017-12-13,12,2,4,0,1,0,31.68603515625
2017-12-14,12,2,4,0,1,0,31.839452743530277
2017-12-15,12,2,4,0,1,0,32.00190353393555
2017-12-18,12,2,4,0,1,0,32.18239212036133
2017-12-19,12,2,4,0,1,0,32.271507263183594
2017-12-20,12,2,4,0,1,0,32.39881896972656
2017-12-21,12,2,4,0,1,0,32.29878234863281
2017-12-22,12,2,4,0,1,0,32.60795593261719
2017-12-26,12,2,4,0,1,0,32.726165771484375
2017-12-27,12,2,4,0,1,0,32.57158279418945
2017-12-28,12,2,4,0,1,0,32.44428253173828
2017-12-29,12,2,4,0,1,0,32.79890823364258
2018-01-02,1,1,1,0,1,0,32.86256790161133
2018-01-03,1,1,1,0,1,0,32.980770111083984
2018-01-04,1,1,1,0,1,0,33.12626647949219
2018-01-05,1,1,1,0,1,0,33.66275405883789
2018-01-08,1,1,1,0,1,0,33.63548278808594
2018-01-09,1,1,1,0,1,0,33.517269134521484
2018-01-10,1,1,1,0,1,0,33.371788024902344
2018-01-11,1,1,1,0,1,0,33.708221435546875
2018-01-12,1,1,1,0,1,0,33.76277542114258
2018-01-16,1,1,1,0,1,0,33.21720123291016
2018-01-17,1,1,1,0,1,0,34.02647399902344
2018-01-18,1,1,1,0,1,0,33.5809211730957
2018-01-19,1,1,1,0,1,0,34.035579681396484
2018-01-22,1,1,1,0,1,0,34.281089782714844
2018-01-23,1,1,1,0,1,0,34.60844421386719
2018-01-24,1,1,1,0,1,0,34.52660369873047
2018-01-25,1,1,1,0,1,0,34.29928207397461
2018-01-26,1,1,1,0,1,0,34.59935760498047
2018-01-29,1,1,1,0,1,0,34.35383605957031
2018-01-30,1,1,1,0,1,0,33.82643508911133
2018-01-31,1,1,1,0,1,0,33.87190246582031
2018-02-01,2,1,1,0,1,0,33.31721878051758
2018-02-02,2,1,1,0,1,0,32.171485900878906
2018-02-05,2,1,1,0,1,0,31.36219787597656
2018-02-06,2,1,1,0,1,0,32.60795593261719
2018-02-07,2,1,1,0,1,0,31.77138900756836
2018-02-08,2,1,1,0,1,0,31.189430236816406
2018-02-09,2,1,1,0,1,0,32.15330123901367
2018-02-12,2,1,1,0,1,0,32.31697463989258
2018-02-13,2,1,1,0,1,0,32.29878234863281
2018-02-14,2,1,1,0,1,0,32.46246337890625
2018-02-15,2,1,1,0,1,0,32.68069839477539
2018-02-16,2,1,1,0,1,0,32.025997161865234
2018-02-20,2,1,1,0,1,0,31.634994506835938
2018-02-21,2,1,1,0,1,0,31.49858856201172
2018-02-22,2,1,1,0,1,0,31.353107452392575
2018-02-23,2,1,1,0,1,0,32.14420318603516
2018-02-26,2,1,1,0,1,0,32.36244583129883
2018-02-27,2,1,1,0,1,0,31.653181076049805
2018-02-28,2,1,1,0,1,0,31.20761108398437
2018-03-01,3,1,1,0,1,0,31.171239852905277
2018-03-02,3,1,1,0,1,0,31.33491325378418
2018-03-05,3,1,1,0,1,0,31.37129020690918
2018-03-06,3,1,1,0,1,0,30.94391441345215
2018-03-07,3,1,1,0,1,0,30.871166229248047
2018-03-08,3,1,1,0,1,0,30.962106704711918
2018-03-09,3,1,1,0,1,0,31.37129020690918
2018-03-12,3,1,1,0,1,0,31.634994506835938
2018-03-13,3,1,1,0,1,0,31.58952140808105
2018-03-14,3,1,1,0,1,0,31.55314826965332
2018-03-15,3,1,1,0,1,0,31.225805282592773
2018-03-16,3,1,1,0,1,0,30.84388542175293
2018-03-19,3,1,1,0,1,0,30.343765258789062
2018-03-20,3,1,1,0,1,0,30.671113967895508
2018-03-21,3,1,1,0,1,0,31.03484535217285
2018-03-22,3,1,1,0,1,0,30.28011703491211
2018-03-23,3,1,1,0,1,0,29.98004150390625
2018-03-26,3,1,1,0,1,0,30.9530086517334
2018-03-27,3,1,1,0,1,0,30.65293884277344
2018-03-28,3,1,1,0,1,0,30.60747337341309
2018-03-29,3,1,1,0,1,0,31.03484535217285
2018-04-02,4,1,2,0,1,0,30.752960205078125
2018-04-03,4,1,2,0,1,0,31.289451599121094
2018-04-04,4,1,2,0,1,0,31.20761108398437
2018-04-05,4,1,2,0,1,0,31.489500045776367
2018-04-06,4,1,2,0,1,0,31.12577438354492
2018-04-09,4,1,2,0,1,0,31.416751861572266
2018-04-10,4,1,2,0,1,0,31.671369552612305
2018-04-11,4,1,2,0,1,0,31.61680603027344
2018-04-12,4,1,2,0,1,0,31.76229286193848
2018-04-13,4,1,2,0,1,0,31.544057846069336
2018-04-16,4,1,2,0,1,0,31.707735061645508
2018-04-17,4,1,2,0,1,0,31.744104385375977
2018-04-18,4,1,2,0,1,0,31.744104385375977
2018-04-19,4,1,2,0,1,0,31.3985652923584
2018-04-20,4,1,2,0,1,0,31.33491325378418
2018-04-23,4,1,2,0,1,0,31.289451599121094
2018-04-24,4,1,2,0,1,0,31.234888076782227
2018-04-25,4,1,2,0,1,0,31.09849739074707
2018-04-26,4,1,2,0,1,0,31.489500045776367
2018-04-27,4,1,2,0,1,0,31.780479431152344
2018-04-30,4,1,2,0,1,0,31.780479431152344
2018-05-01,5,1,2,0,1,0,31.68045425415039
2018-05-02,5,1,2,0,1,0,31.344009399414062
2018-05-03,5,1,2,0,1,0,31.243986129760746
2018-05-04,5,1,2,0,1,0,31.134864807128903
2018-05-07,5,1,2,0,1,0,31.143966674804688
2018-05-08,5,1,2,0,1,0,31.04393196105957
2018-05-09,5,1,2,0,1,0,31.107595443725582
2018-05-10,5,1,2,0,1,0,31.234888076782227
2018-05-11,5,1,2,0,1,0,31.062122344970703
2018-05-14,5,1,2,0,1,0,30.82570075988769
2018-05-15,5,1,2,0,1,0,30.361948013305664
2018-05-16,5,1,2,0,1,0,30.743860244750977
2018-05-17,5,1,2,0,1,0,30.343765258789062
2018-05-18,5,1,2,0,1,0,29.94367218017578
2018-05-21,5,1,2,0,1,0,29.761808395385746
2018-05-22,5,1,2,0,1,0,29.889110565185547
2018-05-23,5,1,2,0,1,0,29.689064025878903
2018-05-24,5,1,2,0,1,0,29.889110565185547
2018-05-25,5,1,2,0,1,0,30.407419204711918
2018-05-29,5,1,2,0,1,0,30.13462448120117
2018-05-30,5,1,2,0,1,0,30.60747337341309
2018-05-31,5,1,2,0,1,0,30.598377227783203
2018-06-01,6,1,2,0,1,0,30.743860244750977
2018-06-04,6,1,2,0,1,0,30.325580596923828
2018-06-05,6,1,2,0,1,0,30.325580596923828
2018-06-06,6,1,2,0,1,0,31.03484535217285
2018-06-07,6,1,2,0,1,0,30.5256290435791
2018-06-08,6,1,2,0,1,0,30.78023147583008
2018-06-11,6,1,2,0,1,0,30.83479118347168
2018-06-12,6,1,2,0,1,0,30.97119140625
2018-06-13,6,1,2,0,1,0,30.84388542175293
2018-06-14,6,1,2,0,1,0,30.725675582885746
2018-06-15,6,1,2,0,1,0,30.671113967895508
2018-06-18,6,1,2,0,1,0,30.48016357421875
2018-06-19,6,1,2,0,1,0,30.39458274841309
2018-06-20,6,1,2,0,1,0,30.567575454711918
2018-06-21,6,1,2,0,1,0,30.39458274841309
2018-06-22,6,1,2,0,1,0,30.74969482421875
2018-06-25,6,1,2,0,1,0,30.34904670715332
2018-06-26,6,1,2,0,1,0,30.3126277923584
2018-06-27,6,1,2,0,1,0,29.72075843811035
2018-06-28,6,1,2,0,1,0,29.65701484680176
2018-06-29,6,1,2,0,1,0,30.3126277923584
2018-07-02,7,2,3,0,1,0,30.066770553588867
2018-07-03,7,2,3,0,1,0,30.21245384216309
2018-07-05,7,2,3,0,1,0,29.930185317993164
2018-07-06,7,2,3,0,1,0,30.34904670715332
2018-07-09,7,2,3,0,1,0,30.72237777709961
2018-07-10,7,2,3,0,1,0,30.940902709960938
2018-07-11,7,2,3,0,1,0,30.740583419799805
2018-07-12,7,2,3,0,1,0,31.17765045166016
2018-07-13,7,2,3,0,1,0,31.05017852783203
2018-07-16,7,2,3,0,1,0,30.740583419799805
2018-07-17,7,2,3,0,1,0,31.29602432250977
2018-07-18,7,2,3,0,1,0,31.00465202331543
2018-07-19,7,2,3,0,1,0,30.69506072998047
2018-07-20,7,2,3,0,1,0,31.05017852783203
2018-07-23,7,2,3,0,1,0,31.086597442626957
2018-07-24,7,2,3,0,1,0,31.45992660522461
2018-07-25,7,2,3,0,1,0,31.696674346923828
2018-07-26,7,2,3,0,1,0,31.68757057189941
2018-07-27,7,2,3,0,1,0,32.02447891235352
2018-07-30,7,2,3,0,1,0,32.17927551269531
2018-07-31,7,2,3,0,1,0,32.443336486816406
2018-08-01,8,2,3,0,1,0,32.443336486816406
2018-08-02,8,2,3,0,1,0,32.142852783203125
2018-08-03,8,2,3,0,1,0,32.552608489990234
2018-08-06,8,2,3,0,1,0,32.37049102783203
2018-08-07,8,2,3,0,1,0,32.37049102783203
2018-08-08,8,2,3,0,1,0,32.67097854614258
2018-08-09,8,2,3,0,1,0,32.525291442871094
2018-08-10,8,2,3,0,1,0,32.13374710083008
2018-08-13,8,2,3,0,1,0,31.560089111328125
2018-08-14,8,2,3,0,1,0,32.03358459472656
2018-08-15,8,2,3,0,1,0,31.41440200805664
2018-08-16,8,2,3,0,1,0,31.723987579345703
2018-08-17,8,2,3,0,1,0,32.20658874511719
2018-08-20,8,2,3,0,1,0,32.306739807128906
2018-08-21,8,2,3,0,1,0,32.507080078125
2018-08-22,8,2,3,0,1,0,32.561702728271484
2018-08-23,8,2,3,0,1,0,32.18837356567383
2018-08-24,8,2,3,0,1,0,32.707401275634766
2018-08-27,8,2,3,0,1,0,32.90773010253906
2018-08-28,8,2,3,0,1,0,32.77113723754883
2018-08-29,8,2,3,0,1,0,32.652767181396484
2018-08-30,8,2,3,0,1,0,32.27032470703125
2018-08-31,8,2,3,0,1,0,32.488868713378906
2018-09-04,9,2,3,0,1,0,31.578304290771484
2018-09-05,9,2,3,0,1,0,31.550987243652344
2018-09-06,9,2,3,0,1,0,31.62382698059082
2018-09-07,9,2,3,0,1,0,31.496353149414062
2018-09-10,9,2,3,0,1,0,30.940902709960938
2018-09-11,9,2,3,0,1,0,30.777008056640625
2018-09-12,9,2,3,0,1,0,31.24139404296875
2018-09-13,9,2,3,0,1,0,31.578304290771484
2018-09-14,9,2,3,0,1,0,31.4781436920166
2018-09-17,9,2,3,0,1,0,30.831640243530277
2018-09-18,9,2,3,0,1,0,30.61310386657715
2018-09-19,9,2,3,0,1,0,30.98643493652344
2018-09-20,9,2,3,0,1,0,31.29602432250977
2018-09-21,9,2,3,0,1,0,30.53115463256836
2018-09-24,9,2,3,0,1,0,29.70254135131836
2018-09-25,9,2,3,0,1,0,30.094083786010746
2018-09-26,9,2,3,0,1,0,30.203346252441406
2018-09-27,9,2,3,0,1,0,29.87555313110352
2018-09-28,9,2,3,0,1,0,29.56596565246582
2018-10-01,10,2,4,0,1,0,29.520427703857425
2018-10-02,10,2,4,0,1,0,29.36563873291016
2018-10-03,10,2,4,0,1,0,28.63718605041504
2018-10-04,10,2,4,0,1,0,27.726621627807617
2018-10-05,10,2,4,0,1,0,27.00727653503418
2018-10-08,10,2,4,0,1,0,27.45345497131348
2018-10-09,10,2,4,0,1,0,27.089231491088867
2018-10-10,10,2,4,0,1,0,26.99817276000977
2018-10-11,10,2,4,0,1,0,27.09833526611328
2018-10-12,10,2,4,0,1,0,27.84499168395996
2018-10-15,10,2,4,0,1,0,27.808574676513672
2018-10-16,10,2,4,0,1,0,28.57344436645508
2018-10-17,10,2,4,0,1,0,27.67198944091797
2018-10-18,10,2,4,0,1,0,27.080123901367188
2018-10-19,10,2,4,0,1,0,27.198495864868164
2018-10-22,10,2,4,0,1,0,26.852481842041016
2018-10-23,10,2,4,0,1,0,26.96175575256348
2018-10-24,10,2,4,0,1,0,26.67947769165039
2018-10-25,10,2,4,0,1,0,26.88890838623047
2018-10-26,10,2,4,0,1,0,26.734111785888672
2018-10-29,10,2,4,0,1,0,26.94353675842285
2018-10-30,10,2,4,0,1,0,27.225811004638672
2018-10-31,10,2,4,0,1,0,27.489877700805664
2018-11-01,11,2,4,0,1,0,28.2729606628418
2018-11-02,11,2,4,0,1,0,28.47328758239746
2018-11-05,11,2,4,0,1,0,28.719135284423828
2018-11-06,11,2,4,0,1,0,28.46417999267578
2018-11-07,11,2,4,0,1,0,29.21994400024414
2018-11-08,11,2,4,0,1,0,28.56433868408203
2018-11-09,11,2,4,0,1,0,28.50060272216797
2018-11-12,11,2,4,0,1,0,28.054428100585938
2018-11-13,11,2,4,0,1,0,28.873929977416992
2018-11-14,11,2,4,0,1,0,28.928565979003903
2018-11-15,11,2,4,0,1,0,29.265474319458008
2018-11-16,11,2,4,0,1,0,29.41116714477539
2018-11-19,11,2,4,0,1,0,29.50222396850586
2018-11-20,11,2,4,0,1,0,28.974092483520508
2018-11-21,11,2,4,0,1,0,29.33831787109375
2018-11-23,11,2,4,0,1,0,29.229047775268555
2018-11-26,11,2,4,0,1,0,29.402061462402344
2018-11-27,11,2,4,0,1,0,29.62970352172852
2018-11-28,11,2,4,0,1,0,30.203346252441406
2018-11-29,11,2,4,0,1,0,30.5584716796875
2018-11-30,11,2,4,0,1,0,30.36725425720215
2018-12-03,12,2,4,0,1,0,30.26709747314453
2018-12-04,12,2,4,0,1,0,29.84823226928711
2018-12-06,12,2,4,0,1,0,29.556856155395508
2018-12-07,12,2,4,0,1,0,28.83750915527344
2018-12-10,12,2,4,0,1,0,27.599143981933597
2018-12-11,12,2,4,0,1,0,28.527915954589844
2018-12-12,12,2,4,0,1,0,29.45668601989746
2018-12-13,12,2,4,0,1,0,29.50222396850586
2018-12-14,12,2,4,0,1,0,29.374738693237305
2018-12-17,12,2,4,0,1,0,29.56596565246582
2018-12-18,12,2,4,0,1,0,30.486421585083008
2018-12-19,12,2,4,0,1,0,30.082632064819336
2018-12-20,12,2,4,0,1,0,30.6516170501709
2018-12-21,12,2,4,0,1,0,29.889911651611328
2018-12-24,12,2,4,0,1,0,29.651309967041016
2018-12-26,12,2,4,0,1,0,30.100984573364254
2018-12-27,12,2,4,0,1,0,30.25699806213379
2018-12-28,12,2,4,0,1,0,30.62976455688477
2018-12-31,12,2,4,0,1,0,30.611408233642575
2019-01-02,1,1,1,0,1,0,30.244140625
2019-01-03,1,1,1,0,1,0,29.62897491455078
2019-01-04,1,1,1,0,1,0,30.574682235717773
2019-01-07,1,1,1,0,1,0,30.133962631225582
2019-01-08,1,1,1,0,1,0,30.225780487060547
2019-01-09,1,1,1,0,1,0,30.225780487060547
2019-01-10,1,1,1,0,1,0,30.27168846130371
2019-01-11,1,1,1,0,1,0,30.06052017211914
2019-01-14,1,1,1,0,1,0,29.638158798217773
2019-01-15,1,1,1,0,1,0,29.931968688964844
2019-01-16,1,1,1,0,1,0,30.207414627075195
2019-01-17,1,1,1,0,1,0,30.30841064453125
2019-01-18,1,1,1,0,1,0,30.078876495361328
2019-01-22,1,1,1,0,1,0,29.858518600463867
2019-01-23,1,1,1,0,1,0,29.895244598388672
2019-01-24,1,1,1,0,1,0,30.161510467529297
2019-01-25,1,1,1,0,1,0,29.9870548248291
2019-01-28,1,1,1,0,1,0,29.44534683227539
2019-01-29,1,1,1,0,1,0,29.40861701965332
2019-01-30,1,1,1,0,1,0,29.656524658203125
2019-01-31,1,1,1,0,1,0,30.115602493286133
2019-02-01,2,1,1,0,1,0,29.821786880493164
2019-02-04,2,1,1,0,1,0,29.867698669433597
2019-02-05,2,1,1,0,1,0,30.133962631225582
2019-02-06,2,1,1,0,1,0,30.253324508666992
2019-02-07,2,1,1,0,1,0,30.501224517822266
2019-02-08,2,1,1,0,1,0,29.968698501586918
2019-02-11,2,1,1,0,1,0,29.785057067871094
2019-02-12,2,1,1,0,1,0,30.069692611694336
2019-02-13,2,1,1,0,1,0,29.55552864074707
2019-02-14,2,1,1,0,1,0,29.64734268188477
2019-02-15,2,1,1,0,1,0,29.30762481689453
2019-02-19,2,1,1,0,1,0,29.059717178344727
2019-02-20,2,1,1,0,1,0,29.44534683227539
2019-02-21,2,1,1,0,1,0,29.518798828125
2019-02-22,2,1,1,0,1,0,29.775880813598636
2019-02-25,2,1,1,0,1,0,30.161510467529297
2019-02-26,2,1,1,0,1,0,30.00542640686035
2019-02-27,2,1,1,0,1,0,29.75752258300781
2019-02-28,2,1,1,0,1,0,30.014604568481445
2019-03-01,3,1,1,0,1,0,29.895244598388672
2019-03-04,3,1,1,0,1,0,29.79424476623535
2019-03-05,3,1,1,0,1,0,30.739952087402344
2019-03-06,3,1,1,0,1,0,30.98784828186035
2019-03-07,3,1,1,0,1,0,30.675682067871094
2019-03-08,3,1,1,0,1,0,30.70322036743164
2019-03-11,3,1,1,0,1,0,31.57547950744629
2019-03-12,3,1,1,0,1,0,31.805009841918945
2019-03-13,3,1,1,0,1,0,31.722375869750977
2019-03-14,3,1,1,0,1,0,31.85091781616211
2019-03-15,3,1,1,0,1,0,32.209007263183594
2019-03-18,3,1,1,0,1,0,32.54872512817383
2019-03-19,3,1,1,0,1,0,32.493629455566406
2019-03-20,3,1,1,0,1,0,32.74153137207031
2019-03-21,3,1,1,0,1,0,32.631351470947266
2019-03-22,3,1,1,0,1,0,31.84174156188965
2019-03-25,3,1,1,0,1,0,31.768280029296875
2019-03-26,3,1,1,0,1,0,32.08046340942383
2019-03-27,3,1,1,0,1,0,31.786651611328125
2019-03-28,3,1,1,0,1,0,32.2457275390625
2019-03-29,3,1,1,0,1,0,32.365089416503906
2019-04-01,4,1,2,0,1,0,32.69562911987305
2019-04-02,4,1,2,0,1,0,32.8792610168457
2019-04-03,4,1,2,0,1,0,32.98025894165039
2019-04-04,4,1,2,0,1,0,32.61299133300781
2019-04-05,4,1,2,0,1,0,32.833343505859375
2019-04-08,4,1,2,0,1,0,32.42018127441406
2019-04-09,4,1,2,0,1,0,32.640533447265625
2019-04-10,4,1,2,0,1,0,32.56708908081055
2019-04-11,4,1,2,0,1,0,32.511993408203125
2019-04-12,4,1,2,0,1,0,32.511993408203125
2019-04-15,4,1,2,0,1,0,32.631351470947266
2019-04-16,4,1,2,0,1,0,32.78744125366211
2019-04-17,4,1,2,0,1,0,32.9251708984375
2019-04-18,4,1,2,0,1,0,32.860897064208984
2019-04-22,4,1,2,0,1,0,32.153907775878906
2019-04-23,4,1,2,0,1,0,32.18146133422852
2019-04-24,4,1,2,0,1,0,32.22735977172852
2019-04-25,4,1,2,0,1,0,32.18146133422852
2019-04-26,4,1,2,0,1,0,32.61299133300781
2019-04-29,4,1,2,0,1,0,32.658897399902344
2019-04-30,4,1,2,0,1,0,32.60380935668945
2019-05-01,5,1,2,0,1,0,32.50281524658203
2019-05-02,5,1,2,0,1,0,32.35591125488281
2019-05-03,5,1,2,0,1,0,32.668087005615234
2019-05-06,5,1,2,0,1,0,32.190643310546875
2019-05-07,5,1,2,0,1,0,31.41020774841309
2019-05-08,5,1,2,0,1,0,31.153120040893555
2019-05-09,5,1,2,0,1,0,30.7583065032959
2019-05-10,5,1,2,0,1,0,30.82258415222168
2019-05-13,5,1,2,0,1,0,30.00542640686035
2019-05-14,5,1,2,0,1,0,30.6664981842041
2019-05-15,5,1,2,0,1,0,30.48286819458008
2019-05-16,5,1,2,0,1,0,30.85930824279785
2019-05-17,5,1,2,0,1,0,30.96031188964844
2019-05-20,5,1,2,0,1,0,32.32836151123047
2019-05-21,5,1,2,0,1,0,32.27327346801758
2019-05-22,5,1,2,0,1,0,32.13555145263672
2019-05-23,5,1,2,0,1,0,32.0712776184082
2019-05-24,5,1,2,0,1,0,32.5395393371582
2019-05-28,5,1,2,0,1,0,32.70480728149414
2019-05-29,5,1,2,0,1,0,32.47526550292969
2019-05-30,5,1,2,0,1,0,32.78744125366211
2019-05-31,5,1,2,0,1,0,33.035343170166016
2019-06-03,6,1,2,0,1,0,33.402610778808594
2019-06-04,6,1,2,0,1,0,33.310791015625
2019-06-05,6,1,2,0,1,0,33.04452896118164
2019-06-06,6,1,2,0,1,0,32.77826690673828
2019-06-07,6,1,2,0,1,0,32.8792610168457
2019-06-10,6,1,2,0,1,0,32.85171890258789
2019-06-11,6,1,2,0,1,0,32.95270919799805
2019-06-12,6,1,2,0,1,0,32.79662322998047
2019-06-13,6,1,2,0,1,0,32.69562911987305
2019-06-14,6,1,2,0,1,0,32.26409912109375
2019-06-17,6,1,2,0,1,0,32.09453582763672
2019-06-18,6,1,2,0,1,0,32.40955352783203
2019-06-19,6,1,2,0,1,0,32.20572280883789
2019-06-20,6,1,2,0,1,0,32.576324462890625
2019-06-21,6,1,2,0,1,0,32.28910827636719
2019-06-24,6,1,2,0,1,0,32.261314392089844
2019-06-25,6,1,2,0,1,0,32.40955352783203
2019-06-26,6,1,2,0,1,0,32.73383712768555
2019-06-27,6,1,2,0,1,0,32.872806549072266
2019-06-28,6,1,2,0,1,0,32.70603942871094
2019-07-01,7,2,3,0,1,0,32.9839973449707
2019-07-02,7,2,3,0,1,0,33.21562194824219
2019-07-03,7,2,3,0,1,0,33.15077209472656
2019-07-05,7,2,3,0,1,0,32.75236892700195
2019-07-08,7,2,3,0,1,0,32.261314392089844
2019-07-09,7,2,3,0,1,0,32.279842376708984
2019-07-10,7,2,3,0,1,0,32.168663024902344
2019-07-11,7,2,3,0,1,0,32.15012741088867
2019-07-12,7,2,3,0,1,0,32.168663024902344
2019-07-15,7,2,3,0,1,0,32.326171875
2019-07-16,7,2,3,0,1,0,32.483673095703125
2019-07-17,7,2,3,0,1,0,32.400291442871094
2019-07-18,7,2,3,0,1,0,32.35396194458008
2019-07-19,7,2,3,0,1,0,31.659080505371094
2019-07-22,7,2,3,0,1,0,31.6776065826416
2019-07-23,7,2,3,0,1,0,31.42744255065918
2019-07-24,7,2,3,0,1,0,31.34406471252441
2019-07-25,7,2,3,0,1,0,31.15875816345215
2019-07-26,7,2,3,0,1,0,31.42744255065918
2019-07-29,7,2,3,0,1,0,31.18655776977539
2019-07-30,7,2,3,0,1,0,30.639907836914062
2019-07-31,7,2,3,0,1,0,30.57505416870117
2019-08-01,8,2,3,0,1,0,30.093259811401367
2019-08-02,8,2,3,0,1,0,30.03766822814941
2019-08-05,8,2,3,0,1,0,29.04629898071289
2019-08-06,8,2,3,0,1,0,29.57441711425781
2019-08-07,8,2,3,0,1,0,29.389110565185547
2019-08-08,8,2,3,0,1,0,30.23224639892578
2019-08-09,8,2,3,0,1,0,29.982086181640625
2019-08-12,8,2,3,0,1,0,29.8060359954834
2019-08-13,8,2,3,0,1,0,29.676328659057617
2019-08-14,8,2,3,0,1,0,29.277929306030277
2019-08-15,8,2,3,0,1,0,29.3427848815918
2019-08-16,8,2,3,0,1,0,29.81531143188477
2019-08-19,8,2,3,0,1,0,29.592945098876957
2019-08-20,8,2,3,0,1,0,29.54661750793457
2019-08-21,8,2,3,0,1,0,29.407642364501957
2019-08-22,8,2,3,0,1,0,28.73128318786621
2019-08-23,8,2,3,0,1,0,29.333518981933597
2019-08-26,8,2,3,0,1,0,29.796777725219727
2019-08-27,8,2,3,0,1,0,29.97281265258789
2019-08-28,8,2,3,0,1,0,29.676328659057617
2019-08-29,8,2,3,0,1,0,29.611474990844727
2019-08-30,8,2,3,0,1,0,29.81531143188477
2019-09-03,9,2,3,0,1,0,29.064830780029297
2019-09-04,9,2,3,0,1,0,29.2593994140625
2019-09-05,9,2,3,0,1,0,29.36131858825684
2019-09-06,9,2,3,0,1,0,29.648534774780277
2019-09-09,9,2,3,0,1,0,29.759716033935547
2019-09-10,9,2,3,0,1,0,29.704126358032227
2019-09-11,9,2,3,0,1,0,30.01914405822754
2019-09-12,9,2,3,0,1,0,29.982086181640625
2019-09-13,9,2,3,0,1,0,30.315624237060547
2019-09-16,9,2,3,0,1,0,29.592945098876957
2019-09-17,9,2,3,0,1,0,29.611474990844727
2019-09-18,9,2,3,0,1,0,29.54661750793457
2019-09-19,9,2,3,0,1,0,29.10189247131348
2019-09-20,9,2,3,0,1,0,30.760358810424805
2019-09-23,9,2,3,0,1,0,31.473773956298828
2019-09-24,9,2,3,0,1,0,31.130964279174805
2019-09-25,9,2,3,0,1,0,30.871538162231445
2019-09-26,9,2,3,0,1,0,31.07537078857422
2019-09-27,9,2,3,0,1,0,31.001251220703125
2019-09-30,9,2,3,0,1,0,31.103166580200195
2019-10-01,10,2,4,0,1,0,30.37121963500977
2019-10-02,10,2,4,0,1,0,30.24150657653809
2019-10-03,10,2,4,0,1,0,30.565784454345703
2019-10-04,10,2,4,0,1,0,30.36195182800293
2019-10-07,10,2,4,0,1,0,30.00987434387207
2019-10-08,10,2,4,0,1,0,29.81531143188477
2019-10-09,10,2,4,0,1,0,30.23224639892578
2019-10-10,10,2,4,0,1,0,30.352689743041992
2019-10-11,10,2,4,0,1,0,30.51019859313965
2019-10-14,10,2,4,0,1,0,30.380481719970703
2019-10-15,10,2,4,0,1,0,30.639907836914062
2019-10-16,10,2,4,0,1,0,30.797422409057617
2019-10-17,10,2,4,0,1,0,31.18655776977539
2019-10-18,10,2,4,0,1,0,31.52936744689941
2019-10-21,10,2,4,0,1,0,31.473773956298828
2019-10-22,10,2,4,0,1,0,31.288471221923828
2019-10-23,10,2,4,0,1,0,31.48303985595703
2019-10-24,10,2,4,0,1,0,31.31626510620117
2019-10-25,10,2,4,0,1,0,31.566425323486328
2019-10-28,10,2,4,0,1,0,31.640552520751957
2019-10-29,10,2,4,0,1,0,31.99262046813965
2019-10-30,10,2,4,0,1,0,32.279842376708984
2019-10-31,10,2,4,0,1,0,32.10380172729492
2019-11-01,11,2,4,0,1,0,32.483673095703125
2019-11-04,11,2,4,0,1,0,32.400291442871094
2019-11-05,11,2,4,0,1,0,32.34469985961914
2019-11-06,11,2,4,0,1,0,32.4280891418457
2019-11-07,11,2,4,0,1,0,32.40955352783203
2019-11-08,11,2,4,0,1,0,31.890701293945312
2019-11-11,11,2,4,0,1,0,31.81658935546875
2019-11-12,11,2,4,0,1,0,31.61275291442871
2019-11-13,11,2,4,0,1,0,31.381118774414062
2019-11-14,11,2,4,0,1,0,31.455242156982425
2019-11-15,11,2,4,0,1,0,31.659080505371094
2019-11-18,11,2,4,0,1,0,31.55716323852539
2019-11-19,11,2,4,0,1,0,31.71466445922852
2019-11-20,11,2,4,0,1,0,31.918502807617188
2019-11-21,11,2,4,0,1,0,31.7609920501709
2019-11-22,11,2,4,0,1,0,31.68687629699707
2019-11-25,11,2,4,0,1,0,32.34469985961914
2019-11-26,11,2,4,0,1,0,32.233516693115234
2019-11-27,11,2,4,0,1,0,32.483673095703125
2019-11-29,11,2,4,0,1,0,31.92776107788086
2019-12-02,12,2,4,0,1,0,32.15939712524414
2019-12-03,12,2,4,0,1,0,31.844383239746094
2019-12-04,12,2,4,0,1,0,32.252052307128906
2019-12-05,12,2,4,0,1,0,32.224246978759766
2019-12-06,12,2,4,0,1,0,31.890701293945312
2019-12-09,12,2,4,0,1,0,32.10380172729492
2019-12-10,12,2,4,0,1,0,31.93703269958496
2019-12-11,12,2,4,0,1,0,32.27058029174805
2019-12-12,12,2,4,0,1,0,32.44661331176758
2019-12-13,12,2,4,0,1,0,32.61338806152344
2019-12-16,12,2,4,0,1,0,32.40287399291992
2019-12-17,12,2,4,0,1,0,32.69963073730469
2019-12-18,12,2,4,0,1,0,32.681087493896484
2019-12-19,12,2,4,0,1,0,32.82019805908203
2019-12-20,12,2,4,0,1,0,32.87583541870117
2019-12-23,12,2,4,0,1,0,32.79237365722656
2019-12-24,12,2,4,0,1,0,32.67181396484375
2019-12-26,12,2,4,0,1,0,32.514156341552734
2019-12-27,12,2,4,0,1,0,32.73673629760742
2019-12-30,12,2,4,0,1,0,32.625450134277344
2019-12-31,12,2,4,0,1,0,32.597625732421875
2020-01-02,1,1,1,0,1,0,32.99640274047852
2020-01-03,1,1,1,0,1,0,32.43996810913086
2020-01-06,1,1,1,0,1,0,32.05973815917969
2020-01-07,1,1,1,0,1,0,32.01337432861328
2020-01-08,1,1,1,0,1,0,32.43996810913086
2020-01-09,1,1,1,0,1,0,32.87583541870117
2020-01-10,1,1,1,0,1,0,33.02422332763672
2020-01-13,1,1,1,0,1,0,33.46936798095703
2020-01-14,1,1,1,0,1,0,33.404449462890625
2020-01-15,1,1,1,0,1,0,33.34880065917969
2020-01-16,1,1,1,0,1,0,33.339534759521484
2020-01-17,1,1,1,0,1,0,33.552833557128906
2020-01-21,1,1,1,0,0,0,32.82019805908203
2020-01-22,1,1,1,0,0,0,32.91293716430664
2020-01-23,1,1,1,0,0,0,32.8665657043457
2020-01-24,1,1,1,0,0,0,33.005672454833984
2020-01-27,1,1,1,0,0,0,32.597625732421875
2020-01-28,1,1,1,0,0,0,32.755279541015625
2020-01-29,1,1,1,0,0,0,32.79237365722656
2020-01-30,1,1,1,0,0,0,32.37504959106445
2020-01-31,1,1,1,1,0,0,31.98554992675781
2020-02-03,2,1,1,1,0,0,31.56822204589844
2020-02-04,2,1,1,1,0,0,32.33795547485352
2020-02-05,2,1,1,1,0,0,32.606895446777344
2020-02-06,2,1,1,1,0,0,32.85729217529297
2020-02-07,2,1,1,1,0,0,32.504886627197266
2020-02-10,2,1,1,1,0,0,32.681087493896484
2020-02-11,2,1,1,1,0,0,32.89439392089844
2020-02-12,2,1,1,1,0,0,33.09841537475586
2020-02-13,2,1,1,1,0,0,32.8109245300293
2020-02-14,2,1,1,1,0,0,32.56052780151367
2020-02-18,2,1,1,1,0,0,32.35650634765625
2020-02-19,2,1,1,1,0,0,32.72745895385742
2020-02-20,2,1,1,1,0,0,32.32868194580078
2020-02-21,2,1,1,1,0,0,32.291587829589844
2020-02-24,2,1,1,1,0,0,31.41057014465332
2020-02-25,2,1,1,1,0,0,31.28073501586914
2020-02-26,2,1,1,1,0,0,31.33637809753418
2020-02-27,2,1,1,1,0,0,30.78922462463379
2020-02-28,2,1,1,1,0,0,29.852561950683597
2020-03-02,3,1,1,1,0,0,29.713451385498047
2020-03-03,3,1,1,1,0,0,29.639259338378903
2020-03-04,3,1,1,1,0,0,29.667085647583008
2020-03-05,3,1,1,1,0,0,28.507850646972656
2020-03-06,3,1,1,1,0,0,28.442934036254883
2020-03-09,3,1,1,1,0,0,26.89419937133789
2020-03-10,3,1,1,1,0,0,27.77521514892578
2020-03-11,3,1,1,1,0,0,26.55106544494629
2020-03-12,3,1,1,1,0,0,23.286666870117188
2020-03-13,3,1,1,1,0,0,26.254301071166992
2020-03-16,3,1,1,1,0,0,22.20162582397461
2020-03-17,3,1,1,1,0,0,24.41807746887207
2020-03-18,3,1,1,1,0,0,21.654468536376957
2020-03-19,3,1,1,1,0,0,21.153676986694336
2020-03-20,3,1,1,1,0,0,21.394800186157227
2020-03-23,3,1,1,1,0,0,19.01141929626465
2020-03-24,3,1,1,1,0,0,20.05936050415039
2020-03-25,3,1,1,1,0,0,21.58955192565918
2020-03-26,3,1,1,1,0,0,23.43504905700684
2020-03-27,3,1,1,1,0,0,22.016149520874023
2020-03-30,3,1,1,1,0,0,21.88631629943848
2020-03-31,3,1,1,1,0,0,22.359281539916992
2020-04-01,4,1,2,1,0,0,20.70853614807129
2020-04-02,4,1,2,1,0,0,21.246417999267575
2020-04-03,4,1,2,1,0,0,20.41176986694336
2020-04-06,4,1,2,1,0,0,21.95123291015625
2020-04-07,4,1,2,1,0,0,22.591127395629883
2020-04-08,4,1,2,1,0,0,23.351585388183597
2020-04-09,4,1,2,1,0,0,23.611251831054688
2020-04-13,4,1,2,1,0,0,23.397951126098636
2020-04-14,4,1,2,1,0,0,24.09349250793457
2020-04-15,4,1,2,1,0,0,22.943531036376957
2020-04-16,4,1,2,1,0,0,23.19392967224121
2020-04-17,4,1,2,1,0,0,24.047122955322266
2020-04-20,4,1,2,1,0,0,23.620525360107425
2020-04-21,4,1,2,1,0,0,22.87861633300781
2020-04-22,4,1,2,1,0,0,24.0749454498291
2020-04-23,4,1,2,1,0,0,24.214054107666016
2020-04-24,4,1,2,1,0,0,23.889467239379883
2020-04-27,4,1,2,1,0,0,24.687021255493164
2020-04-28,4,1,2,1,0,0,24.622100830078125
2020-04-29,4,1,2,1,0,0,25.651500701904297
2020-04-30,4,1,2,1,0,0,25.08579444885254
2020-05-01,5,1,2,1,0,0,24.316064834594727
2020-05-04,5,1,2,1,0,0,24.66847038269043
2020-05-05,5,1,2,1,0,0,24.18623161315918
2020-05-06,5,1,2,1,0,0,23.843097686767575
2020-05-07,5,1,2,1,0,0,24.27896881103516
2020-05-08,5,1,2,1,0,0,24.78903007507324
2020-05-11,5,1,2,1,0,0,24.334613800048828
2020-05-12,5,1,2,1,0,0,25.39183235168457
2020-05-13,5,1,2,1,0,0,24.594282150268555
2020-05-14,5,1,2,1,0,0,24.622100830078125
2020-05-15,5,1,2,1,0,0,24.102766036987305
2020-05-18,5,1,2,1,0,0,24.390256881713867
2020-05-19,5,1,2,1,0,0,23.703990936279297
2020-05-20,5,1,2,1,0,0,24.408802032470703
2020-05-21,5,1,2,1,0,0,24.29751968383789
2020-05-22,5,1,2,1,0,0,24.223329544067383
2020-05-26,5,1,2,1,0,0,24.20477867126465
2020-05-27,5,1,2,1,0,0,24.57573127746582
2020-05-28,5,1,2,1,0,0,24.87249565124512
2020-05-29,5,1,2,1,0,0,25.493844985961918
2020-06-01,6,1,2,1,0,0,26.143014907836918
2020-06-02,6,1,2,1,0,0,26.755090713500977
2020-06-03,6,1,2,1,0,0,26.884923934936523
2020-06-04,6,1,2,1,0,0,26.46760368347168
2020-06-05,6,1,2,1,0,0,27.107498168945312
2020-06-08,6,1,2,1,0,0,27.16314125061035
2020-06-09,6,1,2,1,0,0,26.708721160888672
2020-06-10,6,1,2,1,0,0,26.91274642944336
2020-06-11,6,1,2,1,0,0,24.82612609863281
2020-06-12,6,1,2,1,0,0,26.18938446044922
2020-06-15,6,1,2,1,0,0,26.232158660888672
2020-06-16,6,1,2,1,0,0,25.776514053344727
2020-06-17,6,1,2,1,0,0,26.00898742675781
2020-06-18,6,1,2,1,0,0,26.241458892822266
2020-06-19,6,1,2,1,0,0,26.65060806274414
2020-06-22,6,1,2,1,0,0,27.301532745361328
2020-06-23,6,1,2,1,0,0,27.561899185180664
2020-06-24,6,1,2,1,0,0,26.920278549194336
2020-06-25,6,1,2,1,0,0,27.273637771606445
2020-06-26,6,1,2,1,0,0,27.013267517089844
2020-06-29,6,1,2,1,0,0,27.16204833984375
2020-06-30,6,1,2,1,0,0,26.98536872863769
2020-07-01,7,2,3,1,0,0,27.58979797363281
2020-07-02,7,2,3,1,0,0,28.240720748901367
2020-07-06,7,2,3,1,0,0,28.83584976196289
2020-07-07,7,2,3,1,0,0,28.6684684753418
2020-07-08,7,2,3,1,0,0,28.575477600097656
2020-07-09,7,2,3,1,0,0,28.61267471313477
2020-07-10,7,2,3,1,0,0,28.621973037719727
2020-07-13,7,2,3,1,0,0,28.649871826171875
2020-07-14,7,2,3,1,0,0,28.454593658447266
2020-07-15,7,2,3,1,0,0,28.594078063964844
2020-07-16,7,2,3,1,0,0,28.826547622680664
2020-07-17,7,2,3,1,0,0,29.300790786743164
2020-07-20,7,2,3,1,0,0,29.709943771362305
2020-07-21,7,2,3,1,0,0,29.8773250579834
2020-07-22,7,2,3,1,0,0,29.886625289916992
2020-07-23,7,2,3,1,0,0,29.719240188598636
2020-07-24,7,2,3,1,0,0,29.95171546936035
2020-07-27,7,2,3,1,0,0,30.174888610839844
2020-07-28,7,2,3,1,0,0,30.277175903320312
2020-07-29,7,2,3,1,0,0,30.28647804260254
2020-07-30,7,2,3,1,0,0,29.95171546936035
2020-07-31,7,2,3,1,0,0,29.700645446777344
2020-08-03,8,2,3,1,0,0,29.579757690429688
2020-08-04,8,2,3,1,0,0,30.10979461669922
2020-08-05,8,2,3,1,0,0,30.24928092956543
2020-08-06,8,2,3,1,0,0,30.537540435791016
2020-08-07,8,2,3,1,0,0,30.42595672607422
2020-08-10,8,2,3,1,0,0,30.74212455749512
2020-08-11,8,2,3,1,0,0,30.5654411315918
2020-08-12,8,2,3,1,0,0,30.890905380249023
2020-08-13,8,2,3,1,0,0,30.69562339782715
2020-08-14,8,2,3,1,0,0,30.621238708496094
2020-08-17,8,2,3,1,0,0,30.86300277709961
2020-08-18,8,2,3,1,0,0,31.123374938964844
2020-08-19,8,2,3,1,0,0,30.78861427307129
2020-08-20,8,2,3,1,0,0,30.84440803527832
2020-08-21,8,2,3,1,0,0,30.77001571655273
2020-08-24,8,2,3,1,0,0,31.244258880615234
2020-08-25,8,2,3,1,0,0,31.300058364868164
2020-08-26,8,2,3,1,0,0,31.50463104248047
2020-08-27,8,2,3,1,0,0,31.579015731811523
2020-08-28,8,2,3,1,0,0,32.14624786376953
2020-08-31,8,2,3,1,0,0,31.030384063720703
2020-09-01,9,2,3,1,0,0,31.597620010375977
2020-09-02,9,2,3,1,0,0,31.681306838989254
2020-09-03,9,2,3,1,0,0,31.244258880615234
2020-09-04,9,2,3,1,0,0,31.086179733276367
2020-09-08,9,2,3,1,0,0,30.677026748657227
2020-09-09,9,2,3,1,0,0,31.244258880615234
2020-09-10,9,2,3,1,0,0,31.35585021972656
2020-09-11,9,2,3,1,0,0,31.51392936706543
2020-09-14,9,2,3,1,0,0,31.876583099365234
2020-09-15,9,2,3,1,0,0,31.978872299194336
2020-09-16,9,2,3,1,0,0,32.13695526123047
2020-09-17,9,2,3,1,0,0,32.11835479736328
2020-09-18,9,2,3,1,0,0,31.876583099365234
2020-09-21,9,2,3,1,0,0,31.42093849182129
2020-09-22,9,2,3,1,0,0,31.0954704284668
2020-09-23,9,2,3,1,0,0,30.602638244628903
2020-09-24,9,2,3,1,0,0,30.14698982238769
2020-09-25,9,2,3,1,0,0,30.74212455749512
2020-09-28,9,2,3,1,0,0,31.21636390686035
2020-09-29,9,2,3,1,0,0,31.244258880615234
2020-09-30,9,2,3,1,0,0,31.48603057861328
2020-10-01,10,2,4,1,0,0,31.950971603393555
2020-10-02,10,2,4,1,0,0,31.69061088562012
2020-10-05,10,2,4,1,0,0,32.28573989868164
2020-10-06,10,2,4,1,0,0,32.350830078125
2020-10-07,10,2,4,1,0,0,32.67628860473633
2020-10-08,10,2,4,1,0,0,32.74137878417969
2020-10-09,10,2,4,1,0,0,33.0947380065918
2020-10-12,10,2,4,1,0,0,32.9366569519043
2020-10-13,10,2,4,1,0,0,32.68558883666992
2020-10-14,10,2,4,1,0,0,32.96455001831055
2020-10-15,10,2,4,1,0,0,32.32292556762695
2020-10-16,10,2,4,1,0,0,32.38802719116211
2020-10-19,10,2,4,1,0,0,32.471710205078125
2020-10-20,10,2,4,1,0,0,32.58330535888672
2020-10-21,10,2,4,1,0,0,32.55540466308594
2020-10-22,10,2,4,1,0,0,32.369422912597656
2020-10-23,10,2,4,1,0,0,32.536808013916016
2020-10-26,10,2,4,1,0,0,31.876583099365234
2020-10-27,10,2,4,1,0,0,32.11835479736328
2020-10-28,10,2,4,1,0,0,31.18846702575684
2020-10-29,10,2,4,1,0,0,31.262859344482425
2020-10-30,10,2,4,1,0,0,31.23496437072754
2020-11-02,11,2,4,1,0,0,31.32794761657715
2020-11-03,11,2,4,1,0,0,31.560422897338867
2020-11-04,11,2,4,1,0,0,32.39732360839844
2020-11-05,11,2,4,1,0,0,32.815773010253906
2020-11-06,11,2,4,1,0,0,33.11333465576172
2020-11-09,11,2,4,1,0,0,33.89444732666016
2020-11-10,11,2,4,1,0,0,33.466697692871094
2020-11-11,11,2,4,1,0,0,33.671268463134766
2020-11-12,11,2,4,1,0,0,33.243526458740234
2020-11-13,11,2,4,1,0,0,33.80145263671875
2020-11-16,11,2,4,1,0,0,34.16411209106445
2020-11-17,11,2,4,1,0,0,34.10831832885742
2020-11-18,11,2,4,1,0,0,34.0432243347168
2020-11-19,11,2,4,1,0,0,33.922340393066406
2020-11-20,11,2,4,1,0,0,33.931636810302734
2020-11-23,11,2,4,1,0,0,34.0432243347168
2020-11-24,11,2,4,1,0,0,34.61045837402344
2020-11-25,11,2,4,1,0,0,34.25709915161133
2020-11-27,11,2,4,1,0,0,34.38728713989258
2020-11-30,11,2,4,1,0,0,33.922340393066406
2020-12-01,12,2,4,1,0,0,34.9824104309082
2020-12-02,12,2,4,1,0,0,34.880123138427734
2020-12-03,12,2,4,1,0,0,35.028907775878906
2020-12-04,12,2,4,1,0,0,35.36366653442383
2020-12-07,12,2,4,1,0,0,35.62403869628906
2020-12-08,12,2,4,1,0,0,35.71702575683594
2020-12-09,12,2,4,1,0,0,35.68913269042969
2020-12-10,12,2,4,1,0,0,35.94020080566406
2020-12-11,12,2,4,1,0,0,35.828609466552734
2020-12-14,12,2,4,1,0,0,35.80255508422852
2020-12-15,12,2,4,1,0,0,36.34233856201172
2020-12-16,12,2,4,1,0,0,36.295806884765625
2020-12-17,12,2,4,1,0,0,36.565696716308594
2020-12-18,12,2,4,1,0,0,36.60292434692383
2020-12-21,12,2,4,1,0,0,35.36513900756836
2020-12-22,12,2,4,1,0,0,35.644344329833984
2020-12-23,12,2,4,1,0,0,36.25857925415039
2020-12-24,12,2,4,1,0,0,36.63084030151367
2020-12-28,12,2,4,1,0,0,36.96588134765625
2020-12-29,12,2,4,1,0,0,37.1054801940918
2020-12-30,12,2,4,1,0,0,37.31953048706055
2020-12-31,12,2,4,1,0,0,37.43121337890625
2021-01-04,1,1,1,1,0,0,37.51497268676758
2021-01-05,1,1,1,1,0,0,38.19435119628906
2021-01-06,1,1,1,1,0,0,38.0733642578125
2021-01-07,1,1,1,1,0,0,37.89654159545898
2021-01-08,1,1,1,1,0,0,38.78997802734375
2021-01-11,1,1,1,1,0,0,38.57592391967773
2021-01-12,1,1,1,1,0,0,38.92026901245117
2021-01-13,1,1,1,1,0,0,38.771366119384766
2021-01-14,1,1,1,1,0,0,38.90165710449219
2021-01-15,1,1,1,1,0,0,38.14782333374024
2021-01-19,1,1,1,1,0,0,38.278114318847656
2021-01-20,1,1,1,1,0,0,39.07848739624024
2021-01-21,1,1,1,1,0,0,38.90165710449219
2021-01-22,1,1,1,1,0,0,38.48285675048828
2021-01-25,1,1,1,1,0,0,37.850006103515625
2021-01-26,1,1,1,1,0,0,37.8406982421875
2021-01-27,1,1,1,1,0,0,37.04964065551758
2021-01-28,1,1,1,1,0,0,37.61734390258789
2021-01-29,1,1,1,1,0,0,36.42609024047852
2021-02-01,2,1,1,1,0,0,37.89654159545898
2021-02-02,2,1,1,1,0,0,38.799278259277344
2021-02-03,2,1,1,1,0,0,39.09709167480469
2021-02-04,2,1,1,1,0,0,39.2832260131836
2021-02-05,2,1,1,1,0,0,39.2832260131836
2021-02-08,2,1,1,1,0,0,39.72063827514648
2021-02-09,2,1,1,1,0,0,39.58103942871094
2021-02-10,2,1,1,1,0,0,39.59034729003906
2021-02-11,2,1,1,1,0,0,40.01844787597656
2021-02-12,2,1,1,1,0,0,40.02775955200195
2021-02-16,2,1,1,1,0,0,39.94399642944336
2021-02-17,2,1,1,1,0,0,40.111515045166016
2021-02-18,2,1,1,1,0,0,39.981224060058594
2021-02-19,2,1,1,1,0,0,39.76717376708984
2021-02-22,2,1,1,1,0,0,39.01333618164063
2021-02-23,2,1,1,1,0,0,39.42282485961914
2021-02-24,2,1,1,1,0,0,39.81370162963867
2021-02-25,2,1,1,1,0,0,39.12501525878906
2021-02-26,2,1,1,1,0,0,38.1850471496582
2021-03-01,3,1,1,1,0,0,39.12501525878906
2021-03-02,3,1,1,1,0,0,39.49728012084961
2021-03-03,3,1,1,1,0,0,39.8230094909668
2021-03-04,3,1,1,1,0,0,39.43213653564453
2021-03-05,3,1,1,1,0,0,39.63687896728516
2021-03-08,3,1,1,1,0,0,39.32045364379883
2021-03-09,3,1,1,1,0,0,40.111515045166016
2021-03-10,3,1,1,1,0,0,40.24180603027344
2021-03-11,3,1,1,1,0,0,40.75367736816406
2021-03-12,3,1,1,1,0,0,39.89746475219727
2021-03-15,3,1,1,1,0,0,39.76717376708984
2021-03-16,3,1,1,1,0,0,40.0929069519043
2021-03-17,3,1,1,1,0,0,39.59034729003906
2021-03-18,3,1,1,1,0,0,38.50146865844727
2021-03-19,3,1,1,1,0,0,39.515892028808594
2021-03-22,3,1,1,1,0,0,39.59965133666992
2021-03-23,3,1,1,1,0,0,39.34836959838867
2021-03-24,3,1,1,1,0,0,38.93888473510742
2021-03-25,3,1,1,1,0,0,38.63176345825195
2021-03-26,3,1,1,1,0,0,39.57173156738281
2021-03-29,3,1,1,1,0,0,39.13432312011719
2021-03-30,3,1,1,1,0,0,39.05986785888672
2021-03-31,3,1,1,1,0,0,39.25531005859375
2021-04-01,4,1,2,1,0,0,39.44144058227539
2021-04-05,4,1,2,1,0,0,39.04125595092773
2021-04-06,4,1,2,1,0,0,39.14363098144531
2021-04-07,4,1,2,1,0,0,38.799278259277344
2021-04-08,4,1,2,1,0,0,39.04125595092773
2021-04-09,4,1,2,1,0,0,38.799278259277344
2021-04-12,4,1,2,1,0,0,37.3753662109375
2021-04-13,4,1,2,1,0,0,37.63595581054688
2021-04-14,4,1,2,1,0,0,38.0733642578125
2021-04-15,4,1,2,1,0,0,38.25019073486328
2021-04-16,4,1,2,1,0,0,38.33395004272461
2021-04-19,4,1,2,1,0,0,37.38467788696289
2021-04-20,4,1,2,1,0,0,36.7890510559082
2021-04-21,4,1,2,1,0,0,36.86351013183594
2021-04-22,4,1,2,1,0,0,37.04033279418945
2021-04-23,4,1,2,1,0,0,37.27299499511719
2021-04-26,4,1,2,1,0,0,37.82208633422852
2021-04-27,4,1,2,1,0,0,38.24088668823242
2021-04-28,4,1,2,1,0,0,38.68760299682617
2021-04-29,4,1,2,1,0,0,38.799278259277344
2021-04-30,4,1,2,1,0,0,38.17573928833008
2021-05-03,5,1,2,1,0,0,38.64107131958008
2021-05-04,5,1,2,1,0,0,38.12920379638672
2021-05-05,5,1,2,1,0,0,38.78997802734375
2021-05-06,5,1,2,1,0,0,39.273921966552734
2021-05-07,5,1,2,1,0,0,39.7764778137207
2021-05-10,5,1,2,1,0,0,39.39490509033203
2021-05-11,5,1,2,1,0,0,39.4693603515625
2021-05-12,5,1,2,1,0,0,38.44563293457031
2021-05-13,5,1,2,1,0,0,39.004032135009766
2021-05-14,5,1,2,1,0,0,39.49728012084961
2021-05-17,5,1,2,1,0,0,39.89746475219727
2021-05-18,5,1,2,1,0,0,40.15805435180664
2021-05-19,5,1,2,1,0,0,40.204586029052734
2021-05-20,5,1,2,1,0,0,40.204586029052734
2021-05-21,5,1,2,1,0,0,40.10221099853516
2021-05-24,5,1,2,1,0,0,40.576847076416016
2021-05-25,5,1,2,1,0,0,40.54892349243164
2021-05-26,5,1,2,1,0,0,41.014259338378906
2021-05-27,5,1,2,1,0,0,41.18178176879883
2021-05-28,5,1,2,1,0,0,41.20969772338867
2021-06-01,6,1,2,1,0,0,41.58196640014648
2021-06-02,6,1,2,1,0,0,41.907691955566406
2021-06-03,6,1,2,1,0,0,41.85185623168945
2021-06-04,6,1,2,1,0,0,42.233428955078125
2021-06-07,6,1,2,1,0,0,42.24273300170898
2021-06-08,6,1,2,1,0,0,42.186893463134766
2021-06-09,6,1,2,1,0,0,42.01006317138672
2021-06-10,6,1,2,1,0,0,42.20755386352539
2021-06-11,6,1,2,1,0,0,42.11439895629883
2021-06-14,6,1,2,1,0,0,42.105079650878906
2021-06-15,6,1,2,1,0,0,41.9280891418457
2021-06-16,6,1,2,1,0,0,41.4530143737793
2021-06-17,6,1,2,1,0,0,41.322601318359375
2021-06-18,6,1,2,1,0,0,40.9686164855957
2021-06-21,6,1,2,1,0,0,41.52753829956055
2021-06-22,6,1,2,1,0,0,41.415748596191406
2021-06-23,6,1,2,1,0,0,41.22013092041016
2021-06-24,6,1,2,1,0,0,41.38780212402344
2021-06-25,6,1,2,1,0,0,41.415748596191406
2021-06-28,6,1,2,1,0,0,41.546165466308594
2021-06-29,6,1,2,1,0,0,41.415748596191406
2021-06-30,6,1,2,1,0,0,41.22013092041016
2021-07-01,7,2,3,1,0,0,41.08971786499024
2021-07-02,7,2,3,1,0,0,41.350547790527344
2021-07-06,7,2,3,1,0,0,40.97793197631836
2021-07-07,7,2,3,1,0,0,41.20149993896485
2021-07-08,7,2,3,1,0,0,40.89410018920898
2021-07-09,7,2,3,1,0,0,41.294654846191406
2021-07-12,7,2,3,1,0,0,41.31328201293945
2021-07-13,7,2,3,1,0,0,41.15492630004883
2021-07-14,7,2,3,1,0,0,41.406436920166016
2021-07-15,7,2,3,1,0,0,41.49958801269531
2021-07-16,7,2,3,1,0,0,41.20149993896485
2021-07-19,7,2,3,1,0,0,40.81025695800781
2021-07-20,7,2,3,1,0,0,41.08039474487305
2021-07-21,7,2,3,1,0,0,41.15492630004883
2021-07-22,7,2,3,1,0,0,41.397117614746094
2021-07-23,7,2,3,1,0,0,41.47164535522461
2021-07-26,7,2,3,1,0,0,41.74178314208984
2021-07-27,7,2,3,1,0,0,41.248077392578125
2021-07-28,7,2,3,1,0,0,41.37848663330078
2021-07-29,7,2,3,1,0,0,41.57411193847656
2021-07-30,7,2,3,1,0,0,41.630001068115234
2021-08-02,8,2,3,1,0,0,41.69520950317383
2021-08-03,8,2,3,1,0,0,42.673316955566406
2021-08-04,8,2,3,1,0,0,42.53358459472656
2021-08-05,8,2,3,1,0,0,42.859619140625
2021-08-06,8,2,3,1,0,0,42.54290008544922
2021-08-09,8,2,3,1,0,0,42.31001663208008
2021-08-10,8,2,3,1,0,0,42.32864761352539
2021-08-11,8,2,3,1,0,0,42.65468215942383
2021-08-12,8,2,3,1,0,0,42.710575103759766
2021-08-13,8,2,3,1,0,0,43.05524063110352
2021-08-16,8,2,3,1,0,0,43.29743957519531
2021-08-17,8,2,3,1,0,0,43.18565368652344
2021-08-18,8,2,3,1,0,0,42.81304168701172
2021-08-19,8,2,3,1,0,0,42.65468215942383
2021-08-20,8,2,3,1,0,0,43.12044525146485
2021-08-23,8,2,3,1,0,0,43.18565368652344
2021-08-24,8,2,3,1,0,0,43.44648361206055
2021-08-25,8,2,3,1,0,0,43.44648361206055
2021-08-26,8,2,3,1,0,0,43.37196350097656
2021-08-27,8,2,3,1,0,0,44.312801361083984
2021-08-30,8,2,3,1,0,0,44.72267532348633
2021-08-31,8,2,3,1,0,0,45.27227783203125
2021-09-01,9,2,3,1,0,0,45.5237922668457
2021-09-02,9,2,3,1,0,0,45.82188034057617
2021-09-03,9,2,3,1,0,0,46.29695892333984
2021-09-07,9,2,3,1,0,0,46.00818634033203
2021-09-08,9,2,3,1,0,0,45.66352081298828
2021-09-09,9,2,3,1,0,0,45.92435073852539
2021-09-10,9,2,3,1,0,0,45.91503143310547
2021-09-13,9,2,3,1,0,0,45.998870849609375
2021-09-14,9,2,3,1,0,0,45.93366241455078
2021-09-15,9,2,3,1,0,0,46.464637756347656
2021-09-16,9,2,3,1,0,0,46.52052307128906
2021-09-17,9,2,3,1,0,0,45.91503143310547
2021-09-20,9,2,3,1,0,0,45.53310394287109
2021-09-21,9,2,3,1,0,0,45.84982681274414
2021-09-22,9,2,3,1,0,0,46.16654586791992
2021-09-23,9,2,3,1,0,0,46.6416244506836
2021-09-24,9,2,3,1,0,0,46.49258041381836
2021-09-27,9,2,3,1,0,0,46.48326873779297
2021-09-28,9,2,3,1,0,0,45.65420150756836
2021-09-29,9,2,3,1,0,0,45.616943359375
2021-09-30,9,2,3,1,0,0,45.35611343383789
2021-10-01,10,2,4,1,0,0,45.78461837768555
2021-10-04,10,2,4,1,0,0,45.5610466003418
2021-10-05,10,2,4,1,0,0,46.101341247558594
2021-10-06,10,2,4,1,0,0,45.65420150756836
2021-10-07,10,2,4,1,0,0,45.92435073852539
2021-10-08,10,2,4,1,0,0,45.8870849609375
2021-10-11,10,2,4,1,0,0,45.75667190551758
2021-10-12,10,2,4,1,0,0,45.95229721069336
2021-10-13,10,2,4,1,0,0,46.54847717285156
2021-10-14,10,2,4,1,0,0,46.95834732055664
2021-10-15,10,2,4,1,0,0,47.04218292236328
2021-10-18,10,2,4,1,0,0,47.070125579833984
2021-10-19,10,2,4,1,0,0,46.88382339477539
2021-10-20,10,2,4,1,0,0,46.73477554321289
2021-10-21,10,2,4,1,0,0,46.41805648803711
2021-10-22,10,2,4,1,0,0,46.00818634033203
2021-10-25,10,2,4,1,0,0,45.98955154418945
2021-10-26,10,2,4,1,0,0,46.464637756347656
2021-10-27,10,2,4,1,0,0,46.25969696044922
2021-10-28,10,2,4,1,0,0,45.77530670166016
2021-10-29,10,2,4,1,0,0,45.49584579467773
2021-11-01,11,2,4,1,0,0,46.05475997924805
2021-11-02,11,2,4,1,0,0,46.08271026611328
2021-11-03,11,2,4,1,0,0,46.24106597900391
2021-11-04,11,2,4,1,0,0,46.23175430297852
2021-11-05,11,2,4,1,0,0,46.56710433959961
2021-11-08,11,2,4,1,0,0,47.21916961669922
2021-11-09,11,2,4,1,0,0,46.79998779296875
2021-11-10,11,2,4,1,0,0,46.576419830322266
2021-11-11,11,2,4,1,0,0,46.73477554321289
2021-11-12,11,2,4,1,0,0,47.303009033203125
2021-11-15,11,2,4,1,0,0,47.16328430175781
2021-11-16,11,2,4,1,0,0,46.81861114501953
2021-11-17,11,2,4,1,0,0,46.69751739501953
2021-11-18,11,2,4,1,0,0,46.37148284912109
2021-11-19,11,2,4,1,0,0,46.16654586791992
2021-11-22,11,2,4,1,0,0,45.29090881347656
2021-11-23,11,2,4,1,0,0,45.86845779418945
2021-11-24,11,2,4,1,0,0,45.29090881347656
2021-11-26,11,2,4,1,0,0,43.94019317626953
2021-11-29,11,2,4,1,0,0,44.13581466674805
2021-11-30,11,2,4,1,0,0,44.26622772216797
2021-12-01,12,2,4,1,0,0,44.33143615722656
2021-12-02,12,2,4,1,0,0,45.23501968383789
2021-12-03,12,2,4,1,0,0,44.46184921264648
2021-12-06,12,2,4,1,0,0,43.91224670410156
2021-12-07,12,2,4,1,0,0,44.70405197143555
2021-12-08,12,2,4,1,0,0,45.13254928588867
2021-12-09,12,2,4,1,0,0,45.02076721191406
2021-12-10,12,2,4,1,0,0,45.19775390625
2021-12-13,12,2,4,1,0,0,44.34511947631836
2021-12-14,12,2,4,1,0,0,44.34511947631836
2021-12-15,12,2,4,1,0,0,44.22628402709961
2021-12-16,12,2,4,1,0,0,44.16686630249024
2021-12-17,12,2,4,1,0,0,43.55288696289063
2021-12-20,12,2,4,1,0,0,43.2062873840332
2021-12-21,12,2,4,1,0,0,43.6915283203125
2021-12-22,12,2,4,1,0,0,44.32530975341797
2021-12-23,12,2,4,1,0,0,44.66201019287109
2021-12-27,12,2,4,1,0,0,44.91948318481445
2021-12-28,12,2,4,1,0,0,45.04822540283203
2021-12-29,12,2,4,1,0,0,45.33540725708008
2021-12-30,12,2,4,1,0,0,45.36513519287109
2021-12-31,12,2,4,1,0,0,45.424591064453125
2022-01-03,1,1,1,1,0,0,46.15788650512695
2022-01-04,1,1,1,1,0,0,46.34616088867188
2022-01-05,1,1,1,1,0,0,46.26688766479492
2022-01-06,1,1,1,1,0,0,46.32634353637695
2022-01-07,1,1,1,1,0,0,46.702903747558594
2022-01-10,1,1,1,1,0,0,46.90108871459961
2022-01-11,1,1,1,1,0,0,47.72356414794922
2022-01-12,1,1,1,1,0,0,48.06048583984375
2022-01-13,1,1,1,1,0,0,47.86229705810547
2022-01-14,1,1,1,1,0,0,47.58483505249024
2022-01-18,1,1,1,1,0,0,47.01008987426758
2022-01-19,1,1,1,1,0,0,46.66326141357422
2022-01-20,1,1,1,1,0,0,46.247066497802734
2022-01-21,1,1,1,1,0,0,45.523681640625
2022-01-24,1,1,1,1,0,0,44.1958236694336
2022-01-25,1,1,1,1,0,0,44.65166091918945
2022-01-26,1,1,1,1,0,0,44.11655426025391
2022-01-27,1,1,1,1,0,0,43.8589096069336
2022-01-28,1,1,1,1,0,0,44.38410949707031
2022-01-31,1,1,1,1,0,0,45.45431900024414
2022-02-01,2,1,1,1,0,0,45.47413635253906
2022-02-02,2,1,1,1,0,0,45.74169158935547
2022-02-03,2,1,1,1,0,0,45.11739730834961
2022-02-04,2,1,1,1,0,0,44.9687614440918
2022-02-07,2,1,1,1,0,0,44.5228385925293
2022-02-08,2,1,1,1,0,0,44.68138885498047
2022-02-09,2,1,1,1,0,0,45.26604080200195
2022-02-10,2,1,1,1,0,0,44.65166091918945
2022-02-11,2,1,1,1,0,0,43.76972198486328
2022-02-14,2,1,1,1,0,0,43.0067024230957
2022-02-15,2,1,1,1,0,0,44.5129280090332
2022-02-16,2,1,1,1,0,0,44.5228385925293
2022-02-17,2,1,1,1,0,0,44.1958236694336
2022-02-18,2,1,1,1,0,0,44.1958236694336
2022-02-22,2,1,1,1,0,0,43.948089599609375
2022-02-23,2,1,1,1,0,0,43.472442626953125
2022-02-24,2,1,1,1,0,0,42.29322814941406
2022-02-25,2,1,1,1,0,1,43.70035934448242
2022-02-28,2,1,1,1,0,1,43.35353088378906
2022-03-01,3,1,1,1,0,1,42.22386169433594
2022-03-02,3,1,1,1,0,1,42.89770126342773
2022-03-03,3,1,1,1,0,1,42.10494995117188
2022-03-04,3,1,1,1,0,1,41.12392044067383
2022-03-07,3,1,1,1,0,1,39.81588363647461
2022-03-08,3,1,1,1,0,1,40.54917144775391
2022-03-09,3,1,1,1,0,1,42.22386169433594
2022-03-10,3,1,1,1,0,1,42.10494995117188
2022-03-11,3,1,1,1,0,1,41.70857238769531
2022-03-14,3,1,1,1,0,1,42.39231872558594
2022-03-15,3,1,1,1,0,1,42.917518615722656
2022-03-16,3,1,1,1,0,1,43.948089599609375
2022-03-17,3,1,1,1,0,1,44.0273666381836
2022-03-18,3,1,1,1,0,1,44.34446716308594
2022-03-21,3,1,1,1,0,1,43.48235321044922
2022-03-22,3,1,1,1,0,1,44.00754928588867
2022-03-23,3,1,1,1,0,1,43.17516326904297
2022-03-24,3,1,1,1,0,1,43.86882019042969
2022-03-25,3,1,1,1,0,1,43.8489990234375
2022-03-28,3,1,1,1,0,1,44.1958236694336
2022-03-29,3,1,1,1,0,1,44.9687614440918
2022-03-30,3,1,1,1,0,1,44.46337890625
2022-03-31,3,1,1,1,0,1,44.16609954833984
2022-04-01,4,1,2,1,0,1,44.99848556518555
2022-04-04,4,1,2,1,0,1,46.0191535949707
2022-04-05,4,1,2,1,0,1,45.56332015991211
2022-04-06,4,1,2,1,0,1,45.16694641113281
2022-04-07,4,1,2,1,0,1,45.09757995605469
2022-04-08,4,1,2,1,0,1,45.44440841674805
2022-04-11,4,1,2,1,0,1,45.10749053955078
2022-04-12,4,1,2,1,0,1,44.68138885498047
2022-04-13,4,1,2,1,0,1,44.60210800170898
2022-04-14,4,1,2,1,0,1,44.25528335571289
2022-04-18,4,1,2,1,0,1,44.27510452270508
2022-04-19,4,1,2,1,0,1,43.779632568359375
2022-04-20,4,1,2,1,0,1,44.31473922729492
2022-04-21,4,1,2,1,0,1,44.294921875
2022-04-22,4,1,2,1,0,1,43.79945373535156
2022-04-25,4,1,2,1,0,1,43.79945373535156
2022-04-26,4,1,2,1,0,1,43.4625358581543
2022-04-27,4,1,2,1,0,1,43.541805267333984
2022-04-28,4,1,2,1,0,1,44.16609954833984
2022-04-29,4,1,2,1,0,1,43.24452590942383
2022-05-02,5,1,2,1,0,1,43.49225997924805
2022-05-03,5,1,2,1,0,1,43.541805267333984
2022-05-04,5,1,2,1,0,1,43.4625358581543
2022-05-05,5,1,2,1,0,1,42.23377227783203
2022-05-06,5,1,2,1,0,1,41.718482971191406
2022-05-09,5,1,2,1,0,1,40.99509811401367
2022-05-10,5,1,2,1,0,1,40.67799758911133
2022-05-11,5,1,2,1,0,1,40.24198532104492
2022-05-12,5,1,2,1,0,1,40.053707122802734
2022-05-13,5,1,2,1,0,1,40.10325622558594
2022-05-16,5,1,2,1,0,1,39.92488861083984
2022-05-17,5,1,2,1,0,1,41.143741607666016
2022-05-18,5,1,2,1,0,1,40.13298034667969
2022-05-19,5,1,2,1,0,1,40.400535583496094
2022-05-20,5,1,2,1,0,1,40.58881378173828
2022-05-23,5,1,2,1,0,1,40.89600372314453
2022-05-24,5,1,2,1,0,1,40.568992614746094
2022-05-25,5,1,2,1,0,1,40.35099029541016
2022-05-26,5,1,2,1,0,1,40.70772552490234
2022-05-27,5,1,2,1,0,1,40.98519134521485
2022-05-31,5,1,2,1,0,1,41.0545539855957
2022-06-01,6,1,2,1,0,1,41.06446075439453
2022-06-02,6,1,2,1,0,1,41.98603439331055
2022-06-03,6,1,2,1,0,1,40.99509811401367
2022-06-06,6,1,2,1,0,1,41.02482986450195
2022-06-07,6,1,2,1,0,1,41.07437515258789
2022-06-08,6,1,2,1,0,1,40.61854553222656
2022-06-09,6,1,2,1,0,1,40.36089706420898
2022-06-10,6,1,2,1,0,1,39.88524627685547
2022-06-13,6,1,2,1,0,1,39.15195083618164
2022-06-14,6,1,2,1,0,1,39.34023284912109
2022-06-15,6,1,2,1,0,1,39.647422790527344
2022-06-16,6,1,2,1,0,1,38.52766418457031
2022-06-17,6,1,2,1,0,1,38.42856979370117
2022-06-21,6,1,2,1,0,1,39.27086639404297
2022-06-22,6,1,2,1,0,1,38.59703063964844
2022-06-23,6,1,2,1,0,1,39.013221740722656
2022-06-24,6,1,2,1,0,1,39.57805633544922
2022-06-27,6,1,2,1,0,1,39.27086639404297
2022-06-28,6,1,2,1,0,1,38.78530502319336
2022-06-29,6,1,2,1,0,1,39.03303909301758
2022-06-30,6,1,2,1,0,1,39.013221740722656
2022-07-01,7,2,3,1,0,1,39.12222671508789
2022-07-05,7,2,3,1,0,1,39.132137298583984
2022-07-06,7,2,3,1,0,1,39.7861557006836
2022-07-07,7,2,3,1,0,1,39.93479537963867
2022-07-08,7,2,3,1,0,1,39.83570098876953
2022-07-11,7,2,3,1,0,1,39.71678924560547
2022-07-12,7,2,3,1,0,1,39.60778427124024
2022-07-13,7,2,3,1,0,1,39.17177200317383
2022-07-14,7,2,3,1,0,1,39.320411682128906
2022-07-15,7,2,3,1,0,1,39.84560775756836
2022-07-18,7,2,3,1,0,1,39.63751602172852
2022-07-19,7,2,3,1,0,1,40.37080764770508
2022-07-20,7,2,3,1,0,1,39.944705963134766
2022-07-21,7,2,3,1,0,1,40.91582489013672
2022-07-22,7,2,3,1,0,1,40.74736404418945
2022-07-25,7,2,3,1,0,1,40.69781494140625
2022-07-26,7,2,3,1,0,1,40.14288711547852
2022-07-27,7,2,3,1,0,1,40.99509811401367
2022-07-28,7,2,3,1,0,1,41.659027099609375
2022-07-29,7,2,3,1,0,1,42.29322814941406
2022-08-01,8,2,3,1,0,1,42.60041809082031
2022-08-02,8,2,3,1,0,1,42.88779067993164
2022-08-03,8,2,3,1,0,1,42.85805892944336
2022-08-04,8,2,3,1,0,1,42.65987396240234
2022-08-05,8,2,3,1,0,1,42.42205047607422
2022-08-08,8,2,3,1,0,1,42.719329833984375
2022-08-09,8,2,3,1,0,1,42.55086898803711
2022-08-10,8,2,3,1,0,1,43.35353088378906
2022-08-11,8,2,3,1,0,1,42.86796569824219
2022-08-12,8,2,3,1,0,1,43.31389236450195
2022-08-15,8,2,3,1,0,1,43.303985595703125
2022-08-16,8,2,3,1,0,1,43.69044876098633
2022-08-17,8,2,3,1,0,1,43.69044876098633
2022-08-18,8,2,3,1,0,1,43.59135818481445
2022-08-19,8,2,3,1,0,1,42.90760803222656
2022-08-22,8,2,3,1,0,1,42.31304550170898
2022-08-23,8,2,3,1,0,1,42.75897216796875
2022-08-24,8,2,3,1,0,1,42.967063903808594
2022-08-25,8,2,3,1,0,1,42.76887893676758
2022-08-26,8,2,3,1,0,1,42.22386169433594
2022-08-29,8,2,3,1,0,1,42.30313491821289
2022-08-30,8,2,3,1,0,1,42.86796569824219
2022-08-31,8,2,3,1,0,1,42.63014602661133
2022-09-01,9,2,3,1,0,1,42.90760803222656
2022-09-02,9,2,3,1,0,1,42.48150634765625
2022-09-06,9,2,3,1,0,1,42.521141052246094
2022-09-07,9,2,3,1,0,1,43.21479797363281
2022-09-08,9,2,3,1,0,1,43.39316940307617
2022-09-09,9,2,3,1,0,1,43.373348236083984
2022-09-12,9,2,3,1,0,1,44.0174560546875
2022-09-13,9,2,3,1,0,1,43.10579681396485
2022-09-14,9,2,3,1,0,1,43.68053817749024
2022-09-15,9,2,3,1,0,1,43.21479797363281
2022-09-16,9,2,3,1,0,1,42.7391471862793
2022-09-19,9,2,3,1,0,1,43.16525650024414
2022-09-20,9,2,3,1,0,1,43.02651977539063
2022-09-21,9,2,3,1,0,1,42.54096221923828
2022-09-22,9,2,3,1,0,1,42.10494995117188
2022-09-23,9,2,3,1,0,1,41.20319747924805
2022-09-26,9,2,3,1,0,1,40.45999526977539
2022-09-27,9,2,3,1,0,1,40.35099029541016
2022-09-28,9,2,3,1,0,1,40.98519134521485
2022-09-29,9,2,3,1,0,1,40.09334564208984
2022-09-30,9,2,3,1,0,1,40.41044235229492
2022-10-03,10,2,4,1,0,1,40.598724365234375
2022-10-04,10,2,4,1,0,1,41.34192657470703
2022-10-05,10,2,4,1,0,1,41.24282836914063
2022-10-06,10,2,4,1,0,1,40.70772552490234
2022-10-07,10,2,4,1,0,1,40.03389358520508
2022-10-10,10,2,4,1,0,1,40.47980880737305
2022-10-11,10,2,4,1,0,1,40.014068603515625
2022-10-12,10,2,4,1,0,1,40.17262268066406
2022-10-13,10,2,4,1,0,1,40.44017791748047
2022-10-14,10,2,4,1,0,1,39.9546127319336
2022-10-17,10,2,4,1,0,1,40.846458435058594
2022-10-18,10,2,4,1,0,1,40.75727462768555
2022-10-19,10,2,4,1,0,1,40.37080764770508
2022-10-20,10,2,4,1,0,1,40.767181396484375
2022-10-21,10,2,4,1,0,1,41.35183334350586
2022-10-24,10,2,4,1,0,1,41.39147567749024
2022-10-25,10,2,4,1,0,1,41.47074508666992
2022-10-26,10,2,4,1,0,1,41.88694381713867
2022-10-27,10,2,4,1,0,1,41.46083831787109
2022-10-28,10,2,4,1,0,1,41.9563102722168
2022-10-31,10,2,4,1,0,1,41.81757736206055
2022-11-01,11,2,4,1,0,1,42.03557968139648
2022-11-02,11,2,4,1,0,1,41.54011535644531
2022-11-03,11,2,4,1,0,1,41.787845611572266
2022-11-04,11,2,4,1,0,1,42.66978454589844
2022-11-07,11,2,4,1,0,1,42.719329833984375
2022-11-08,11,2,4,1,0,1,43.06615829467773
2022-11-09,11,2,4,1,0,1,42.44186782836914
2022-11-10,11,2,4,1,0,1,43.61117172241211
2022-11-11,11,2,4,1,0,1,43.6309928894043
2022-11-14,11,2,4,1,0,1,43.085975646972656
2022-11-15,11,2,4,1,0,1,43.26434326171875
2022-11-16,11,2,4,1,0,1,42.7292366027832
2022-11-17,11,2,4,1,0,1,42.55086898803711
2022-11-18,11,2,4,1,0,1,42.54096221923828
2022-11-21,11,2,4,1,0,1,42.22386169433594
2022-11-22,11,2,4,1,0,1,42.51123428344727
2022-11-23,11,2,4,1,0,1,42.45177459716797
2022-11-25,11,2,4,1,0,1,42.87788009643555
2022-11-28,11,2,4,1,0,1,42.7886962890625
2022-11-29,11,2,4,1,0,1,43.15534210205078
2022-11-30,11,2,4,1,0,1,43.83909225463867
2022-12-01,12,2,4,1,0,1,43.82918167114258
2022-12-02,12,2,4,1,0,1,43.60126495361328
2022-12-05,12,2,4,1,0,1,43.056251525878906
2022-12-06,12,2,4,1,0,1,42.74905776977539
2022-12-07,12,2,4,1,0,1,42.83824157714844
2022-12-08,12,2,4,1,0,1,42.9571533203125
2022-12-09,12,2,4,1,0,1,42.39231872558594
2022-12-12,12,2,4,1,0,1,42.5607795715332
2022-12-13,12,2,4,1,0,1,42.81842422485352
2022-12-14,12,2,4,1,0,1,42.66978454589844
2022-12-15,12,2,4,1,0,1,41.8968505859375
2022-12-16,12,2,4,1,0,1,41.81757736206055
2022-12-19,12,2,4,1,0,1,42.13467788696289
2022-12-20,12,2,4,1,0,1,42.14458465576172
2022-12-21,12,2,4,1,0,1,41.74821090698242
2022-12-22,12,2,4,1,0,1,41.30228805541992
2022-12-23,12,2,4,1,0,1,40.81672668457031
2022-12-27,12,2,4,1,0,1,41.41129302978516
2022-12-28,12,2,4,1,0,1,41.431114196777344
2022-12-29,12,2,4,1,0,1,41.84730529785156
2022-12-30,12,2,4,1,0,1,41.36174392700195
2023-01-03,1,1,1,1,0,1,41.520294189453125
2023-01-04,1,1,1,1,0,1,41.48065948486328
2023-01-05,1,1,1,1,0,1,41.18337631225586
2023-01-06,1,1,1,1,0,1,41.69866561889648
2023-01-09,1,1,1,1,0,1,41.787845611572266
2023-01-10,1,1,1,1,0,1,41.77793884277344
2023-01-11,1,1,1,1,0,1,41.80766677856445
2023-01-12,1,1,1,1,0,1,42.07522201538086
2023-01-13,1,1,1,1,0,1,42.07522201538086
2023-01-17,1,1,1,1,0,1,42.08513259887695
2023-01-18,1,1,1,1,0,1,42.07522201538086
2023-01-19,1,1,1,1,0,1,42.1247673034668
2023-01-20,1,1,1,1,0,1,42.29322814941406
2023-01-23,1,1,1,1,0,1,42.13467788696289
2023-01-24,1,1,1,1,0,1,41.74821090698242
2023-01-25,1,1,1,1,0,1,41.38156127929688
2023-01-26,1,1,1,1,0,1,41.54011535644531
2023-01-27,1,1,1,1,0,1,40.47980880737305
2023-01-30,1,1,1,1,0,1,40.41044235229492
2023-01-31,1,1,1,1,0,1,40.61854553222656
2023-02-01,2,1,1,1,0,1,39.80597305297852
2023-02-02,2,1,1,1,0,1,39.82579040527344
2023-02-03,2,1,1,1,0,1,39.69697189331055
2023-02-06,2,1,1,1,0,1,39.647422790527344
2023-02-07,2,1,1,1,0,1,39.57805633544922
2023-02-08,2,1,1,1,0,1,40.1627082824707
2023-02-09,2,1,1,1,0,1,39.905067443847656
2023-02-10,2,1,1,1,0,1,39.97443389892578
2023-02-13,2,1,1,1,0,1,39.706878662109375
2023-02-14,2,1,1,1,0,1,39.69697189331055
2023-02-15,2,1,1,1,0,1,40.113162994384766
2023-02-16,2,1,1,1,0,1,40.09334564208984
2023-02-17,2,1,1,1,0,1,39.9546127319336
2023-02-21,2,1,1,1,0,1,39.50869369506836
2023-02-22,2,1,1,1,0,1,38.97358703613281
2023-02-23,2,1,1,1,0,1,39.04294967651367
2023-02-24,2,1,1,1,0,1,38.63666534423828
2023-02-27,2,1,1,1,0,1,38.63666534423828
2023-02-28,2,1,1,1,0,1,38.448387145996094
2023-03-01,3,1,1,1,0,1,38.85467147827149
2023-03-02,3,1,1,1,0,1,38.99340438842773
2023-03-03,3,1,1,1,0,1,39.7266960144043
2023-03-06,3,1,1,1,0,1,39.82579040527344
2023-03-07,3,1,1,1,0,1,39.498783111572266
2023-03-08,3,1,1,1,0,1,39.86542892456055
2023-03-09,3,1,1,1,0,1,39.231231689453125
2023-03-10,3,1,1,1,0,1,38.98349380493164
2023-03-13,3,1,1,1,0,1,38.36911392211914
2023-03-14,3,1,1,1,0,1,38.51774978637695
2023-03-15,3,1,1,1,0,1,37.695274353027344
2023-03-16,3,1,1,1,0,1,38.34929656982422
2023-03-17,3,1,1,1,0,1,38.03219604492188
2023-03-20,3,1,1,1,0,1,38.20065307617188
2023-03-21,3,1,1,1,0,1,38.279930114746094
2023-03-22,3,1,1,1,0,1,38.18083572387695
2023-03-23,3,1,1,1,0,1,38.36911392211914
2023-03-24,3,1,1,1,0,1,38.20065307617188
2023-03-27,3,1,1,1,0,1,38.29975128173828
2023-03-28,3,1,1,1,0,1,38.0520133972168
2023-03-29,3,1,1,1,0,1,38.30965805053711
2023-03-30,3,1,1,1,0,1,38.4880256652832
2023-03-31,3,1,1,1,0,1,39.00331497192383
2023-04-03,4,1,2,1,0,1,39.132137298583984
2023-04-04,4,1,2,1,0,1,39.24113845825195
2023-04-05,4,1,2,1,0,1,39.33031845092773
2023-04-06,4,1,2,1,0,1,39.58796691894531
2023-04-10,4,1,2,1,0,1,39.56814956665039
2023-04-11,4,1,2,1,0,1,39.706878662109375
2023-04-12,4,1,2,1,0,1,39.83570098876953
2023-04-13,4,1,2,1,0,1,39.98434066772461
2023-04-14,4,1,2,1,0,1,39.79606246948242
2023-04-17,4,1,2,1,0,1,39.65733337402344
2023-04-18,4,1,2,1,0,1,39.57805633544922
2023-04-19,4,1,2,1,0,1,39.44923400878906
2023-04-20,4,1,2,1,0,1,39.498783111572266
2023-04-21,4,1,2,1,0,1,39.51860427856445
2023-04-24,4,1,2,1,0,1,39.82579040527344
2023-04-25,4,1,2,1,0,1,39.647422790527344
2023-04-26,4,1,2,1,0,1,39.8951530456543
2023-04-27,4,1,2,1,0,1,40.38071823120117
2023-04-28,4,1,2,1,0,1,40.74736404418945
2023-05-01,5,1,2,1,0,1,40.74736404418945
2023-05-02,5,1,2,1,0,1,40.68790817260742
2023-05-03,5,1,2,1,0,1,40.54917144775391
2023-05-04,5,1,2,1,0,1,40.88609313964844
2023-05-05,5,1,2,1,0,1,41.02482986450195
2023-05-08,5,1,2,1,0,1,41.15364837646485
2023-05-09,5,1,2,1,0,1,41.09419250488281
2023-05-10,5,1,2,1,0,1,41.33201599121094
2023-05-11,5,1,2,1,0,1,41.08428192138672
2023-05-12,5,1,2,1,0,1,40.94554901123047
2023-05-15,5,1,2,1,0,1,41.282470703125
2023-05-16,5,1,2,1,0,1,40.91582489013672
2023-05-17,5,1,2,1,0,1,40.85636901855469
2023-05-18,5,1,2,1,0,1,40.55908584594727
2023-05-19,5,1,2,1,0,1,40.50954055786133
2023-05-22,5,1,2,1,0,1,40.88609313964844
2023-05-23,5,1,2,1,0,1,40.75727462768555
2023-05-24,5,1,2,1,0,1,40.81672668457031
2023-05-25,5,1,2,1,0,1,41.03473663330078
2023-05-26,5,1,2,1,0,1,41.63920593261719
2023-05-30,5,1,2,1,0,1,41.431114196777344
2023-05-31,5,1,2,1,0,1,41.32210922241211
2023-06-01,6,1,2,1,0,1,41.74821090698242
2023-06-02,6,1,2,1,0,1,41.8968505859375
2023-06-05,6,1,2,1,0,1,41.77793884277344
2023-06-06,6,1,2,1,0,1,41.87702941894531
2023-06-07,6,1,2,1,0,1,42.02595901489258
2023-06-08,6,1,2,1,0,1,41.92667388916016
2023-06-09,6,1,2,1,0,1,41.80753707885742
2023-06-12,6,1,2,1,0,1,41.97631454467773
2023-06-13,6,1,2,1,0,1,42.3337287902832
2023-06-14,6,1,2,1,0,1,42.47272109985352
2023-06-15,6,1,2,1,0,1,42.70106887817383
2023-06-16,6,1,2,1,0,1,42.82020950317383
2023-06-20,6,1,2,1,0,1,42.70106887817383
2023-06-21,6,1,2,1,0,1,42.77056884765625
2023-06-22,6,1,2,1,0,1,42.65142822265625
2023-06-23,6,1,2,1,0,1,42.27416229248047
2023-06-26,6,1,2,1,0,1,42.46279525756836
2023-06-27,6,1,2,1,0,1,42.71099853515625
2023-06-28,6,1,2,1,0,1,43.03862762451172
2023-06-29,6,1,2,1,0,1,43.02870178222656
2023-06-30,6,1,2,1,0,1,43.38611602783203
2023-07-03,7,2,3,1,0,1,43.47547149658203
2023-07-05,7,2,3,1,0,1,43.45561218261719
2023-07-06,7,2,3,1,0,1,43.2669792175293
2023-07-07,7,2,3,1,0,1,43.28683090209961
2023-07-10,7,2,3,1,0,1,43.34640121459961
2023-07-11,7,2,3,1,0,1,43.654178619384766
2023-07-12,7,2,3,1,0,1,43.94209289550781
2023-07-13,7,2,3,1,0,1,43.85273742675781
2023-07-14,7,2,3,1,0,1,43.94209289550781
2023-07-17,7,2,3,1,0,1,44.23994064331055
2023-07-18,7,2,3,1,0,1,44.21015167236328
2023-07-19,7,2,3,1,0,1,44.32929229736328
2023-07-20,7,2,3,1,0,1,44.230010986328125
2023-07-21,7,2,3,1,0,1,44.04137420654297
2023-07-24,7,2,3,1,0,1,44.21015167236328
2023-07-25,7,2,3,1,0,1,44.1902961730957
2023-07-26,7,2,3,1,0,1,44.35907745361328
2023-07-27,7,2,3,1,0,1,43.91230773925781
2023-07-28,7,2,3,1,0,1,44.18037033081055
2023-07-31,7,2,3,1,0,1,44.4384994506836
2023-08-01,8,2,3,1,0,1,44.1605110168457
2023-08-02,8,2,3,1,0,1,43.39604187011719
2023-08-03,8,2,3,1,0,1,43.28683090209961
2023-08-04,8,2,3,1,0,1,43.7137451171875
2023-08-07,8,2,3,1,0,1,43.87259292602539
2023-08-08,8,2,3,1,0,1,43.61446380615234
2023-08-09,8,2,3,1,0,1,43.6243896484375
2023-08-10,8,2,3,1,0,1,43.55489349365234
2023-08-11,8,2,3,1,0,1,43.30669021606445
2023-08-14,8,2,3,1,0,1,43.15776824951172
2023-08-15,8,2,3,1,0,1,42.91949081420898
2023-08-16,8,2,3,1,0,1,43.04855728149414
2023-08-17,8,2,3,1,0,1,42.88970565795898
2023-08-18,8,2,3,1,0,1,43.018775939941406
2023-08-21,8,2,3,1,0,1,43.28683090209961
2023-08-22,8,2,3,1,0,1,43.19747924804688
2023-08-23,8,2,3,1,0,1,43.87259292602539
2023-08-24,8,2,3,1,0,1,43.45561218261719
2023-08-25,8,2,3,1,0,1,43.445682525634766
2023-08-28,8,2,3,1,0,1,43.564823150634766
2023-08-29,8,2,3,1,0,1,43.87259292602539
2023-08-30,8,2,3,1,0,1,43.813026428222656
2023-08-31,8,2,3,1,0,1,43.654178619384766
2023-09-01,9,2,3,1,0,1,43.92223739624024
2023-09-05,9,2,3,1,0,1,44.03144454956055
2023-09-06,9,2,3,1,0,1,43.85273742675781
2023-09-07,9,2,3,1,0,1,44.230010986328125
2023-09-08,9,2,3,1,0,1,44.69663619995117
2023-09-11,9,2,3,1,0,1,45.13347244262695
2023-09-12,9,2,3,1,0,1,44.73634719848633
2023-09-13,9,2,3,1,0,1,44.78598785400391
2023-09-14,9,2,3,1,0,1,44.92498016357422
2023-09-15,9,2,3,1,0,1,44.79591369628906
2023-09-18,9,2,3,1,0,1,44.84555435180664
2023-09-19,9,2,3,1,0,1,44.67677688598633
2023-09-20,9,2,3,1,0,1,44.5576400756836
2023-09-21,9,2,3,1,0,1,44.13072967529297
2023-09-22,9,2,3,1,0,1,44.1605110168457
2023-09-25,9,2,3,1,0,1,44.3094367980957
2023-09-26,9,2,3,1,0,1,44.00166320800781
2023-09-27,9,2,3,1,0,1,44.26972198486328
2023-09-28,9,2,3,1,0,1,43.93216323852539
2023-09-29,9,2,3,1,0,1,43.902381896972656
2023-10-02,10,2,4,1,0,1,43.89245223999024
2023-10-03,10,2,4,1,0,1,43.63431930541992
2023-10-04,10,2,4,1,0,1,43.55489349365234
2023-10-05,10,2,4,1,0,1,43.842811584472656
2023-10-06,10,2,4,1,0,1,44.259796142578125
2023-10-09,10,2,4,1,0,1,43.7733154296875
2023-10-10,10,2,4,1,0,1,44.26972198486328
2023-10-11,10,2,4,1,0,1,44.35907745361328
2023-10-12,10,2,4,1,0,1,44.00166320800781
2023-10-13,10,2,4,1,0,1,44.140655517578125
2023-10-16,10,2,4,1,0,1,44.4384994506836
2023-10-17,10,2,4,1,0,1,44.448429107666016
2023-10-18,10,2,4,1,0,1,43.902381896972656
2023-10-19,10,2,4,1,0,1,44.01159286499024
2023-10-20,10,2,4,1,0,1,43.66410446166992
2023-10-23,10,2,4,1,0,1,43.30669021606445
2023-10-24,10,2,4,1,0,1,43.43575668334961
2023-10-25,10,2,4,1,0,1,42.93934631347656
2023-10-26,10,2,4,1,0,1,42.42308044433594
2023-10-27,10,2,4,1,0,1,42.65142822265625
2023-10-30,10,2,4,1,0,1,43.018775939941406
2023-10-31,10,2,4,1,0,1,42.929420471191406
2023-11-01,11,2,4,1,0,1,43.08827209472656
2023-11-02,11,2,4,1,0,1,43.51518249511719
2023-11-03,11,2,4,1,0,1,43.8328857421875
2023-11-06,11,2,4,1,0,1,43.87259292602539
2023-11-07,11,2,4,1,0,1,43.89245223999024
2023-11-08,11,2,4,1,0,1,44.01159286499024
2023-11-09,11,2,4,1,0,1,43.72367477416992
2023-11-10,11,2,4,1,0,1,44.170440673828125
2023-11-13,11,2,4,1,0,1,44.1009407043457
2023-11-14,11,2,4,1,0,1,44.75620651245117
2023-11-15,11,2,4,1,0,1,44.61720657348633
2023-11-16,11,2,4,1,0,1,44.65692138671875
2023-11-17,11,2,4,1,0,1,44.72641754150391
2023-11-20,11,2,4,1,0,1,44.72641754150391
2023-11-21,11,2,4,1,0,1,44.73634719848633
2023-11-22,11,2,4,1,0,1,44.88526916503906
2023-11-24,11,2,4,1,0,1,44.86540985107422
2023-11-27,11,2,4,1,0,1,44.76613235473633
2023-11-28,11,2,4,1,0,1,45.16326141357422
2023-11-29,11,2,4,1,0,1,45.30225372314453
2023-11-30,11,2,4,1,0,1,45.689453125
2023-12-01,12,2,4,1,0,1,46.06672286987305
2023-12-04,12,2,4,1,0,1,46.503562927246094
2023-12-05,12,2,4,1,0,1,46.93047332763672
2023-12-06,12,2,4,1,0,1,46.99996948242188
2023-12-07,12,2,4,1,0,1,47.11910629272461
2023-12-08,12,2,4,1,0,1,46.97018814086914
2023-12-11,12,2,4,1,0,1,47.21839141845703
2023-12-12,12,2,4,1,0,1,47.0396842956543
2023-12-13,12,2,4,1,0,1,47.615516662597656
2023-12-14,12,2,4,1,0,1,48.00271224975586
2023-12-15,12,2,4,1,0,1,47.95307540893555
2023-12-18,12,2,4,1,0,1,48.11192321777344
2023-12-19,12,2,4,1,0,1,48.370059967041016
2023-12-20,12,2,4,1,0,1,47.05953979492188
2023-12-21,12,2,4,1,0,1,47.81407928466797
2023-12-22,12,2,4,1,0,1,48.01264572143555
2023-12-26,12,2,4,1,0,1,48.18142318725586
2023-12-27,12,2,4,1,0,1,48.48919677734375
2023-12-28,12,2,4,1,0,1,48.66790390014648
2023-12-29,12,2,4,1,0,1,48.45941162109375
2024-01-02,1,1,1,1,0,1,48.32041549682617
2024-01-03,1,1,1,1,0,1,48.24099349975586
2024-01-04,1,1,1,1,0,1,48.65797424316406
2024-01-05,1,1,1,1,0,1,48.73740005493164
2024-01-08,1,1,1,1,0,1,48.73740005493164
2024-01-09,1,1,1,1,0,1,48.499122619628906
2024-01-10,1,1,1,1,0,1,48.79697036743164
2024-01-11,1,1,1,1,0,1,48.8366813659668
2024-01-12,1,1,1,1,0,1,49.60115051269531
2024-01-16,1,1,1,1,0,1,49.04517364501953
2024-01-17,1,1,1,1,0,1,48.479270935058594
2024-01-18,1,1,1,1,0,1,48.72747421264648
2024-01-19,1,1,1,1,0,1,49.23381042480469
2024-01-22,1,1,1,1,0,1,49.41251754760742
2024-01-23,1,1,1,1,0,1,48.330345153808594
2024-01-24,1,1,1,1,0,1,48.84661102294922
2024-01-25,1,1,1,1,0,1,48.75725555419922
2024-01-26,1,1,1,1,0,1,48.8366813659668
2024-01-29,1,1,1,1,0,1,49.62100601196289
2024-01-30,1,1,1,1,0,1,49.164310455322266
2024-01-31,1,1,1,1,0,1,49.53165435791016
2024-02-01,2,1,1,1,0,1,49.86921310424805
2024-02-02,2,1,1,1,0,1,50.01813507080078
2024-02-05,2,1,1,1,0,1,49.75007629394531
2024-02-06,2,1,1,1,0,1,50.415260314941406
2024-02-07,2,1,1,1,0,1,50.52447128295898
2024-02-08,2,1,1,1,0,1,50.13727188110352
2024-02-09,2,1,1,1,0,1,50.35569381713867
2024-02-12,2,1,1,1,0,1,49.91884994506836
2024-02-13,2,1,1,1,0,1,49.61108016967773
2024-02-14,2,1,1,1,0,1,50.44504928588867
2024-02-15,2,1,1,1,0,1,50.71310806274414
2024-02-16,2,1,1,1,0,1,50.83224487304688
2024-02-20,2,1,1,1,0,1,51.18965911865234
2024-02-21,2,1,1,1,0,1,50.8123893737793
2024-02-22,2,1,1,1,0,1,51.358436584472656
2024-02-23,2,1,1,1,0,1,51.42793273925781
2024-02-26,2,1,1,1,0,1,51.18965911865234
2024-02-27,2,1,1,1,0,1,51.259159088134766
2024-02-28,2,1,1,1,0,1,50.69325256347656
2024-02-29,2,1,1,1,0,1,50.79253387451172
2024-03-01,3,1,1,1,0,1,51.54707336425781
2024-03-04,3,1,1,1,0,1,51.53714370727539
2024-03-05,3,1,1,1,0,1,51.3485107421875
2024-03-06,3,1,1,1,0,1,51.73571014404297
2024-03-07,3,1,1,1,0,1,51.9144172668457
2024-03-08,3,1,1,1,0,1,51.90448760986328
2024-03-11,3,1,1,1,0,1,51.52721786499024
2024-03-12,3,1,1,1,0,1,51.3187255859375
2024-03-13,3,1,1,1,0,1,50.06777572631836
2024-03-14,3,1,1,1,0,1,50.34576416015625
2024-03-15,3,1,1,1,0,1,50.15713119506836
2024-03-18,3,1,1,1,0,1,50.33583831787109
2024-03-19,3,1,1,1,0,1,49.77985763549805
2024-03-20,3,1,1,1,0,1,50.05784606933594
2024-03-21,3,1,1,1,0,1,50.16705703735352
2024-03-22,3,1,1,1,0,1,50.12734603881836
2024-03-25,3,1,1,1,0,1,50.17698669433594
2024-03-26,3,1,1,1,0,1,50.39540481567383
2024-03-27,3,1,1,1,0,1,50.7230339050293
2024-03-28,3,1,1,1,0,1,51.21944427490234
2024-04-01,4,1,2,1,0,1,51.12016296386719
2024-04-02,4,1,2,1,0,1,51.199588775634766
2024-04-03,4,1,2,1,0,1,51.30879592895508
2024-04-04,4,1,2,1,0,1,51.199588775634766
2024-04-05,4,1,2,1,0,1,51.64635467529297
2024-04-08,4,1,2,1,0,1,52.00376892089844
2024-04-09,4,1,2,1,0,1,52.0434799194336
2024-04-10,4,1,2,1,0,1,51.84492111206055
2024-04-11,4,1,2,1,0,1,51.97398376464844
2024-04-12,4,1,2,1,0,1,51.298866271972656
2024-04-15,4,1,2,1,0,1,50.89181137084961
2024-04-16,4,1,2,1,0,1,50.7826042175293
2024-04-17,4,1,2,1,0,1,50.60389709472656
2024-04-18,4,1,2,1,0,1,50.70317840576172
2024-04-19,4,1,2,1,0,1,50.96131134033203
2024-04-22,4,1,2,1,0,1,51.51728820800781
2024-04-23,4,1,2,1,0,1,51.63642501831055
2024-04-24,4,1,2,1,0,1,51.63642501831055
2024-04-25,4,1,2,1,0,1,51.9144172668457
2024-04-26,4,1,2,1,0,1,51.94419860839844
2024-04-29,4,1,2,1,0,1,52.15269088745117
2024-04-30,4,1,2,1,0,1,51.97398376464844
2024-05-01,5,1,2,1,0,1,52.03355407714844
2024-05-02,5,1,2,1,0,1,52.59946060180664
2024-05-03,5,1,2,1,0,1,52.35125350952149
2024-05-06,5,1,2,1,0,1,51.993839263916016
2024-05-07,5,1,2,1,0,1,51.53714370727539
2024-05-08,5,1,2,1,0,1,51.64635467529297
2024-05-09,5,1,2,1,0,1,51.199588775634766
2024-05-10,5,1,2,1,0,1,51.00102233886719
2024-05-13,5,1,2,1,0,1,51.3485107421875
2024-05-14,5,1,2,1,0,1,51.775421142578125
2024-05-15,5,1,2,1,0,1,51.954132080078125
2024-05-16,5,1,2,1,0,1,52.15269088745117
2024-05-17,5,1,2,1,0,1,52.58953094482422
2024-05-20,5,1,2,1,0,1,52.73845291137695
2024-05-21,5,1,2,1,0,1,52.82780838012695
2024-05-22,5,1,2,1,0,1,52.90723419189453
2024-05-23,5,1,2,1,0,1,53.42350006103516
2024-05-24,5,1,2,1,0,1,53.6816291809082
2024-05-28,5,1,2,1,0,1,53.17529678344727
2024-05-29,5,1,2,1,0,1,52.89730453491211
2024-05-30,5,1,2,1,0,1,52.64909744262695
2024-05-31,5,1,2,1,0,1,52.629241943359375
2024-06-03,6,1,2,1,0,1,54.40638732910156
2024-06-04,6,1,2,1,0,1,51.09037780761719
2024-06-05,6,1,2,1,0,1,52.73845291137695
2024-06-06,6,1,2,1,0,1,52.97673034667969
2024-06-07,6,1,2,1,0,1,53.60220718383789
2024-06-10,6,1,2,1,0,1,53.76105880737305
2024-06-11,6,1,2,1,0,1,53.87026596069336
2024-06-12,6,1,2,1,0,1,54.277320861816406
2024-06-13,6,1,2,1,0,1,54.207820892333984
2024-06-14,6,1,2,1,0,1,54.77372741699219
2024-06-17,6,1,2,1,0,1,54.853153228759766
2024-06-18,6,1,2,1,0,1,55.11128616333008
2024-06-20,6,1,2,1,0,1,54.5553092956543
2024-06-21,6,1,2,1,0,1,54.297176361083984
2024-06-24,6,1,2,1,0,1,54.73401641845703
2024-06-25,6,1,2,1,0,1,54.78365707397461
2024-06-26,6,1,2,1,0,1,54.82337188720703
2024-06-27,6,1,2,1,0,1,55.39920425415039
2024-06-28,6,1,2,1,0,1,55.37934494018555
2024-07-01,7,2,3,1,0,1,55.77647399902344
2024-07-02,7,2,3,1,0,1,55.766544342041016
2024-07-03,7,2,3,1,0,1,56.00482177734375
2024-07-05,7,2,3,1,0,1,56.253028869628906
2024-07-08,7,2,3,1,0,1,56.223243713378906
2024-07-09,7,2,3,1,0,1,56.4416618347168
2024-07-10,7,2,3,1,0,1,56.33245468139648
2024-07-11,7,2,3,1,0,1,56.48137283325195
2024-07-12,7,2,3,1,0,1,56.66008377075195
2024-07-15,7,2,3,1,0,1,56.74943542480469
2024-07-16,7,2,3,1,0,1,56.947998046875
2024-07-17,7,2,3,1,0,1,56.67993927001953
2024-07-18,7,2,3,1,0,1,56.73950958251953
2024-07-19,7,2,3,1,0,1,55.77647399902344
2024-07-22,7,2,3,1,0,1,56.223243713378906
2024-07-23,7,2,3,1,0,1,55.34956359863281
2024-07-24,7,2,3,1,0,1,55.0616455078125
2024-07-25,7,2,3,1,0,1,55.36941909790039
2024-07-26,7,2,3,1,0,1,56.4118766784668
2024-07-29,7,2,3,1,0,1,56.43173599243164
2024-07-30,7,2,3,1,0,1,56.45159149169922
2024-07-31,7,2,3,1,0,1,57.007568359375
2024-08-01,8,2,3,1,0,1,56.38209533691406
2024-08-02,8,2,3,1,0,1,55.855899810791016
2024-08-05,8,2,3,1,0,1,54.46595764160156
2024-08-06,8,2,3,1,0,1,54.67444610595703
2024-08-07,8,2,3,1,0,1,54.86308288574219
2024-08-08,8,2,3,1,0,1,55.36941909790039
2024-08-09,8,2,3,1,0,1,55.389278411865234
2024-08-12,8,2,3,1,0,1,55.270137786865234
2024-08-13,8,2,3,1,0,1,55.131141662597656
2024-08-14,8,2,3,1,0,1,54.9722900390625
2024-08-15,8,2,3,1,0,1,55.46870040893555
2024-08-16,8,2,3,1,0,1,55.965110778808594
2024-08-19,8,2,3,1,0,1,56.084251403808594
2024-08-20,8,2,3,1,0,1,56.18352890014648
2024-08-21,8,2,3,1,0,1,56.51115798950195
2024-08-22,8,2,3,1,0,1,56.37216567993164
2024-08-23,8,2,3,1,0,1,56.670013427734375
2024-08-26,8,2,3,1,0,1,56.77922058105469
2024-08-27,8,2,3,1,0,1,56.75936126708984
2024-08-28,8,2,3,1,0,1,56.73950958251953
2024-08-29,8,2,3,1,0,1,56.858646392822266
2024-08-30,8,2,3,1,0,1,57.30541610717773
2024-09-03,9,2,3,1,0,1,56.86857223510742
2024-09-04,9,2,3,1,0,1,57.13663482666016
2024-09-05,9,2,3,1,0,1,56.828861236572266
2024-09-06,9,2,3,1,0,1,56.104103088378906
2024-09-09,9,2,3,1,0,1,56.54094314575195
2024-09-10,9,2,3,1,0,1,56.63029861450195
2024-09-11,9,2,3,1,0,1,56.71965408325195
2024-09-12,9,2,3,1,0,1,57.345123291015625
2024-09-13,9,2,3,1,0,1,57.434478759765625
2024-09-16,9,2,3,1,0,1,57.71247100830078
2024-09-17,9,2,3,1,0,1,57.5436897277832
2024-09-18,9,2,3,1,0,1,57.24584579467773
2024-09-19,9,2,3,1,0,1,57.69261169433594
2024-09-20,9,2,3,1,0,1,58.31808853149414
2024-09-23,9,2,3,1,0,1,58.73506927490234
2024-09-24,9,2,3,1,0,1,58.46701049804688
2024-09-25,9,2,3,1,0,1,58.51665115356445
2024-09-26,9,2,3,1,0,1,58.774784088134766
2024-09-27,9,2,3,1,0,1,58.70528793334961
2024-09-30,9,2,3,1,0,1,58.10959243774414
2024-10-01,10,2,4,1,0,1,57.76211166381836
2024-10-02,10,2,4,1,0,1,57.59333038330078
2024-10-03,10,2,4,1,0,1,56.918216705322266
2024-10-04,10,2,4,1,0,1,56.68986511230469
2024-10-07,10,2,4,1,0,1,55.66726303100586
2024-10-08,10,2,4,1,0,1,56.670013427734375
2024-10-09,10,2,4,1,0,1,56.92814254760742
2024-10-10,10,2,4,1,0,1,56.68986511230469
2024-10-11,10,2,4,1,0,1,56.77922058105469
2024-10-14,10,2,4,1,0,1,56.90828704833984
2024-10-15,10,2,4,1,0,1,56.59058380126953
2024-10-16,10,2,4,1,0,1,56.64022445678711
2024-10-17,10,2,4,1,0,1,55.935325622558594
2024-10-18,10,2,4,1,0,1,56.15374755859375
2024-10-21,10,2,4,1,0,1,55.77647399902344
2024-10-22,10,2,4,1,0,1,55.190711975097656
2024-10-23,10,2,4,1,0,1,55.0616455078125
2024-10-24,10,2,4,1,0,1,55.01200485229492
2024-10-25,10,2,4,1,0,1,54.31703186035156
2024-10-28,10,2,4,1,0,1,54.77372741699219
2024-10-29,10,2,4,1,0,1,54.84322738647461
2024-10-30,10,2,4,1,0,1,54.59502410888672
2024-10-31,10,2,4,1,0,1,54.42624282836914
2024-11-01,11,2,4,1,0,1,54.46595764160156
2024-11-04,11,2,4,1,0,1,53.90997695922852
2024-11-05,11,2,4,1,0,1,54.356746673583984
2024-11-06,11,2,4,1,0,1,54.74394607543945
2024-11-07,11,2,4,1,0,1,54.54537963867188
2024-11-08,11,2,4,1,0,1,53.96954727172852
2024-11-11,11,2,4,1,0,1,54.14825439453125
2024-11-12,11,2,4,1,0,1,53.42350006103516
2024-11-13,11,2,4,1,0,1,52.88737869262695
2024-11-14,11,2,4,1,0,1,53.01644515991211
2024-11-15,11,2,4,1,0,1,52.6391716003418
2024-11-18,11,2,4,1,0,1,52.88737869262695
2024-11-19,11,2,4,1,0,1,53.18522262573242
2024-11-20,11,2,4,1,0,1,53.24479293823242
2024-11-21,11,2,4,1,0,1,52.80794906616211
2024-11-22,11,2,4,1,0,1,53.84048080444336
2024-11-25,11,2,4,1,0,1,54.48581314086914
2024-11-26,11,2,4,1,0,1,54.31703186035156
2024-11-27,11,2,4,1,0,1,54.4957389831543
2024-11-29,11,2,4,1,0,1,54.38652801513672
2024-12-02,12,2,4,1,0,1,54.47588348388672
2024-12-03,12,2,4,1,0,1,54.68437957763672
2024-12-04,12,2,4,1,0,1,54.77372741699219
2024-12-05,12,2,4,1,0,1,55.37934494018555
2024-12-06,12,2,4,1,0,1,55.270137786865234
2024-12-09,12,2,4,1,0,1,55.1510009765625
2024-12-10,12,2,4,1,0,1,55.11128616333008
2024-12-11,12,2,4,1,0,1,55.31977844238281
2024-12-12,12,2,4,1,0,1,54.902793884277344
2024-12-13,12,2,4,1,0,1,55.16093063354492
2024-12-16,12,2,4,1,0,1,55.1510009765625
2024-12-17,12,2,4,1,0,1,54.56999969482422
2024-12-18,12,2,4,1,0,1,53.59000015258789
2024-12-19,12,2,4,1,0,1,53.77000045776367
2024-12-20,12,2,4,1,0,1,53.41999816894531
2024-12-23,12,2,4,1,0,1,53.27000045776367
2024-12-24,12,2,4,1,0,1,53.38999938964844
2024-12-26,12,2,4,1,0,1,53.25
2024-12-27,12,2,4,1,0,1,53.09999847412109
2024-12-30,12,2,4,1,0,1,52.650001525878906
2024-12-31,12,2,4,1,0,1,52.63999938964844
2025-01-02,1,1,1,1,0,1,53.400001525878906
2025-01-03,1,1,1,1,0,1,53.369998931884766
2025-01-06,1,1,1,1,0,1,52.63999938964844
2025-01-07,1,1,1,1,0,1,52.43000030517578
2025-01-08,1,1,1,1,0,1,52.33000183105469
2025-01-10,1,1,1,1,0,1,51.209999084472656
2025-01-13,1,1,1,1,0,1,50.650001525878906
2025-01-14,1,1,1,1,0,1,50.93000030517578
2025-01-15,1,1,1,1,0,1,51.27999877929688
2025-01-16,1,1,1,1,0,1,51.04999923706055
2025-01-17,1,1,1,1,0,1,51.18000030517578
2025-01-21,1,1,1,1,1,1,50.83000183105469
2025-01-22,1,1,1,1,1,1,50.619998931884766
2025-01-23,1,1,1,1,1,1,51.09000015258789
2025-01-24,1,1,1,1,1,1,50.68000030517578
2025-01-27,1,1,1,1,1,1,50.09000015258789
2025-01-28,1,1,1,1,1,1,50.16999816894531
2025-01-29,1,1,1,1,1,1,50.52000045776367
2025-01-30,1,1,1,1,1,1,50.95000076293945
2025-01-31,1,1,1,1,1,1,50.9900016784668
2025-02-03,2,1,1,1,1,1,50.900001525878906
2025-02-04,2,1,1,1,1,1,51.43000030517578
2025-02-05,2,1,1,1,1,1,51.27999877929688
2025-02-06,2,1,1,1,1,1,50.84999847412109
2025-02-07,2,1,1,1,1,1,50.5
2025-02-10,2,1,1,1,1,1,50.58000183105469
2025-02-11,2,1,1,1,1,1,50.13999938964844
2025-02-12,2,1,1,1,1,1,49.79999923706055
2025-02-13,2,1,1,1,1,1,50.38999938964844
2025-02-14,2,1,1,1,1,1,49.59000015258789
2025-02-18,2,1,1,1,1,1,49.58000183105469
2025-02-19,2,1,1,1,1,1,49.7599983215332
2025-02-20,2,1,1,1,1,1,50.08000183105469
2025-02-21,2,1,1,1,1,1,49.29999923706055
2025-02-24,2,1,1,1,1,1,49.2599983215332
2025-02-25,2,1,1,1,1,1,49.25
2025-02-26,2,1,1,1,1,1,49.02000045776367
2025-02-27,2,1,1,1,1,1,48.54999923706055
2025-02-28,2,1,1,1,1,1,48.09999847412109
2025-03-03,3,1,1,1,1,1,47.79999923706055
2025-03-04,3,1,1,1,1,1,47.84999847412109
2025-03-05,3,1,1,1,1,1,48.93000030517578
2025-03-06,3,1,1,1,1,1,48.93999862670898
2025-03-07,3,1,1,1,1,1,49.08000183105469
2025-03-10,3,1,1,1,1,1,48.36000061035156
2025-03-11,3,1,1,1,1,1,48.65999984741211
2025-03-12,3,1,1,1,1,1,48.72999954223633
2025-03-13,3,1,1,1,1,1,48.5099983215332
2025-03-14,3,1,1,1,1,1,48.90999984741211
2025-03-17,3,1,1,1,1,1,49.43999862670898
2025-03-18,3,1,1,1,1,1,49.880001068115234
2025-03-19,3,1,1,1,1,1,50.61000061035156
2025-03-20,3,1,1,1,1,1,50.7599983215332
2025-03-21,3,1,1,1,1,1,51.470001220703125
2025-03-24,3,1,1,1,1,1,52.119998931884766
2025-03-25,3,1,1,1,1,1,52.040000915527344
2025-03-26,3,1,1,1,1,1,51.400001525878906
2025-03-27,3,1,1,1,1,1,51.790000915527344
2025-03-28,3,1,1,1,1,1,51.27999877929688
2025-03-31,3,1,1,1,1,1,51.47999954223633
2025-04-01,4,1,2,1,1,1,51.04999923706055
2025-04-02,4,1,2,1,1,1,51.560001373291016
2025-04-03,4,1,2,1,1,1,51.18000030517578
2025-04-04,4,1,2,1,1,1,49.18999862670898
2025-04-07,4,1,2,1,1,1,49.130001068115234
2025-04-08,4,1,2,1,1,1,49.15999984741211
2025-04-09,4,1,2,1,1,1,51.220001220703125
2025-04-10,4,1,2,1,1,1,50.52000045776367
2025-04-11,4,1,2,1,1,1,50.7599983215332
2025-04-14,4,1,2,1,1,1,51.02999877929688
2025-04-15,4,1,2,1,1,1,51.130001068115234
2025-04-16,4,1,2,1,1,1,51.130001068115234
2025-04-17,4,1,2,1,1,1,52.2599983215332
2025-04-21,4,1,2,1,1,1,53.0
2025-04-22,4,1,2,1,1,1,53.5
2025-04-23,4,1,2,1,1,1,53.18000030517578
2025-04-24,4,1,2,1,1,1,53.7400016784668
2025-04-25,4,1,2,1,1,1,52.84999847412109
2025-04-28,4,1,2,1,1,1,53.290000915527344
2025-04-29,4,1,2,1,1,1,53.540000915527344
2025-04-30,4,1,2,1,1,1,53.56999969482422
2025-05-01,5,1,2,1,1,1,53.540000915527344
2025-05-02,5,1,2,1,1,1,53.90999984741211
2025-05-05,5,1,2,1,1,1,54.31999969482422
2025-05-06,5,1,2,1,1,1,53.68000030517578
2025-05-07,5,1,2,1,1,1,53.220001220703125
2025-05-08,5,1,2,1,1,1,51.540000915527344
2025-05-09,5,1,2,1,1,1,52.38999938964844
2025-05-12,5,1,2,1,1,1,54.31999969482422
2025-05-13,5,1,2,1,1,1,54.0099983215332
2025-05-14,5,1,2,1,1,1,53.970001220703125
2025-05-15,5,1,2,1,1,1,54.77000045776367
2025-05-16,5,1,2,1,1,1,54.65999984741211
2025-05-19,5,1,2,1,1,1,54.77999877929688
2025-05-20,5,1,2,1,1,1,54.06999969482422
2025-05-21,5,1,2,1,1,1,54.02999877929688
2025-05-22,5,1,2,1,1,1,53.790000915527344
2025-05-23,5,1,2,1,1,1,54.58000183105469
2025-05-27,5,1,2,1,1,1,54.52999877929688
2025-05-28,5,1,2,1,1,1,54.290000915527344
2025-05-29,5,1,2,1,1,1,54.59000015258789
2025-05-30,5,1,2,1,1,1,54.310001373291016
2025-06-02,6,1,2,1,1,1,54.540000915527344
2025-06-03,6,1,2,1,1,1,53.959999084472656
2025-06-04,6,1,2,1,1,1,53.91999816894531
2025-06-05,6,1,2,1,1,1,54.18000030517578
2025-06-06,6,1,2,1,1,1,54.90999984741211
2025-06-09,6,1,2,1,1,1,55.2400016784668
2025-06-10,6,1,2,1,1,1,55.2599983215332
2025-06-11,6,1,2,1,1,1,55.33000183105469
2025-06-12,6,1,2,1,1,1,54.79999923706055
2025-06-13,6,1,2,1,1,1,54.040000915527344
2025-06-16,6,1,2,1,1,1,54.560001373291016
2025-06-17,6,1,2,1,1,1,53.83000183105469
2025-06-18,6,1,2,1,1,1,53.790000915527344
2025-06-20,6,1,2,1,1,1,53.900001525878906
2025-06-23,6,1,2,1,1,1,54.310001373291016
2025-06-24,6,1,2,1,1,1,54.79999923706055
2025-06-25,6,1,2,1,1,1,55.0
2025-06-26,6,1,2,1,1,1,55.709999084472656
2025-06-27,6,1,2,1,1,1,55.86000061035156
2025-06-30,6,1,2,1,1,1,55.68000030517578
2025-07-01,7,2,3,1,1,1,55.84000015258789
2025-07-02,7,2,3,1,1,1,55.59999847412109
2025-07-03,7,2,3,1,1,1,55.790000915527344
